Employee ID,Employee Full Name,Email ID,Gender,Employee Start Date,Employee End Date,Last Promotion Date,Probation Completed,Years of Service,Internal Transfers,Years Since Promotion,Region,Country,State,City,Reporting Manager Name,Manager Email ID,Business Unit,Department,Cost Center ID,Age,DOB,Exit Type,Exit Reason,Employment Type,Employment Status,Job Satisfaction,Work-Life Balance,Manager Satisfaction,Career Growth Satisfaction,Attrition,Exit Survey Completed,Tenure Years,Is Active,Is Leaver,New Hire (Last 12M),Has Internal Transfer,Age Group,Tenure Bucket,Job Level,Risk Score,Risk Band
EMP0001,Sophie Joshi,sophie.joshi@deloitte.com,Female,2013-07-27,,2014-03-28,Yes,13,2,12,Oceania,Australia,Victoria,Melbourne,Lucy Reddy,lucy.reddy@deloitte.com,Consulting,Strategy & Operations - Customer Strategy,CC-CON-259,55,1971-07-27,,,Full Time,Active,3,4,4,3,No,No,13, TRUE ,FALSE,FALSE,TRUE,55+,11+ yrs,Senior Manager,2,Low
EMP0002,Leo Lee,leo.lee@deloitte.com,Male,2002-04-12,,2002-12-06,Yes,24,4,24,Oceania,Australia,Western Australia,Perth,Oliver Lee,oliver.lee@deloitte.com,Consulting,Technology & Transformation - Data & AI,CC-CON-807,52,1973-12-07,,,Full Time,Active,5,4,5,4,No,No,24, TRUE ,FALSE,FALSE,TRUE,45-54,11+ yrs,Director/Partner,2,Low
EMP0003,Emily Wilson,emily.wilson@deloitte.com,Female,2005-11-13,2011-07-19,,Yes,6,0,6,Asia,India,Karnataka,Bengaluru,Vikram Green,vikram.green@deloitte.com,Audit & Assurance,External Audit - Consumer Audit,CC-AUD-125,40,1986-02-03,Involuntary,Position Eliminated,Contractor,Inactive,1,4,4,2,Yes,Yes,6, FALSE ,TRUE,FALSE,FALSE,35-44,6-10 yrs,Manager,6,High
EMP0004,Ruby White,ruby.white@deloitte.com,Female,2021-02-10,,2023-04-26,Yes,5,1,3,Oceania,Australia,Victoria,Melbourne,Jacob Smith,jacob.smith@deloitte.com,Tax & Legal,Legal - Regulatory,CC-TAX-621,45,1980-08-20,,,Full Time,Active,3,5,4,5,No,No,5, TRUE ,FALSE,FALSE,TRUE,45-54,3-5 yrs,Manager,0,Low
EMP0005,Amelia Clark,amelia.clark@deloitte.com,Female,2001-09-18,,2016-04-11,Yes,25,3,10,Oceania,Australia,Victoria,Melbourne,Adam Adams,adam.adams@deloitte.com,Consulting,Strategy & Operations - Customer Strategy,CC-CON-803,58,1967-12-14,,,Full Time,Active,4,4,4,3,No,No,25, TRUE ,FALSE,FALSE,TRUE,55+,11+ yrs,Director/Partner,2,Low
EMP0006,Charlotte Sharma,charlotte.sharma@deloitte.com,Female,2005-08-03,,2015-03-29,Yes,21,5,11,Oceania,Australia,New South Wales,Sydney,Ella Patel,ella.patel@deloitte.com,Audit & Assurance,Risk Advisory - Internal Audit,CC-AUD-661,60,1966-01-08,,,Full Time,Active,5,3,3,4,No,No,21, TRUE ,FALSE,FALSE,TRUE,55+,11+ yrs,Director/Partner,2,Low
EMP0007,Arjun Mehta,arjun.mehta@deloitte.com,Male,2009-08-02,,,Yes,17,4,17,Oceania,Australia,Victoria,Melbourne,Mia Garcia,mia.garcia@deloitte.com,Audit & Assurance,Risk Advisory - Technology Risk,CC-AUD-925,49,1977-03-15,,,Full Time,Active,3,1,3,3,No,No,17, TRUE ,FALSE,FALSE,TRUE,45-54,11+ yrs,Senior Manager,4,Medium
EMP0008,Oliver Mehta,oliver.mehta@deloitte.com,Male,2025-10-27,,,Yes,1,1,1,Oceania,Australia,Victoria,Melbourne,Liam Martin,liam.martin@deloitte.com,Audit & Assurance,External Audit - Public Sector Audit,CC-AUD-630,47,1979-06-19,,,Full Time,Active,4,4,5,2,No,No,1, TRUE ,FALSE,TRUE,TRUE,45-54,1-2 yrs,Analyst,1,Low
EMP0009,Nisha Chen,nisha.chen@deloitte.com,Female,2014-03-26,,,Yes,12,2,12,Oceania,Australia,Western Australia,Perth,Amelia Chen,amelia.chen@deloitte.com,Enabling Areas,Technology - IT Operations,CC-ENA-960,56,1970-06-01,,,Contractor,Active,4,4,4,4,No,No,12, TRUE ,FALSE,FALSE,TRUE,55+,11+ yrs,Senior Manager,2,Low
EMP0010,Isla Baker,isla.baker@deloitte.com,Female,2015-06-26,,2018-07-27,Yes,11,5,8,Oceania,Australia,New South Wales,Sydney,Henry Joshi,henry.joshi@deloitte.com,Audit & Assurance,Risk Advisory - Internal Audit,CC-AUD-888,36,1989-12-18,,,Full Time,Active,4,4,5,4,No,No,11, TRUE ,FALSE,FALSE,TRUE,35-44,11+ yrs,Senior Manager,2,Low
EMP0011,Ava Reddy,ava.reddy@deloitte.com,Female,2023-04-04,,,Yes,3,0,3,Oceania,Australia,New South Wales,Sydney,Michael Clark,michael.clark@deloitte.com,Tax & Legal,Legal - Regulatory,CC-TAX-269,40,1986-02-16,,,Contractor,Active,5,5,5,4,No,No,3, TRUE ,FALSE,FALSE,FALSE,35-44,3-5 yrs,Consultant,0,Low
EMP0012,Matthew Park,matthew.park@deloitte.com,Male,2003-10-07,,2005-05-20,Yes,23,4,21,Oceania,Australia,Victoria,Melbourne,Charlotte Patel,charlotte.patel@deloitte.com,Enabling Areas,Technology - IT Operations,CC-ENA-581,63,1962-08-14,,,Full Time,Active,1,4,5,3,No,No,23, TRUE ,FALSE,FALSE,TRUE,55+,11+ yrs,Director/Partner,4,Medium
EMP0013,Nathan Wilson,nathan.wilson@deloitte.com,Male,2023-01-12,,2026-03-06,Yes,4,0,0,Oceania,Australia,Victoria,Melbourne,Rohan Gupta,rohan.gupta@deloitte.com,Consulting,Technology & Transformation - Enterprise Applications,CC-CON-210,22,2003-12-05,,,Full Time,Active,4,5,4,5,No,No,4, TRUE ,FALSE,FALSE,FALSE,<25,3-5 yrs,Consultant,1,Low
EMP0014,Ruby Lewis,ruby.lewis@deloitte.com,Female,2026-06-08,,,No,0,0,0,Oceania,Australia,New South Wales,Sydney,Georgia Anderson,georgia.anderson@deloitte.com,Tax & Legal,Business Tax - Global Employer Services,CC-TAX-763,25,2001-05-31,,,Full Time,Active,3,5,5,2,No,No,0, TRUE ,FALSE,TRUE,FALSE,25-34,<1 yr,Analyst,1,Low
EMP0015,Samuel Mehta,samuel.mehta@deloitte.com,Male,2018-02-15,,2024-08-26,Yes,8,1,2,Oceania,Australia,Victoria,Melbourne,Lily Sharma,lily.sharma@deloitte.com,Tax & Legal,Legal - Commercial Advisory,CC-TAX-868,30,1996-03-10,,,Full Time,Active,4,4,3,1,No,No,8, TRUE ,FALSE,FALSE,TRUE,25-34,6-10 yrs,Manager,1,Low
EMP0016,James Tran,james.tran@deloitte.com,Male,2015-11-10,,2019-06-13,Yes,11,4,7,Oceania,Australia,New South Wales,Sydney,Vikram Green,vikram.green@deloitte.com,Enabling Areas,Marketing - Digital Marketing,CC-ENA-911,34,1992-01-29,,,Full Time,Active,1,3,3,3,No,No,11, TRUE ,FALSE,FALSE,TRUE,25-34,11+ yrs,Senior Manager,4,Medium
EMP0017,Rahul Nguyen,rahul.nguyen@deloitte.com,Male,2015-06-03,,2023-10-17,Yes,11,4,3,Oceania,Australia,Western Australia,Perth,Michael Chen,michael.chen@deloitte.com,Audit & Assurance,External Audit - Financial Services Audit,CC-AUD-856,56,1970-04-29,,,Full Time,Active,4,4,5,4,No,No,11, TRUE ,FALSE,FALSE,TRUE,55+,11+ yrs,Senior Manager,0,Low
EMP0018,Zoe Lewis,zoe.lewis@deloitte.com,Female,2012-12-24,2025-01-15,2014-06-29,Yes,12,2,11,Oceania,Australia,New South Wales,Sydney,Isla Wong,isla.wong@deloitte.com,Consulting,Strategy & Operations - Operations Excellence,CC-CON-580,39,1986-11-25,Involuntary,Performance Issues,Full Time,Inactive,2,2,5,2,Yes,Yes,12, FALSE ,TRUE,FALSE,TRUE,35-44,11+ yrs,Senior Manager,7,High
EMP0019,Matthew Taylor,matthew.taylor@deloitte.com,Male,2026-05-26,2026-07-10,,No,0,0,0,Oceania,Australia,New South Wales,Sydney,Mia King,mia.king@deloitte.com,Tax & Legal,Legal - Employment Law,CC-TAX-682,30,1995-10-16,Voluntary,Better Career Opportunity,Contractor,Inactive,3,3,4,4,Yes,Yes,0, FALSE ,TRUE,TRUE,FALSE,25-34,<1 yr,Analyst,0,Low
EMP0020,Sophie Kim,sophie.kim@deloitte.com,Female,2018-10-26,,2019-09-04,Yes,8,1,7,Asia,India,Karnataka,Bengaluru,Laura Anderson,laura.anderson@deloitte.com,Audit & Assurance,Risk Advisory - Technology Risk,CC-AUD-657,25,2000-10-20,,,Full Time,Active,3,2,3,2,No,No,8, TRUE ,FALSE,FALSE,TRUE,25-34,6-10 yrs,Manager,5,Medium
EMP0021,Maya Adams,maya.adams@deloitte.com,Female,2012-12-11,,2022-06-19,Yes,14,4,4,Oceania,Australia,New South Wales,Sydney,Emily Harris,emily.harris@deloitte.com,Tax & Legal,Business Tax - Corporate Tax,CC-TAX-334,59,1967-05-19,,,Full Time,Active,5,5,4,5,No,No,14, TRUE ,FALSE,FALSE,TRUE,55+,11+ yrs,Senior Manager,2,Low
EMP0022,Morgan Park,morgan.park@deloitte.com,Non-binary,2026-02-02,,,No,0,0,0,Oceania,Australia,New South Wales,Sydney,Emily Harris,emily.harris@deloitte.com,Consulting,Technology & Transformation - Enterprise Applications,CC-CON-521,23,2002-10-29,,,Full Time,Active,4,3,5,4,No,No,0, TRUE ,FALSE,TRUE,FALSE,<25,<1 yr,Analyst,0,Low
EMP0023,Kiran Thomas,kiran.thomas@deloitte.com,Male,2017-06-04,,,Yes,9,2,9,Oceania,Australia,New South Wales,Sydney,Mia Nair,mia.nair@deloitte.com,Enabling Areas,Marketing - Brand & Communications,CC-ENA-308,41,1984-12-08,,,Full Time,Active,3,2,3,5,No,No,9, TRUE ,FALSE,FALSE,TRUE,35-44,6-10 yrs,Manager,4,Medium
EMP0024,Liam Martinez,liam.martinez@deloitte.com,Male,2012-02-12,2021-05-07,2013-11-17,Yes,9,2,7,Oceania,Australia,New South Wales,Sydney,Amelia Thompson,amelia.thompson@deloitte.com,Enabling Areas,Marketing - Digital Marketing,CC-ENA-349,36,1990-07-30,Voluntary,Better Salary,Full Time,Inactive,2,1,2,3,Yes,Yes,9, FALSE ,TRUE,FALSE,TRUE,35-44,6-10 yrs,Manager,7,High
EMP0025,Joshua Gupta,joshua.gupta@deloitte.com,Male,2014-04-06,,2025-09-26,Yes,12,3,1,Oceania,Australia,New South Wales,Sydney,Emily Harris,emily.harris@deloitte.com,Audit & Assurance,External Audit - Public Sector Audit,CC-AUD-492,42,1984-04-16,,,Full Time,Active,3,4,2,4,No,No,12, TRUE ,FALSE,FALSE,TRUE,35-44,11+ yrs,Senior Manager,1,Low
EMP0026,Jacob Kumar,jacob.kumar@deloitte.com,Male,2006-10-28,2018-03-03,,Yes,11,3,11,Oceania,Australia,Victoria,Melbourne,Matthew Lewis,matthew.lewis@deloitte.com,Enabling Areas,Finance - Financial Planning,CC-ENA-580,45,1981-07-06,Voluntary,Better Career Opportunity,Full Time,Inactive,4,2,3,2,Yes,Yes,11, FALSE ,TRUE,FALSE,TRUE,45-54,11+ yrs,Senior Manager,5,Medium
EMP0027,Arjun Tran,arjun.tran@deloitte.com,Male,2003-01-26,,2013-10-07,Yes,24,3,13,Oceania,Australia,New South Wales,Sydney,Aisha Tran,aisha.tran@deloitte.com,Tax & Legal,Business Tax - Corporate Tax,CC-TAX-432,55,1970-08-19,,,Full Time,Active,4,3,3,2,No,No,24, TRUE ,FALSE,FALSE,TRUE,55+,11+ yrs,Director/Partner,3,Medium
EMP0028,Matthew Clark,matthew.clark@deloitte.com,Male,2014-08-01,,2026-03-27,Yes,12,4,0,Oceania,Australia,Victoria,Melbourne,Hannah Martinez,hannah.martinez@deloitte.com,Enabling Areas,Technology - Information Security,CC-ENA-659,31,1994-10-29,,,Full Time,Active,3,3,3,4,No,No,12, TRUE ,FALSE,FALSE,TRUE,25-34,11+ yrs,Senior Manager,0,Low
EMP0029,Rohan Wright,rohan.wright@deloitte.com,Male,2008-12-07,,2017-12-24,Yes,18,3,9,Oceania,Australia,Queensland,Brisbane,Ella Kim,ella.kim@deloitte.com,Consulting,Strategy & Operations - Customer Strategy,CC-CON-896,50,1976-01-02,,,Contractor,Active,4,1,4,3,No,No,18, TRUE ,FALSE,FALSE,TRUE,45-54,11+ yrs,Director/Partner,4,Medium
EMP0030,Thomas Hall,thomas.hall@deloitte.com,Male,2009-10-28,,2026-06-26,Yes,17,4,0,Oceania,Australia,Victoria,Melbourne,Laura Anderson,laura.anderson@deloitte.com,Enabling Areas,People & Culture - People Operations,CC-ENA-473,59,1967-01-28,,,Full Time,Active,4,2,3,4,No,No,17, TRUE ,FALSE,FALSE,TRUE,55+,11+ yrs,Senior Manager,2,Low
EMP0031,Emily Wong,emily.wong@deloitte.com,Female,2022-10-27,,,Yes,4,0,4,Oceania,Australia,Victoria,Melbourne,Ruby Iyer,ruby.iyer@deloitte.com,Audit & Assurance,External Audit - Public Sector Audit,CC-AUD-841,44,1982-04-29,,,Contractor,Active,4,3,5,4,No,No,4, TRUE ,FALSE,FALSE,FALSE,35-44,3-5 yrs,Consultant,3,Medium
EMP0032,Meera Smith,meera.smith@deloitte.com,Female,2010-02-03,,2023-09-11,Yes,16,5,3,Oceania,Australia,Queensland,Brisbane,Oliver Lee,oliver.lee@deloitte.com,Tax & Legal,Business Tax - Global Employer Services,CC-TAX-164,37,1989-05-02,,,Full Time,Active,4,3,4,4,No,No,16, TRUE ,FALSE,FALSE,TRUE,35-44,11+ yrs,Senior Manager,0,Low
EMP0033,Mia Wilson,mia.wilson@deloitte.com,Female,2006-11-12,,2017-07-13,Yes,20,4,9,Oceania,Australia,Western Australia,Perth,Lucy Reddy,lucy.reddy@deloitte.com,Enabling Areas,People & Culture - Learning & Development,CC-ENA-730,40,1986-04-10,,,Full Time,Active,3,5,1,3,No,No,20, TRUE ,FALSE,FALSE,TRUE,35-44,11+ yrs,Director/Partner,3,Medium
EMP0034,Chloe Singh,chloe.singh@deloitte.com,Female,2021-08-25,,2024-05-16,Yes,5,1,2,Oceania,Australia,Victoria,Melbourne,Grace Lewis,grace.lewis@deloitte.com,Consulting,Technology & Transformation - Enterprise Applications,CC-CON-349,27,1999-07-18,,,Full Time,Active,5,4,3,4,No,No,5, TRUE ,FALSE,FALSE,TRUE,25-34,3-5 yrs,Manager,0,Low
EMP0035,Matthew Young,matthew.young@deloitte.com,Male,2026-05-25,,,No,0,0,0,Oceania,Australia,Queensland,Brisbane,Hannah Iyer,hannah.iyer@deloitte.com,Audit & Assurance,External Audit - Consumer Audit,CC-AUD-908,35,1991-01-16,,,Full Time,Active,4,4,1,3,No,No,0, TRUE ,FALSE,TRUE,FALSE,35-44,<1 yr,Analyst,1,Low
EMP0036,Aisha Chen,aisha.chen@deloitte.com,Female,2020-12-30,,,Yes,6,1,6,Oceania,Australia,Queensland,Brisbane,Rahul Hall,rahul.hall@deloitte.com,Enabling Areas,People & Culture - Talent Acquisition,CC-ENA-590,28,1997-09-02,,,Full Time,Active,5,3,2,4,No,No,6, TRUE ,FALSE,FALSE,TRUE,25-34,6-10 yrs,Manager,3,Medium
EMP0037,Sienna Thomas,sienna.thomas@deloitte.com,Female,2010-01-28,,2022-11-13,Yes,17,4,4,Oceania,Australia,New South Wales,Sydney,Meera Martin,meera.martin@deloitte.com,Consulting,Strategy & Operations - Customer Strategy,CC-CON-998,41,1985-06-08,,,Full Time,Active,4,4,3,3,No,No,17, TRUE ,FALSE,FALSE,TRUE,35-44,11+ yrs,Senior Manager,2,Low
EMP0038,Priya Mehta,priya.mehta@deloitte.com,Female,2004-04-06,,2026-02-21,Yes,22,3,0,Oceania,Australia,Victoria,Melbourne,Lucas Taylor,lucas.taylor@deloitte.com,Tax & Legal,Business Tax - Global Employer Services,CC-TAX-161,46,1980-02-29,,,Full Time,Active,4,4,3,2,No,No,22, TRUE ,FALSE,FALSE,TRUE,45-54,11+ yrs,Director/Partner,1,Low
EMP0039,Charlotte Iyer,charlotte.iyer@deloitte.com,Female,2023-06-23,,2025-10-22,Yes,3,1,1,Oceania,Australia,Victoria,Melbourne,Charlotte Patel,charlotte.patel@deloitte.com,Enabling Areas,People & Culture - People Operations,CC-ENA-773,24,2001-12-26,,,Full Time,Active,5,3,3,4,No,No,3, TRUE ,FALSE,FALSE,TRUE,<25,3-5 yrs,Consultant,0,Low
EMP0040,Priya Reddy,priya.reddy@deloitte.com,Female,2023-08-17,,2025-11-22,Yes,3,1,1,Oceania,Australia,Victoria,Melbourne,Sarah Tran,sarah.tran@deloitte.com,Tax & Legal,Business Tax - Corporate Tax,CC-TAX-259,21,2004-11-01,,,Full Time,Active,3,4,4,3,No,No,3, TRUE ,FALSE,FALSE,TRUE,<25,3-5 yrs,Consultant,0,Low
EMP0041,Daniel Martinez,daniel.martinez@deloitte.com,Male,2012-04-02,,2015-03-26,Yes,14,5,11,Oceania,Australia,New South Wales,Sydney,Charlotte Iyer,charlotte.iyer@deloitte.com,Consulting,Technology & Transformation - Data & AI,CC-CON-408,49,1977-03-01,,,Full Time,Active,5,4,4,3,No,No,14, TRUE ,FALSE,FALSE,TRUE,45-54,11+ yrs,Senior Manager,2,Low
EMP0042,Kavya Iyer,kavya.iyer@deloitte.com,Female,2020-04-11,,2024-09-27,Yes,6,3,2,Asia,India,Telangana,Hyderabad,Jessica Thompson,jessica.thompson@deloitte.com,Enabling Areas,Marketing - Client Experience,CC-ENA-755,32,1993-10-06,,,Full Time,Active,4,2,1,3,No,No,6, TRUE ,FALSE,FALSE,TRUE,25-34,6-10 yrs,Manager,3,Medium
EMP0043,Ethan Mehta,ethan.mehta@deloitte.com,Male,2019-08-04,2026-04-11,,Yes,7,2,7,Oceania,Australia,Victoria,Melbourne,Grace Lewis,grace.lewis@deloitte.com,Consulting,Strategy & Operations - Customer Strategy,CC-CON-298,44,1981-09-15,Involuntary,End of Contract,Contractor,Inactive,4,2,3,4,Yes,Yes,7, FALSE ,TRUE,FALSE,TRUE,35-44,6-10 yrs,Manager,4,Medium
EMP0044,Laura Walker,laura.walker@deloitte.com,Female,2007-12-12,,,Yes,19,4,19,Asia,Singapore,Singapore,Singapore,Emily Harris,emily.harris@deloitte.com,Tax & Legal,Business Tax - Indirect Tax,CC-TAX-169,62,1963-09-08,,,Contractor,Active,4,4,4,4,No,No,19, TRUE ,FALSE,FALSE,TRUE,55+,11+ yrs,Director/Partner,2,Low
EMP0045,Isla Adams,isla.adams@deloitte.com,Female,2001-09-08,,2006-03-25,Yes,25,4,20,Asia,India,Telangana,Hyderabad,Isla Tran,isla.tran@deloitte.com,Audit & Assurance,Risk Advisory - Regulatory Risk,CC-AUD-587,50,1976-03-19,,,Full Time,Active,4,5,4,4,No,No,25, TRUE ,FALSE,FALSE,TRUE,45-54,11+ yrs,Director/Partner,2,Low
EMP0046,Alexander Thomas,alexander.thomas@deloitte.com,Male,2007-09-28,,,Yes,19,4,19,Oceania,Australia,Western Australia,Perth,Mia Wong,mia.wong@deloitte.com,Consulting,Strategy & Operations - Customer Strategy,CC-CON-442,53,1973-06-27,,,Full Time,Active,2,2,4,3,No,No,19, TRUE ,FALSE,FALSE,TRUE,45-54,11+ yrs,Director/Partner,6,High
EMP0047,Benjamin Martinez,benjamin.martinez@deloitte.com,Male,2015-11-11,2019-11-12,2018-07-20,Yes,4,2,1,Oceania,Australia,Victoria,Melbourne,Oliver Kim,oliver.kim@deloitte.com,Consulting,Strategy & Operations - Customer Strategy,CC-CON-533,30,1996-01-18,Voluntary,Job Not Meeting Expectations,Full Time,Inactive,1,1,2,5,Yes,Yes,4, FALSE ,TRUE,FALSE,TRUE,25-34,3-5 yrs,Consultant,5,Medium
EMP0048,Isla Baker,isla.baker2@deloitte.com,Female,2025-12-03,,,Yes,1,0,1,Oceania,Australia,Victoria,Melbourne,Aisha Tran,aisha.tran@deloitte.com,Audit & Assurance,Risk Advisory - Technology Risk,CC-AUD-520,27,1999-04-17,,,Full Time,Active,3,4,5,4,No,No,1, TRUE ,FALSE,TRUE,FALSE,25-34,1-2 yrs,Analyst,0,Low
EMP0049,Jacob Joshi,jacob.joshi@deloitte.com,Male,2014-09-06,,2019-07-11,Yes,12,3,7,Oceania,Australia,New South Wales,Sydney,Hannah Kim,hannah.kim@deloitte.com,Enabling Areas,Finance - Financial Planning,CC-ENA-920,35,1991-05-01,,,Full Time,Active,4,5,2,3,No,No,12, TRUE ,FALSE,FALSE,TRUE,35-44,11+ yrs,Senior Manager,3,Medium
EMP0050,Lucy White,lucy.white@deloitte.com,Female,2012-10-14,,2024-10-16,Yes,14,4,2,Oceania,Australia,New South Wales,Sydney,Hannah Iyer,hannah.iyer@deloitte.com,Enabling Areas,People & Culture - Learning & Development,CC-ENA-614,54,1971-10-03,,,Full Time,Active,3,3,2,3,No,No,14, TRUE ,FALSE,FALSE,TRUE,45-54,11+ yrs,Senior Manager,1,Low
EMP0051,Zoe Sharma,zoe.sharma@deloitte.com,Female,2014-08-14,,2018-03-22,Yes,12,2,8,Oceania,Australia,Victoria,Melbourne,Mia Hall,mia.hall@deloitte.com,Enabling Areas,People & Culture - Learning & Development,CC-ENA-343,30,1995-10-10,,,Full Time,Active,3,1,4,4,No,No,12, TRUE ,FALSE,FALSE,TRUE,25-34,11+ yrs,Senior Manager,4,Medium
EMP0052,Zoe Tran,zoe.tran@deloitte.com,Female,2000-09-26,,2014-04-18,Yes,26,5,12,Oceania,Australia,Victoria,Melbourne,Nathan Sharma,nathan.sharma@deloitte.com,Consulting,Strategy & Operations - Customer Strategy,CC-CON-619,59,1967-05-02,,,Full Time,Active,4,4,1,5,No,No,26, TRUE ,FALSE,FALSE,TRUE,55+,11+ yrs,Director/Partner,3,Medium
EMP0053,Meera Singh,meera.singh@deloitte.com,Female,2014-08-08,,2017-06-02,Yes,12,3,9,Oceania,Australia,South Australia,Adelaide,Samuel Singh,samuel.singh@deloitte.com,Enabling Areas,Marketing - Client Experience,CC-ENA-286,37,1988-08-09,,,Full Time,Active,5,2,4,3,No,No,12, TRUE ,FALSE,FALSE,TRUE,35-44,11+ yrs,Senior Manager,4,Medium
EMP0054,Mia Lewis,mia.lewis@deloitte.com,Female,2026-03-30,,,No,0,0,0,Oceania,Australia,Victoria,Melbourne,Amelia Mehta,amelia.mehta@deloitte.com,Tax & Legal,Legal - Commercial Advisory,CC-TAX-918,23,2003-01-09,,,Full Time,Active,3,5,4,5,No,No,0, TRUE ,FALSE,TRUE,FALSE,<25,<1 yr,Analyst,0,Low
EMP0055,Sophie Tran,sophie.tran@deloitte.com,Female,2023-04-17,2025-10-02,2025-06-21,Yes,2,1,0,Oceania,Australia,Victoria,Melbourne,Isla Tran,isla.tran@deloitte.com,Enabling Areas,Finance - Commercial Finance,CC-ENA-554,52,1974-02-05,Involuntary,Misconduct,Full Time,Inactive,2,1,4,2,Yes,Yes,2, FALSE ,TRUE,FALSE,TRUE,45-54,1-2 yrs,Consultant,5,Medium
EMP0056,Oliver Nair,oliver.nair@deloitte.com,Male,2007-06-19,2021-03-04,,Yes,14,5,14,Asia,India,Karnataka,Bengaluru,Ava Thomas,ava.thomas@deloitte.com,Audit & Assurance,Risk Advisory - Internal Audit,CC-AUD-480,44,1982-04-20,Voluntary,Better Career Opportunity,Contractor,Inactive,2,1,1,2,Yes,Yes,14, FALSE ,TRUE,FALSE,TRUE,35-44,11+ yrs,Senior Manager,8,High
EMP0057,Sophie Tran,sophie.tran2@deloitte.com,Female,2025-03-12,,,Yes,1,0,1,Oceania,Australia,Victoria,Melbourne,Ruby Iyer,ruby.iyer@deloitte.com,Enabling Areas,Finance - Commercial Finance,CC-ENA-555,54,1972-02-15,,,Full Time,Active,5,4,5,5,No,No,1, TRUE ,FALSE,FALSE,FALSE,45-54,1-2 yrs,Analyst,0,Low
EMP0058,Alexander Anderson,alexander.anderson@deloitte.com,Male,2013-01-09,,,Yes,14,3,14,Oceania,Australia,Victoria,Melbourne,Oscar Lopez,oscar.lopez@deloitte.com,Audit & Assurance,Risk Advisory - Technology Risk,CC-AUD-469,56,1970-05-05,,,Contractor,Active,4,3,5,4,No,No,14, TRUE ,FALSE,FALSE,TRUE,55+,11+ yrs,Senior Manager,2,Low
EMP0059,Oliver Anderson,oliver.anderson@deloitte.com,Male,2020-03-16,,,Yes,6,1,6,Oceania,Australia,Queensland,Brisbane,Michael Wright,michael.wright@deloitte.com,Audit & Assurance,External Audit - Financial Services Audit,CC-AUD-543,40,1986-02-20,,,Full Time,Active,4,5,5,4,No,No,6, TRUE ,FALSE,FALSE,TRUE,35-44,6-10 yrs,Manager,2,Low
EMP0060,Sophie Patel,sophie.patel@deloitte.com,Female,2020-09-09,,,Yes,6,1,6,Oceania,Australia,New South Wales,Sydney,Meera Green,meera.green@deloitte.com,Audit & Assurance,External Audit - Public Sector Audit,CC-AUD-739,35,1991-01-25,,,Contractor,Active,4,4,5,4,No,No,6, TRUE ,FALSE,FALSE,TRUE,35-44,6-10 yrs,Manager,2,Low
EMP0061,Liam Thomas,liam.thomas@deloitte.com,Male,2025-10-16,,,Yes,1,0,1,Asia,India,Karnataka,Bengaluru,Lucas Wong,lucas.wong@deloitte.com,Audit & Assurance,Risk Advisory - Internal Audit,CC-AUD-564,23,2003-06-25,,,Full Time,Active,2,2,4,3,No,No,1, TRUE ,FALSE,TRUE,FALSE,<25,1-2 yrs,Analyst,4,Medium
EMP0062,Laura Walker,laura.walker2@deloitte.com,Female,2018-07-05,2022-09-29,,Yes,4,3,4,Oceania,Australia,Victoria,Melbourne,Michael Clark,michael.clark@deloitte.com,Enabling Areas,Finance - Financial Planning,CC-ENA-933,41,1985-01-11,Voluntary,Dissatisfied with Manager,Contractor,Inactive,2,3,2,3,Yes,Yes,4, FALSE ,TRUE,FALSE,TRUE,35-44,3-5 yrs,Consultant,5,Medium
EMP0063,Oliver Nair,oliver.nair2@deloitte.com,Male,2010-10-19,,2022-05-23,Yes,16,4,4,Oceania,Australia,Victoria,Melbourne,Oscar Lopez,oscar.lopez@deloitte.com,Tax & Legal,Legal - Employment Law,CC-TAX-474,53,1973-03-23,,,Full Time,Active,2,2,4,3,No,No,16, TRUE ,FALSE,FALSE,TRUE,45-54,11+ yrs,Senior Manager,6,High
EMP0064,Meera Lee,meera.lee@deloitte.com,Female,2012-07-18,,2015-12-04,Yes,14,2,11,Oceania,Australia,Western Australia,Perth,Laura Harris,laura.harris@deloitte.com,Enabling Areas,People & Culture - Talent Acquisition,CC-ENA-139,49,1977-05-09,,,Full Time,Active,2,3,4,3,No,No,14, TRUE ,FALSE,FALSE,TRUE,45-54,11+ yrs,Senior Manager,4,Medium
EMP0065,Michael Thompson,michael.thompson@deloitte.com,Male,2017-09-18,,2021-07-24,Yes,9,0,5,Oceania,Australia,New South Wales,Sydney,Charlotte Wong,charlotte.wong@deloitte.com,Tax & Legal,Legal - Regulatory,CC-TAX-212,41,1985-06-10,,,Full Time,Active,5,4,4,4,No,No,9, TRUE ,FALSE,FALSE,FALSE,35-44,6-10 yrs,Manager,3,Medium
EMP0066,Liam Martinez,liam.martinez2@deloitte.com,Male,2025-12-12,,,Yes,1,0,1,Oceania,Australia,Queensland,Brisbane,Ava Thomas,ava.thomas@deloitte.com,Consulting,Technology & Transformation - Data & AI,CC-CON-551,51,1974-12-14,,,Full Time,Active,3,2,4,3,No,No,1, TRUE ,FALSE,TRUE,FALSE,45-54,1-2 yrs,Analyst,2,Low
EMP0067,Luke Nguyen,luke.nguyen@deloitte.com,Male,2022-02-08,,,Yes,4,0,4,Oceania,Australia,New South Wales,Sydney,Mia Wong,mia.wong@deloitte.com,Tax & Legal,Legal - Commercial Advisory,CC-TAX-352,24,2002-07-28,,,Full Time,Active,3,3,5,5,No,No,4, TRUE ,FALSE,FALSE,FALSE,<25,3-5 yrs,Consultant,3,Medium
EMP0068,Alexander Young,alexander.young@deloitte.com,Male,2021-07-10,,,Yes,5,1,5,Oceania,Australia,South Australia,Adelaide,Mia Lee,mia.lee@deloitte.com,Audit & Assurance,Risk Advisory - Technology Risk,CC-AUD-394,52,1974-01-10,,,Full Time,Active,5,2,5,4,No,No,5, TRUE ,FALSE,FALSE,TRUE,45-54,3-5 yrs,Manager,4,Medium
EMP0069,Lucas Lewis,lucas.lewis@deloitte.com,Male,2025-03-18,2026-02-26,,Yes,1,0,1,Oceania,Australia,Victoria,Melbourne,Ethan Anderson,ethan.anderson@deloitte.com,Enabling Areas,People & Culture - People Operations,CC-ENA-889,55,1970-12-17,Voluntary,Company Culture,Full Time,Inactive,2,5,5,1,Yes,Yes,1, FALSE ,TRUE,FALSE,FALSE,55+,1-2 yrs,Analyst,3,Medium
EMP0070,Olivia Patel,olivia.patel@deloitte.com,Female,2006-10-19,2019-10-04,2008-02-16,Yes,13,2,12,Asia,Singapore,Singapore,Singapore,Georgia Adams,georgia.adams@deloitte.com,Enabling Areas,Finance - Commercial Finance,CC-ENA-993,39,1987-06-27,Voluntary,Other Personal Reasons,Contractor,Inactive,4,4,1,3,Yes,Yes,13, FALSE ,TRUE,FALSE,TRUE,35-44,11+ yrs,Senior Manager,3,Medium
EMP0071,Avery Thompson,avery.thompson@deloitte.com,Non-binary,2012-03-28,2015-12-19,,Yes,4,1,4,Oceania,Australia,Queensland,Brisbane,Charlotte Green,charlotte.green@deloitte.com,Audit & Assurance,Risk Advisory - Internal Audit,CC-AUD-627,53,1973-03-28,Voluntary,Flexibility,Full Time,Inactive,2,2,1,5,Yes,Yes,4, FALSE ,TRUE,FALSE,TRUE,45-54,3-5 yrs,Consultant,7,High
EMP0072,Nisha Green,nisha.green@deloitte.com,Female,2002-07-03,,2008-04-18,Yes,24,3,18,Oceania,Australia,Western Australia,Perth,Aisha Tran,aisha.tran@deloitte.com,Consulting,Strategy & Operations - Operations Excellence,CC-CON-476,42,1984-01-02,,,Full Time,Active,4,3,2,2,No,No,24, TRUE ,FALSE,FALSE,TRUE,35-44,11+ yrs,Director/Partner,4,Medium
EMP0073,Ethan Singh,ethan.singh@deloitte.com,Male,2024-08-20,,,Yes,2,0,2,Oceania,Australia,New South Wales,Sydney,Hannah Kim,hannah.kim@deloitte.com,Tax & Legal,Business Tax - Global Employer Services,CC-TAX-214,47,1979-07-26,,,Contractor,Active,2,4,4,4,No,No,2, TRUE ,FALSE,FALSE,FALSE,45-54,1-2 yrs,Consultant,2,Low
EMP0074,Priya Chen,priya.chen@deloitte.com,Female,2009-03-19,,,Yes,17,5,17,Oceania,Australia,New South Wales,Sydney,Mia Wong,mia.wong@deloitte.com,Tax & Legal,Business Tax - Indirect Tax,CC-TAX-360,49,1976-09-29,,,Full Time,Active,5,4,4,1,No,No,17, TRUE ,FALSE,FALSE,TRUE,45-54,11+ yrs,Senior Manager,3,Medium
EMP0075,Isla Wong,isla.wong@deloitte.com,Female,2024-12-16,,,Yes,2,0,2,Oceania,Australia,New South Wales,Sydney,Mia Wong,mia.wong@deloitte.com,Enabling Areas,Marketing - Brand & Communications,CC-ENA-799,24,2001-09-05,,,Full Time,Active,5,5,2,5,No,No,2, TRUE ,FALSE,FALSE,FALSE,<25,1-2 yrs,Consultant,1,Low
EMP0076,Jessica Nair,jessica.nair@deloitte.com,Female,2009-12-27,,,Yes,17,4,17,Oceania,Australia,New South Wales,Sydney,Mia Hall,mia.hall@deloitte.com,Tax & Legal,Business Tax - Global Employer Services,CC-TAX-883,54,1971-10-05,,,Full Time,Active,2,4,4,4,No,No,17, TRUE ,FALSE,FALSE,TRUE,45-54,11+ yrs,Senior Manager,4,Medium
EMP0077,Liam King,liam.king@deloitte.com,Male,2011-12-04,,2013-07-04,Yes,15,4,13,Oceania,Australia,Western Australia,Perth,Oscar Lopez,oscar.lopez@deloitte.com,Tax & Legal,Business Tax - Global Employer Services,CC-TAX-689,34,1991-09-04,,,Full Time,Active,3,4,4,3,No,No,15, TRUE ,FALSE,FALSE,TRUE,25-34,11+ yrs,Senior Manager,2,Low
EMP0078,Emily Chen,emily.chen@deloitte.com,Female,2015-11-20,,2024-08-15,Yes,11,2,2,Asia,India,Karnataka,Bengaluru,Jacob Kim,jacob.kim@deloitte.com,Enabling Areas,Technology - Information Security,CC-ENA-526,35,1991-02-28,,,Full Time,Active,3,3,3,4,No,No,11, TRUE ,FALSE,FALSE,TRUE,35-44,11+ yrs,Senior Manager,0,Low
EMP0079,Chloe Adams,chloe.adams@deloitte.com,Female,2015-07-06,,2017-07-04,Yes,11,5,9,Oceania,Australia,New South Wales,Sydney,Hannah Hall,hannah.hall@deloitte.com,Audit & Assurance,External Audit - Consumer Audit,CC-AUD-486,30,1996-03-25,,,Full Time,Active,4,4,5,2,No,No,11, TRUE ,FALSE,FALSE,TRUE,25-34,11+ yrs,Senior Manager,3,Medium
EMP0080,Ryan Kim,ryan.kim@deloitte.com,Male,2014-12-04,,,Yes,12,2,12,Oceania,Australia,New South Wales,Sydney,Grace Park,grace.park@deloitte.com,Audit & Assurance,Risk Advisory - Technology Risk,CC-AUD-665,34,1992-04-02,,,Contractor,Active,3,3,4,4,No,No,12, TRUE ,FALSE,FALSE,TRUE,25-34,11+ yrs,Senior Manager,2,Low
EMP0081,Ananya Lee,ananya.lee@deloitte.com,Female,2004-06-03,,2012-02-05,Yes,22,4,14,Oceania,Australia,Victoria,Melbourne,Adam Mehta,adam.mehta@deloitte.com,Enabling Areas,Technology - IT Operations,CC-ENA-300,52,1974-03-27,,,Full Time,Active,3,3,5,3,No,No,22, TRUE ,FALSE,FALSE,TRUE,45-54,11+ yrs,Director/Partner,2,Low
EMP0082,Benjamin Sharma,benjamin.sharma@deloitte.com,Male,2023-06-26,,2026-03-16,Yes,3,1,0,Asia,Singapore,Singapore,Singapore,Henry Joshi,henry.joshi@deloitte.com,Consulting,Technology & Transformation - Cyber,CC-CON-149,37,1989-04-08,,,Full Time,Active,4,3,5,3,No,No,3, TRUE ,FALSE,FALSE,TRUE,35-44,3-5 yrs,Consultant,0,Low
EMP0083,Liam Young,liam.young@deloitte.com,Male,2016-09-27,,,Yes,10,2,10,Oceania,Australia,Victoria,Melbourne,Thomas Iyer,thomas.iyer@deloitte.com,Tax & Legal,Legal - Commercial Advisory,CC-TAX-614,53,1973-03-22,,,Full Time,Active,5,4,5,5,No,No,10, TRUE ,FALSE,FALSE,TRUE,45-54,6-10 yrs,Senior Manager,2,Low
EMP0084,Zoe Chen,zoe.chen@deloitte.com,Female,2018-03-18,,2023-02-25,Yes,8,2,3,Oceania,Australia,Victoria,Melbourne,Luke Wright,luke.wright@deloitte.com,Consulting,Strategy & Operations - Customer Strategy,CC-CON-877,30,1995-12-02,,,Full Time,Active,1,3,3,3,No,No,8, TRUE ,FALSE,FALSE,TRUE,25-34,6-10 yrs,Manager,2,Low
EMP0085,Alexander Harris,alexander.harris@deloitte.com,Male,2023-02-18,,,Yes,3,0,3,Oceania,Australia,Queensland,Brisbane,Amelia Tran,amelia.tran@deloitte.com,Enabling Areas,Technology - IT Operations,CC-ENA-176,26,2000-04-12,,,Full Time,Active,4,3,4,4,No,No,3, TRUE ,FALSE,FALSE,FALSE,25-34,3-5 yrs,Consultant,0,Low
EMP0086,Georgia Patel,georgia.patel@deloitte.com,Female,2025-02-24,,,Yes,1,0,1,Oceania,Australia,Queensland,Brisbane,Isla Taylor,isla.taylor@deloitte.com,Tax & Legal,Legal - Regulatory,CC-TAX-243,22,2003-11-15,,,Full Time,Active,4,4,2,4,No,No,1, TRUE ,FALSE,FALSE,FALSE,<25,1-2 yrs,Analyst,1,Low
EMP0087,Zoe Iyer,zoe.iyer@deloitte.com,Female,2016-04-24,,2025-06-24,Yes,10,3,1,Oceania,Australia,New South Wales,Sydney,Nisha Smith,nisha.smith@deloitte.com,Enabling Areas,Finance - Commercial Finance,CC-ENA-699,35,1990-09-08,,,Full Time,Active,4,2,4,4,No,No,10, TRUE ,FALSE,FALSE,TRUE,35-44,6-10 yrs,Senior Manager,2,Low
EMP0088,Oliver Green,oliver.green@deloitte.com,Male,2017-07-23,,2018-02-09,Yes,9,3,8,Oceania,Australia,New South Wales,Sydney,Oliver Lee,oliver.lee@deloitte.com,Enabling Areas,People & Culture - Talent Acquisition,CC-ENA-191,30,1996-02-11,,,Full Time,Active,3,2,4,3,No,No,9, TRUE ,FALSE,FALSE,TRUE,25-34,6-10 yrs,Manager,4,Medium
EMP0089,Olivia Gupta,olivia.gupta@deloitte.com,Female,2025-02-05,,,Yes,1,0,1,Oceania,Australia,Victoria,Melbourne,Adam Adams,adam.adams@deloitte.com,Tax & Legal,Legal - Employment Law,CC-TAX-595,45,1980-09-13,,,Contractor,Active,4,3,5,4,No,No,1, TRUE ,FALSE,FALSE,FALSE,45-54,1-2 yrs,Analyst,0,Low
EMP0090,Ethan Lewis,ethan.lewis@deloitte.com,Male,2006-01-28,,2020-06-23,Yes,21,3,6,Oceania,Australia,Queensland,Brisbane,Charlotte Iyer,charlotte.iyer@deloitte.com,Audit & Assurance,Risk Advisory - Internal Audit,CC-AUD-717,50,1975-09-24,,,Full Time,Active,5,3,3,5,No,No,21, TRUE ,FALSE,FALSE,TRUE,45-54,11+ yrs,Director/Partner,2,Low
EMP0091,Thomas Tran,thomas.tran@deloitte.com,Male,2014-08-14,,2017-08-30,Yes,12,2,9,Oceania,Australia,Victoria,Melbourne,William Lewis,william.lewis@deloitte.com,Enabling Areas,Finance - Accounts Payable,CC-ENA-916,57,1968-12-03,,,Full Time,Active,3,4,5,4,No,No,12, TRUE ,FALSE,FALSE,TRUE,55+,11+ yrs,Senior Manager,2,Low
EMP0092,Kavya Thompson,kavya.thompson@deloitte.com,Female,2010-11-09,,2019-10-21,Yes,16,4,7,Asia,India,Karnataka,Bengaluru,Aisha Tran,aisha.tran@deloitte.com,Enabling Areas,People & Culture - Learning & Development,CC-ENA-818,61,1965-01-03,,,Full Time,Active,5,4,4,2,No,No,16, TRUE ,FALSE,FALSE,TRUE,55+,11+ yrs,Senior Manager,3,Medium
EMP0093,Benjamin Reddy,benjamin.reddy@deloitte.com,Male,2014-06-20,,2022-05-25,Yes,12,4,4,Oceania,Australia,New South Wales,Sydney,Henry Nguyen,henry.nguyen@deloitte.com,Audit & Assurance,Risk Advisory - Internal Audit,CC-AUD-500,31,1995-06-28,,,Full Time,Active,4,4,4,2,No,No,12, TRUE ,FALSE,FALSE,TRUE,25-34,11+ yrs,Senior Manager,3,Medium
EMP0094,Avery White,avery.white@deloitte.com,Non-binary,2025-10-18,2026-01-28,,No,0,0,0,Oceania,Australia,Western Australia,Perth,Isla Tran,isla.tran@deloitte.com,Tax & Legal,Business Tax - Indirect Tax,CC-TAX-145,39,1987-03-01,Involuntary,End of Contract,Contractor,Inactive,4,1,4,3,Yes,Yes,0, FALSE ,TRUE,TRUE,FALSE,35-44,<1 yr,Analyst,2,Low
EMP0095,Sophie Kim,sophie.kim2@deloitte.com,Female,2025-08-03,,,Yes,1,0,1,Asia,India,Telangana,Hyderabad,Isla Tran,isla.tran@deloitte.com,Enabling Areas,Marketing - Brand & Communications,CC-ENA-821,31,1995-01-17,,,Full Time,Active,3,3,4,4,No,No,1, TRUE ,FALSE,TRUE,FALSE,25-34,1-2 yrs,Analyst,0,Low
EMP0096,Jacob Wong,jacob.wong@deloitte.com,Male,2019-05-24,2024-12-17,2023-06-20,Yes,6,1,1,Oceania,Australia,New South Wales,Sydney,Samuel Singh,samuel.singh@deloitte.com,Tax & Legal,Business Tax - Global Employer Services,CC-TAX-237,32,1994-02-04,Voluntary,Lack of Career Progression,Full Time,Inactive,2,2,1,1,Yes,Yes,6, FALSE ,TRUE,FALSE,TRUE,25-34,6-10 yrs,Manager,6,High
EMP0097,Kavya Wong,kavya.wong@deloitte.com,Female,2024-11-21,,,Yes,2,0,2,Oceania,Australia,Victoria,Melbourne,Michael Clark,michael.clark@deloitte.com,Enabling Areas,Marketing - Client Experience,CC-ENA-603,62,1963-10-28,,,Full Time,Active,4,5,4,2,No,No,2, TRUE ,FALSE,FALSE,FALSE,55+,1-2 yrs,Consultant,1,Low
EMP0098,Lily Hall,lily.hall@deloitte.com,Female,2010-10-11,,,Yes,16,4,16,Oceania,Australia,Victoria,Melbourne,Isla Taylor,isla.taylor@deloitte.com,Tax & Legal,Business Tax - Global Employer Services,CC-TAX-551,39,1986-08-17,,,Full Time,Active,4,5,2,4,No,No,16, TRUE ,FALSE,FALSE,TRUE,35-44,11+ yrs,Senior Manager,3,Medium
EMP0099,Thomas Wilson,thomas.wilson@deloitte.com,Male,2015-08-21,2025-06-03,,Yes,10,2,10,Oceania,Australia,Western Australia,Perth,Jacob White,jacob.white@deloitte.com,Enabling Areas,Finance - Commercial Finance,CC-ENA-242,49,1976-12-13,Voluntary,No Work-Life Balance,Contractor,Inactive,4,1,4,3,Yes,Yes,10, FALSE ,TRUE,FALSE,TRUE,45-54,6-10 yrs,Senior Manager,4,Medium
EMP0100,Thomas Park,thomas.park@deloitte.com,Male,2026-06-24,2026-07-30,,No,0,0,0,Oceania,Australia,Victoria,Melbourne,Meera Wright,meera.wright@deloitte.com,Tax & Legal,Business Tax - Global Employer Services,CC-TAX-502,38,1988-04-20,Voluntary,No Work-Life Balance,Full Time,Inactive,3,1,2,2,Yes,Yes,0, FALSE ,TRUE,TRUE,FALSE,35-44,<1 yr,Analyst,4,Medium
EMP0101,Alexander Singh,alexander.singh@deloitte.com,Male,2014-09-06,,,Yes,12,1,12,Oceania,Australia,South Australia,Adelaide,Georgia Adams,georgia.adams@deloitte.com,Audit & Assurance,Risk Advisory - Technology Risk,CC-AUD-606,50,1976-04-06,,,Full Time,Active,3,4,3,4,No,No,12, TRUE ,FALSE,FALSE,TRUE,45-54,11+ yrs,Senior Manager,2,Low
EMP0102,Daniel Sharma,daniel.sharma@deloitte.com,Male,2002-01-22,,2008-02-15,Yes,25,3,18,Asia,Singapore,Singapore,Singapore,Oliver Kim,oliver.kim@deloitte.com,Tax & Legal,Business Tax - Indirect Tax,CC-TAX-195,64,1961-08-25,,,Full Time,Active,4,3,3,5,No,No,25, TRUE ,FALSE,FALSE,TRUE,55+,11+ yrs,Director/Partner,2,Low
EMP0103,Meera Adams,meera.adams@deloitte.com,Female,2023-11-14,2024-07-19,,Yes,1,1,1,Oceania,Australia,South Australia,Adelaide,Nisha Lopez,nisha.lopez@deloitte.com,Enabling Areas,Finance - Accounts Payable,CC-ENA-172,35,1991-03-08,Voluntary,Better Career Opportunity,Full Time,Inactive,2,1,4,1,Yes,Yes,1, FALSE ,TRUE,FALSE,TRUE,35-44,1-2 yrs,Analyst,5,Medium
EMP0104,Joshua Thompson,joshua.thompson@deloitte.com,Male,2006-05-29,,2010-07-31,Yes,20,4,16,Oceania,Australia,Queensland,Brisbane,Nisha Lopez,nisha.lopez@deloitte.com,Audit & Assurance,External Audit - Financial Services Audit,CC-AUD-243,62,1964-07-12,,,Full Time,Active,4,4,3,5,No,No,20, TRUE ,FALSE,FALSE,TRUE,55+,11+ yrs,Director/Partner,2,Low
EMP0105,Emily King,emily.king@deloitte.com,Female,2008-05-12,,2015-03-31,Yes,18,3,11,Oceania,Australia,New South Wales,Sydney,Jack King,jack.king@deloitte.com,Audit & Assurance,Risk Advisory - Internal Audit,CC-AUD-761,38,1988-06-26,,,Full Time,Active,2,5,5,3,No,No,18, TRUE ,FALSE,FALSE,TRUE,35-44,11+ yrs,Director/Partner,4,Medium
EMP0106,Kavya Martinez,kavya.martinez@deloitte.com,Female,2019-06-12,,2026-04-24,Yes,7,1,0,Oceania,Australia,Victoria,Melbourne,Lucas White,lucas.white@deloitte.com,Consulting,Technology & Transformation - Enterprise Applications,CC-CON-320,25,2001-04-28,,,Contractor,Active,1,2,4,3,No,No,7, TRUE ,FALSE,FALSE,TRUE,25-34,6-10 yrs,Manager,4,Medium
EMP0107,Michael Gupta,michael.gupta@deloitte.com,Male,2018-01-16,,2021-08-24,Yes,9,3,5,Oceania,Australia,Victoria,Melbourne,Lucas White,lucas.white@deloitte.com,Consulting,Human Capital - Organisation Design,CC-CON-547,48,1978-07-26,,,Full Time,Active,4,5,2,2,No,No,9, TRUE ,FALSE,FALSE,TRUE,45-54,6-10 yrs,Manager,4,Medium
EMP0108,Nisha Lopez,nisha.lopez@deloitte.com,Female,2013-11-15,,2014-08-25,Yes,13,2,12,Oceania,Australia,South Australia,Adelaide,Thomas Iyer,thomas.iyer@deloitte.com,Tax & Legal,Business Tax - Indirect Tax,CC-TAX-229,59,1966-08-29,,,Full Time,Active,4,5,4,2,No,No,13, TRUE ,FALSE,FALSE,TRUE,55+,11+ yrs,Senior Manager,3,Medium
EMP0109,Arjun Iyer,arjun.iyer@deloitte.com,Male,2007-09-26,,2019-05-10,Yes,19,5,7,Oceania,Australia,Victoria,Melbourne,Ananya Reddy,ananya.reddy@deloitte.com,Consulting,Technology & Transformation - Cyber,CC-CON-621,38,1988-04-25,,,Full Time,Active,1,5,1,1,No,No,19, TRUE ,FALSE,FALSE,TRUE,35-44,11+ yrs,Director/Partner,6,High
EMP0110,Lucy Walker,lucy.walker@deloitte.com,Female,2024-01-08,,,Yes,3,0,3,Oceania,Australia,New South Wales,Sydney,David Martin,david.martin@deloitte.com,Consulting,Technology & Transformation - Data & AI,CC-CON-923,32,1993-08-19,,,Full Time,Active,4,1,3,5,No,No,3, TRUE ,FALSE,FALSE,FALSE,25-34,3-5 yrs,Consultant,2,Low
EMP0111,Nathan Adams,nathan.adams@deloitte.com,Male,2023-03-07,,,Yes,3,0,3,Oceania,Australia,Western Australia,Perth,Laura Harris,laura.harris@deloitte.com,Audit & Assurance,External Audit - Financial Services Audit,CC-AUD-519,41,1984-09-14,,,Full Time,Active,1,4,4,4,No,No,3, TRUE ,FALSE,FALSE,FALSE,35-44,3-5 yrs,Consultant,2,Low
EMP0112,Priya Smith,priya.smith@deloitte.com,Female,2013-10-17,,2025-04-27,Yes,13,3,1,Oceania,Australia,Victoria,Melbourne,Charlotte Adams,charlotte.adams@deloitte.com,Enabling Areas,Technology - Enterprise Platforms,CC-ENA-865,63,1963-02-09,,,Full Time,Active,2,2,2,4,No,No,13, TRUE ,FALSE,FALSE,TRUE,55+,11+ yrs,Senior Manager,5,Medium
EMP0113,Hannah Taylor,hannah.taylor@deloitte.com,Female,2005-11-11,,2024-04-25,Yes,21,4,2,Asia,India,Karnataka,Bengaluru,Oscar Lopez,oscar.lopez@deloitte.com,Consulting,Technology & Transformation - Data & AI,CC-CON-268,48,1978-07-06,,,Full Time,Active,4,3,2,3,No,No,21, TRUE ,FALSE,FALSE,TRUE,45-54,11+ yrs,Director/Partner,1,Low
EMP0114,Kiran Adams,kiran.adams@deloitte.com,Male,2005-05-18,,2021-09-03,Yes,21,4,5,Oceania,Australia,Victoria,Melbourne,Charlotte Martin,charlotte.martin@deloitte.com,Enabling Areas,People & Culture - People Operations,CC-ENA-406,50,1975-12-14,,,Full Time,Active,3,5,1,3,No,No,21, TRUE ,FALSE,FALSE,TRUE,45-54,11+ yrs,Director/Partner,3,Medium
EMP0115,Ella Kim,ella.kim@deloitte.com,Female,2018-01-24,,2019-04-01,Yes,9,2,7,Oceania,Australia,Queensland,Brisbane,William Iyer,william.iyer@deloitte.com,Consulting,Strategy & Operations - Customer Strategy,CC-CON-365,36,1989-09-18,,,Full Time,Active,5,2,5,2,No,No,9, TRUE ,FALSE,FALSE,TRUE,35-44,6-10 yrs,Manager,5,Medium
EMP0116,Jacob Thompson,jacob.thompson@deloitte.com,Male,2019-05-28,,2026-05-01,Yes,7,0,0,Oceania,Australia,New South Wales,Sydney,Ananya Reddy,ananya.reddy@deloitte.com,Tax & Legal,Legal - Employment Law,CC-TAX-252,26,2000-01-17,,,Full Time,Active,1,4,3,3,No,No,7, TRUE ,FALSE,FALSE,FALSE,25-34,6-10 yrs,Manager,3,Medium
EMP0117,Jessica Nguyen,jessica.nguyen@deloitte.com,Female,2022-10-29,,,Yes,4,1,4,Oceania,Australia,New South Wales,Sydney,Meera Wright,meera.wright@deloitte.com,Tax & Legal,Legal - Regulatory,CC-TAX-900,24,2001-09-14,,,Full Time,Active,4,5,4,3,No,No,4, TRUE ,FALSE,FALSE,TRUE,<25,3-5 yrs,Consultant,2,Low
EMP0118,Priya Martinez,priya.martinez@deloitte.com,Female,2026-01-26,,,Yes,1,0,1,Oceania,Australia,Victoria,Melbourne,Hannah Hall,hannah.hall@deloitte.com,Consulting,Technology & Transformation - Cyber,CC-CON-966,35,1990-08-16,,,Full Time,Active,5,3,5,5,No,No,1, TRUE ,FALSE,TRUE,FALSE,35-44,1-2 yrs,Analyst,0,Low
EMP0119,Chloe Garcia,chloe.garcia@deloitte.com,Female,2019-08-23,2023-09-01,,Yes,4,1,4,Oceania,Australia,New South Wales,Sydney,Sarah Tran,sarah.tran@deloitte.com,Audit & Assurance,Risk Advisory - Technology Risk,CC-AUD-192,41,1985-07-24,Voluntary,No Work-Life Balance,Contractor,Inactive,1,1,1,2,Yes,Yes,4, FALSE ,TRUE,FALSE,TRUE,35-44,3-5 yrs,Consultant,8,High
EMP0120,Maya Patel,maya.patel@deloitte.com,Female,2021-04-04,,,Yes,5,0,5,Oceania,Australia,New South Wales,Sydney,Isla Kumar,isla.kumar@deloitte.com,Tax & Legal,Legal - Employment Law,CC-TAX-239,24,2001-08-12,,,Full Time,Active,5,4,4,4,No,No,5, TRUE ,FALSE,FALSE,FALSE,<25,3-5 yrs,Manager,3,Medium
EMP0121,Arjun Clark,arjun.clark@deloitte.com,Male,2016-01-03,,2019-12-09,Yes,11,3,7,Oceania,Australia,New South Wales,Sydney,Charlotte Adams,charlotte.adams@deloitte.com,Consulting,Technology & Transformation - Cyber,CC-CON-425,56,1970-07-22,,,Full Time,Active,5,5,3,4,No,No,11, TRUE ,FALSE,FALSE,TRUE,55+,11+ yrs,Senior Manager,2,Low
EMP0122,William Sharma,william.sharma@deloitte.com,Male,2022-10-16,2023-05-15,,Yes,1,1,1,Oceania,Australia,Queensland,Brisbane,Michael Wright,michael.wright@deloitte.com,Tax & Legal,Business Tax - Global Employer Services,CC-TAX-101,25,2000-11-30,Voluntary,Company Culture,Contractor,Inactive,2,2,2,1,Yes,Yes,1, FALSE ,TRUE,FALSE,TRUE,25-34,1-2 yrs,Analyst,6,High
EMP0123,Kavya Park,kavya.park@deloitte.com,Female,2010-02-12,2010-12-12,,Yes,1,0,1,Oceania,Australia,Western Australia,Perth,Isla Wilson,isla.wilson@deloitte.com,Consulting,Human Capital - Organisation Design,CC-CON-728,62,1964-07-17,Voluntary,Lack of Career Progression,Full Time,Inactive,4,3,2,1,Yes,Yes,1, FALSE ,TRUE,FALSE,FALSE,55+,1-2 yrs,Analyst,2,Low
EMP0124,Grace Gupta,grace.gupta@deloitte.com,Female,2011-11-25,,2021-03-15,Yes,15,4,5,Oceania,Australia,Victoria,Melbourne,Georgia Anderson,georgia.anderson@deloitte.com,Enabling Areas,Finance - Financial Planning,CC-ENA-126,56,1970-05-04,,,Full Time,Active,3,4,5,3,No,No,15, TRUE ,FALSE,FALSE,TRUE,55+,11+ yrs,Senior Manager,2,Low
EMP0125,Maya Nair,maya.nair@deloitte.com,Female,2011-11-20,,2020-12-06,Yes,15,5,6,Oceania,Australia,Victoria,Melbourne,Henry Joshi,henry.joshi@deloitte.com,Audit & Assurance,External Audit - Financial Services Audit,CC-AUD-784,51,1975-04-08,,,Full Time,Active,3,4,5,4,No,No,15, TRUE ,FALSE,FALSE,TRUE,45-54,11+ yrs,Senior Manager,2,Low
EMP0126,Oscar Kumar,oscar.kumar@deloitte.com,Male,2024-01-08,,,Yes,3,1,3,Oceania,Australia,New South Wales,Sydney,Isla Sharma,isla.sharma@deloitte.com,Audit & Assurance,External Audit - Consumer Audit,CC-AUD-277,54,1972-03-02,,,Full Time,Active,5,2,3,2,No,No,3, TRUE ,FALSE,FALSE,TRUE,45-54,3-5 yrs,Consultant,3,Medium
EMP0127,Isla Iyer,isla.iyer@deloitte.com,Female,2014-10-07,,,Yes,12,4,12,Oceania,Australia,Victoria,Melbourne,Lily Wong,lily.wong@deloitte.com,Consulting,Strategy & Operations - Customer Strategy,CC-CON-701,33,1993-06-18,,,Full Time,Active,4,3,4,2,No,No,12, TRUE ,FALSE,FALSE,TRUE,25-34,11+ yrs,Senior Manager,3,Medium
EMP0128,Nathan White,nathan.white@deloitte.com,Male,2026-02-06,,,No,0,0,0,Oceania,Australia,Victoria,Melbourne,Ella Kim,ella.kim@deloitte.com,Enabling Areas,Finance - Commercial Finance,CC-ENA-723,27,1999-05-16,,,Full Time,Active,4,3,3,5,No,No,0, TRUE ,FALSE,TRUE,FALSE,25-34,<1 yr,Analyst,0,Low
EMP0129,Noah Nguyen,noah.nguyen@deloitte.com,Male,2006-07-17,,2025-12-08,Yes,20,4,1,Asia,Singapore,Singapore,Singapore,Mia King,mia.king@deloitte.com,Tax & Legal,Legal - Regulatory,CC-TAX-526,38,1988-02-07,,,Full Time,Active,4,2,4,5,No,No,20, TRUE ,FALSE,FALSE,TRUE,35-44,11+ yrs,Director/Partner,2,Low
EMP0130,Kavya Chen,kavya.chen@deloitte.com,Female,2023-02-11,2026-01-13,,Yes,3,0,3,Oceania,Australia,Victoria,Melbourne,Henry Joshi,henry.joshi@deloitte.com,Audit & Assurance,External Audit - Consumer Audit,CC-AUD-151,44,1981-08-29,Voluntary,No Work-Life Balance,Full Time,Inactive,4,1,2,4,Yes,Yes,3, FALSE ,TRUE,FALSE,FALSE,35-44,3-5 yrs,Consultant,3,Medium
EMP0131,Kavya Martinez,kavya.martinez2@deloitte.com,Female,2021-04-15,,2023-03-25,Yes,5,1,3,Oceania,Australia,New South Wales,Sydney,Leo Kim,leo.kim@deloitte.com,Audit & Assurance,External Audit - Public Sector Audit,CC-AUD-311,49,1976-10-30,,,Full Time,Active,3,3,1,4,No,No,5, TRUE ,FALSE,FALSE,TRUE,45-54,3-5 yrs,Manager,1,Low
EMP0132,Liam Nguyen,liam.nguyen@deloitte.com,Male,2017-06-02,2020-04-30,,Yes,3,0,3,Asia,India,Telangana,Hyderabad,Lily Wong,lily.wong@deloitte.com,Tax & Legal,Business Tax - Indirect Tax,CC-TAX-409,29,1997-06-28,Voluntary,Relocation,Full Time,Inactive,3,4,2,1,Yes,Yes,3, FALSE ,TRUE,FALSE,FALSE,25-34,3-5 yrs,Consultant,2,Low
EMP0133,Emma Martinez,emma.martinez@deloitte.com,Female,2013-05-22,,2020-01-30,Yes,13,2,7,Oceania,Australia,Victoria,Melbourne,Mia Hall,mia.hall@deloitte.com,Audit & Assurance,External Audit - Public Sector Audit,CC-AUD-513,59,1966-12-23,,,Full Time,Active,4,4,4,4,No,No,13, TRUE ,FALSE,FALSE,TRUE,55+,11+ yrs,Senior Manager,2,Low
EMP0134,Morgan Gupta,morgan.gupta@deloitte.com,Non-binary,2001-08-01,,,Yes,25,4,25,Asia,India,Karnataka,Bengaluru,Charlotte Martin,charlotte.martin@deloitte.com,Tax & Legal,Business Tax - Global Employer Services,CC-TAX-997,46,1980-02-15,,,Full Time,Active,4,3,4,4,No,No,25, TRUE ,FALSE,FALSE,TRUE,45-54,11+ yrs,Director/Partner,2,Low
EMP0135,David Clark,david.clark@deloitte.com,Male,2004-01-03,,,Yes,23,4,23,Oceania,Australia,Victoria,Melbourne,Jessica Lewis,jessica.lewis@deloitte.com,Consulting,Human Capital - People Analytics,CC-CON-612,64,1962-01-19,,,Full Time,Active,2,4,4,3,No,No,23, TRUE ,FALSE,FALSE,TRUE,55+,11+ yrs,Director/Partner,4,Medium
EMP0136,William Thompson,william.thompson@deloitte.com,Male,2020-03-24,,,Yes,6,3,6,Asia,Singapore,Singapore,Singapore,Lily Taylor,lily.taylor@deloitte.com,Consulting,Technology & Transformation - Enterprise Applications,CC-CON-380,33,1993-01-23,,,Contractor,Active,3,4,4,2,No,No,6, TRUE ,FALSE,FALSE,TRUE,25-34,6-10 yrs,Manager,3,Medium
EMP0137,Nathan Thomas,nathan.thomas@deloitte.com,Male,2020-04-17,,,Yes,6,3,6,Oceania,Australia,Victoria,Melbourne,Charlotte Patel,charlotte.patel@deloitte.com,Audit & Assurance,External Audit - Public Sector Audit,CC-AUD-104,29,1997-06-11,,,Full Time,Active,4,3,4,3,No,No,6, TRUE ,FALSE,FALSE,TRUE,25-34,6-10 yrs,Manager,2,Low
EMP0138,Meera Lee,meera.lee2@deloitte.com,Female,2007-06-29,2014-02-04,2013-10-26,Yes,7,0,0,Asia,India,Karnataka,Bengaluru,Charlotte Martin,charlotte.martin@deloitte.com,Audit & Assurance,External Audit - Consumer Audit,CC-AUD-119,58,1968-01-04,Voluntary,Better Career Opportunity,Full Time,Inactive,2,3,1,3,Yes,Yes,7, FALSE ,TRUE,FALSE,FALSE,55+,6-10 yrs,Manager,4,Medium
EMP0139,Noah Kumar,noah.kumar@deloitte.com,Male,2023-12-27,,2024-10-12,Yes,3,1,2,Oceania,Australia,New South Wales,Sydney,Amelia Chen,amelia.chen@deloitte.com,Audit & Assurance,External Audit - Public Sector Audit,CC-AUD-802,61,1964-12-09,,,Full Time,Active,4,3,4,4,No,No,3, TRUE ,FALSE,FALSE,TRUE,55+,3-5 yrs,Consultant,0,Low
EMP0140,Laura Thompson,laura.thompson@deloitte.com,Female,2022-12-12,2023-09-01,,Yes,1,0,1,Oceania,Australia,New South Wales,Sydney,Jessica Chen,jessica.chen@deloitte.com,Tax & Legal,Business Tax - Corporate Tax,CC-TAX-661,47,1978-09-23,Voluntary,Relocation,Full Time,Inactive,3,2,4,2,Yes,Yes,1, FALSE ,TRUE,FALSE,FALSE,45-54,1-2 yrs,Analyst,3,Medium
EMP0141,Benjamin Tran,benjamin.tran@deloitte.com,Male,2025-03-03,,,Yes,1,1,1,Oceania,Australia,South Australia,Adelaide,Isla Wong,isla.wong@deloitte.com,Consulting,Human Capital - HR Transformation,CC-CON-920,30,1995-09-16,,,Full Time,Active,4,3,2,5,No,No,1, TRUE ,FALSE,FALSE,TRUE,25-34,1-2 yrs,Analyst,1,Low
EMP0142,Liam Thompson,liam.thompson@deloitte.com,Male,2007-08-25,,,Yes,19,4,19,Oceania,Australia,New South Wales,Sydney,Lily Wong,lily.wong@deloitte.com,Tax & Legal,Legal - Regulatory,CC-TAX-971,63,1963-06-28,,,Full Time,Active,4,3,5,2,No,No,19, TRUE ,FALSE,FALSE,TRUE,55+,11+ yrs,Director/Partner,3,Medium
EMP0143,Ella Taylor,ella.taylor@deloitte.com,Female,2022-01-17,,,Yes,5,0,5,Asia,India,Telangana,Hyderabad,William Lewis,william.lewis@deloitte.com,Audit & Assurance,Risk Advisory - Internal Audit,CC-AUD-215,31,1994-09-23,,,Contractor,Active,5,3,2,4,No,No,5, TRUE ,FALSE,FALSE,FALSE,25-34,3-5 yrs,Manager,4,Medium
EMP0144,Georgia Chen,georgia.chen@deloitte.com,Female,2010-01-17,,,Yes,17,4,17,Oceania,Australia,New South Wales,Sydney,Mia Wong,mia.wong@deloitte.com,Enabling Areas,Finance - Commercial Finance,CC-ENA-727,57,1969-05-17,,,Contractor,Active,2,4,3,4,No,No,17, TRUE ,FALSE,FALSE,TRUE,55+,11+ yrs,Senior Manager,4,Medium
EMP0145,Joshua Harris,joshua.harris@deloitte.com,Male,2022-11-08,,2024-08-05,Yes,4,1,2,Oceania,Australia,New South Wales,Sydney,Lily Sharma,lily.sharma@deloitte.com,Enabling Areas,Marketing - Digital Marketing,CC-ENA-221,25,2001-04-09,,,Full Time,Active,5,4,1,3,No,No,4, TRUE ,FALSE,FALSE,TRUE,25-34,3-5 yrs,Consultant,1,Low
EMP0146,Jessica Smith,jessica.smith@deloitte.com,Female,2025-05-10,,,Yes,1,0,1,Asia,India,Telangana,Hyderabad,Ethan Anderson,ethan.anderson@deloitte.com,Enabling Areas,Technology - Information Security,CC-ENA-563,26,2000-06-05,,,Full Time,Active,2,4,3,3,No,No,1, TRUE ,FALSE,FALSE,FALSE,25-34,1-2 yrs,Analyst,2,Low
EMP0147,Jacob Baker,jacob.baker@deloitte.com,Male,2016-10-08,2018-09-10,,Yes,2,0,2,Oceania,Australia,Victoria,Melbourne,Arjun Anderson,arjun.anderson@deloitte.com,Enabling Areas,Finance - Accounts Payable,CC-ENA-944,56,1970-04-25,Involuntary,Probation Not Passed,Full Time,Inactive,4,3,1,2,Yes,Yes,2, FALSE ,TRUE,FALSE,FALSE,55+,1-2 yrs,Consultant,2,Low
EMP0148,Kiran Mehta,kiran.mehta@deloitte.com,Male,2022-08-13,,,Yes,4,1,4,Asia,India,Karnataka,Bengaluru,Samuel Singh,samuel.singh@deloitte.com,Audit & Assurance,External Audit - Financial Services Audit,CC-AUD-496,63,1963-05-29,,,Full Time,Active,4,4,3,5,No,No,4, TRUE ,FALSE,FALSE,TRUE,55+,3-5 yrs,Consultant,2,Low
EMP0149,Laura King,laura.king@deloitte.com,Female,2013-10-24,,2023-07-25,Yes,13,3,3,Oceania,Australia,Victoria,Melbourne,Lucas Taylor,lucas.taylor@deloitte.com,Audit & Assurance,External Audit - Financial Services Audit,CC-AUD-739,38,1988-02-20,,,Contractor,Active,4,4,5,2,No,No,13, TRUE ,FALSE,FALSE,TRUE,35-44,11+ yrs,Senior Manager,1,Low
EMP0150,James Lee,james.lee@deloitte.com,Male,2014-06-17,,2024-04-24,Yes,12,2,2,Oceania,Australia,Victoria,Melbourne,Ananya Reddy,ananya.reddy@deloitte.com,Consulting,Human Capital - People Analytics,CC-CON-154,55,1971-07-22,,,Full Time,Active,4,3,4,2,No,No,12, TRUE ,FALSE,FALSE,TRUE,55+,11+ yrs,Senior Manager,1,Low
EMP0151,Amelia Walker,amelia.walker@deloitte.com,Female,2023-11-05,,,Yes,3,0,3,Oceania,Australia,Queensland,Brisbane,Michael Clark,michael.clark@deloitte.com,Audit & Assurance,Risk Advisory - Regulatory Risk,CC-AUD-780,24,2002-07-20,,,Full Time,Active,2,3,4,4,No,No,3, TRUE ,FALSE,FALSE,FALSE,<25,3-5 yrs,Consultant,2,Low
EMP0152,David Taylor,david.taylor@deloitte.com,Male,2024-01-22,,,Yes,3,0,3,Oceania,Australia,New South Wales,Sydney,Rohan Gupta,rohan.gupta@deloitte.com,Audit & Assurance,External Audit - Consumer Audit,CC-AUD-559,21,2004-12-07,,,Full Time,Active,3,4,3,2,No,No,3, TRUE ,FALSE,FALSE,FALSE,<25,3-5 yrs,Consultant,1,Low
EMP0153,Vikram Wilson,vikram.wilson@deloitte.com,Male,2024-12-19,,,Yes,2,2,2,Oceania,Australia,Queensland,Brisbane,Georgia Clark,georgia.clark@deloitte.com,Tax & Legal,Legal - Regulatory,CC-TAX-663,48,1977-12-21,,,Full Time,Active,3,4,3,3,No,No,2, TRUE ,FALSE,FALSE,TRUE,45-54,1-2 yrs,Consultant,0,Low
EMP0154,Isla Lee,isla.lee@deloitte.com,Female,2025-04-30,2025-09-20,,No,0,0,0,Oceania,Australia,New South Wales,Sydney,Oliver Lee,oliver.lee@deloitte.com,Consulting,Technology & Transformation - Cyber,CC-CON-454,31,1995-03-01,Involuntary,Position Eliminated,Full Time,Inactive,2,4,3,3,Yes,Yes,0, FALSE ,TRUE,FALSE,FALSE,25-34,<1 yr,Analyst,2,Low
EMP0155,Jack Kumar,jack.kumar@deloitte.com,Male,2023-07-25,,,Yes,3,1,3,Oceania,Australia,Victoria,Melbourne,Jack King,jack.king@deloitte.com,Consulting,Technology & Transformation - Data & AI,CC-CON-891,37,1989-05-04,,,Full Time,Active,4,1,2,4,No,No,3, TRUE ,FALSE,FALSE,TRUE,35-44,3-5 yrs,Consultant,3,Medium
EMP0156,Joshua Iyer,joshua.iyer@deloitte.com,Male,2022-11-20,,,Yes,4,2,4,Oceania,Australia,Western Australia,Perth,Ava Thomas,ava.thomas@deloitte.com,Consulting,Technology & Transformation - Data & AI,CC-CON-282,27,1998-11-14,,,Full Time,Active,4,4,4,3,No,No,4, TRUE ,FALSE,FALSE,TRUE,25-34,3-5 yrs,Consultant,2,Low
EMP0157,Meera Joshi,meera.joshi@deloitte.com,Female,2019-06-04,,2019-12-25,Yes,7,0,7,Oceania,Australia,Victoria,Melbourne,Adam Chen,adam.chen@deloitte.com,Consulting,Human Capital - Organisation Design,CC-CON-408,61,1965-02-24,,,Full Time,Active,4,3,5,3,No,No,7, TRUE ,FALSE,FALSE,FALSE,55+,6-10 yrs,Manager,3,Medium
EMP0158,Liam Nguyen,liam.nguyen2@deloitte.com,Male,2018-04-01,,,Yes,8,1,8,Oceania,Australia,South Australia,Adelaide,William Lewis,william.lewis@deloitte.com,Tax & Legal,Business Tax - Global Employer Services,CC-TAX-995,31,1995-05-01,,,Full Time,Active,4,2,1,4,No,No,8, TRUE ,FALSE,FALSE,TRUE,25-34,6-10 yrs,Manager,5,Medium
EMP0159,Oliver Adams,oliver.adams@deloitte.com,Male,2014-10-19,,2018-11-25,Yes,12,3,8,Oceania,Australia,New South Wales,Sydney,Jessica Lewis,jessica.lewis@deloitte.com,Enabling Areas,People & Culture - Learning & Development,CC-ENA-787,34,1992-01-24,,,Full Time,Active,2,2,4,3,No,No,12, TRUE ,FALSE,FALSE,TRUE,25-34,11+ yrs,Senior Manager,6,High
EMP0160,Emily King,emily.king2@deloitte.com,Female,2023-11-30,,,Yes,3,0,3,Oceania,Australia,South Australia,Adelaide,Liam Martin,liam.martin@deloitte.com,Audit & Assurance,External Audit - Consumer Audit,CC-AUD-352,27,1998-12-24,,,Full Time,Active,4,4,4,3,No,No,3, TRUE ,FALSE,FALSE,FALSE,25-34,3-5 yrs,Consultant,0,Low
EMP0161,Charlotte Sharma,charlotte.sharma2@deloitte.com,Female,2019-12-23,,2022-06-09,Yes,7,2,4,Oceania,Australia,Victoria,Melbourne,William Lewis,william.lewis@deloitte.com,Consulting,Strategy & Operations - Business Transformation,CC-CON-119,51,1975-03-25,,,Full Time,Active,5,4,5,4,No,No,7, TRUE ,FALSE,FALSE,TRUE,45-54,6-10 yrs,Manager,2,Low
EMP0162,Lucas Wilson,lucas.wilson@deloitte.com,Male,2024-05-18,,,Yes,2,0,2,Oceania,Australia,Victoria,Melbourne,Adam Chen,adam.chen@deloitte.com,Consulting,Human Capital - HR Transformation,CC-CON-614,56,1969-12-12,,,Contractor,Active,1,3,5,5,No,No,2, TRUE ,FALSE,FALSE,FALSE,55+,1-2 yrs,Consultant,2,Low
EMP0163,Nathan Lee,nathan.lee@deloitte.com,Male,2018-10-07,,2020-11-23,Yes,8,2,6,Oceania,Australia,Victoria,Melbourne,Olivia Iyer,olivia.iyer@deloitte.com,Audit & Assurance,External Audit - Public Sector Audit,CC-AUD-311,29,1997-03-17,,,Full Time,Active,4,4,3,5,No,No,8, TRUE ,FALSE,FALSE,TRUE,25-34,6-10 yrs,Manager,2,Low
EMP0164,Noah Patel,noah.patel@deloitte.com,Male,2023-05-27,,,Yes,3,0,3,Asia,India,Telangana,Hyderabad,Ruby Iyer,ruby.iyer@deloitte.com,Tax & Legal,Legal - Commercial Advisory,CC-TAX-628,27,1999-07-27,,,Full Time,Active,3,4,3,4,No,No,3, TRUE ,FALSE,FALSE,FALSE,25-34,3-5 yrs,Consultant,0,Low
EMP0165,Liam Lee,liam.lee@deloitte.com,Male,2018-11-25,,2021-01-28,Yes,8,4,6,Oceania,Australia,South Australia,Adelaide,Thomas Iyer,thomas.iyer@deloitte.com,Consulting,Human Capital - Organisation Design,CC-CON-590,29,1997-03-14,,,Full Time,Active,4,4,4,3,No,No,8, TRUE ,FALSE,FALSE,TRUE,25-34,6-10 yrs,Manager,2,Low
EMP0166,Emily Park,emily.park@deloitte.com,Female,2006-01-16,2018-12-17,2010-04-07,Yes,13,4,9,Oceania,Australia,Victoria,Melbourne,Thomas Iyer,thomas.iyer@deloitte.com,Tax & Legal,Business Tax - Corporate Tax,CC-TAX-559,58,1967-10-22,Voluntary,Better Salary,Full Time,Inactive,3,2,3,1,Yes,Yes,13, FALSE ,TRUE,FALSE,TRUE,55+,11+ yrs,Senior Manager,5,Medium
EMP0167,Ethan Lee,ethan.lee@deloitte.com,Male,2023-01-17,,,Yes,4,3,4,Asia,India,Karnataka,Bengaluru,Isla King,isla.king@deloitte.com,Enabling Areas,Finance - Commercial Finance,CC-ENA-198,37,1988-10-25,,,Full Time,Active,3,5,4,5,No,No,4, TRUE ,FALSE,FALSE,TRUE,35-44,3-5 yrs,Consultant,2,Low
EMP0168,Nathan Martin,nathan.martin@deloitte.com,Male,2025-08-20,,,Yes,1,0,1,Oceania,Australia,Victoria,Melbourne,Hannah Kim,hannah.kim@deloitte.com,Enabling Areas,Finance - Accounts Payable,CC-ENA-908,26,2000-04-03,,,Full Time,Active,4,3,5,5,No,No,1, TRUE ,FALSE,TRUE,FALSE,25-34,1-2 yrs,Analyst,0,Low
EMP0169,Matthew White,matthew.white@deloitte.com,Male,2011-06-02,,,Yes,15,3,15,Oceania,Australia,South Australia,Adelaide,Jessica Thompson,jessica.thompson@deloitte.com,Consulting,Strategy & Operations - Business Transformation,CC-CON-484,48,1977-10-08,,,Full Time,Active,4,4,3,3,No,No,15, TRUE ,FALSE,FALSE,TRUE,45-54,11+ yrs,Senior Manager,2,Low
EMP0170,Emma Garcia,emma.garcia@deloitte.com,Female,2026-02-09,,,No,0,0,0,Oceania,Australia,Victoria,Melbourne,Oliver Lee,oliver.lee@deloitte.com,Enabling Areas,Technology - Enterprise Platforms,CC-ENA-691,37,1988-12-12,,,Full Time,Active,3,4,4,5,No,No,0, TRUE ,FALSE,TRUE,FALSE,35-44,<1 yr,Analyst,0,Low
EMP0171,Ryan Hall,ryan.hall@deloitte.com,Male,2007-04-04,,,Yes,19,4,19,Oceania,Australia,Queensland,Brisbane,Hannah Martinez,hannah.martinez@deloitte.com,Consulting,Technology & Transformation - Enterprise Applications,CC-CON-714,49,1977-07-25,,,Full Time,Active,4,2,3,2,No,No,19, TRUE ,FALSE,FALSE,TRUE,45-54,11+ yrs,Director/Partner,5,Medium
EMP0172,Meera Nair,meera.nair@deloitte.com,Female,2023-05-16,,2026-01-12,Yes,3,0,1,Oceania,Australia,South Australia,Adelaide,Ryan Garcia,ryan.garcia@deloitte.com,Audit & Assurance,External Audit - Public Sector Audit,CC-AUD-622,60,1966-07-02,,,Full Time,Active,4,3,3,1,No,No,3, TRUE ,FALSE,FALSE,FALSE,55+,3-5 yrs,Consultant,1,Low
EMP0173,Ava Harris,ava.harris@deloitte.com,Female,2022-06-08,,,Yes,4,2,4,Oceania,Australia,South Australia,Adelaide,Henry Nguyen,henry.nguyen@deloitte.com,Tax & Legal,Legal - Employment Law,CC-TAX-331,26,1999-12-20,,,Full Time,Active,4,3,5,4,No,No,4, TRUE ,FALSE,FALSE,TRUE,25-34,3-5 yrs,Consultant,2,Low
EMP0174,Aisha Lee,aisha.lee@deloitte.com,Female,2018-03-01,,2024-05-30,Yes,8,0,2,Asia,Singapore,Singapore,Singapore,Amelia Tran,amelia.tran@deloitte.com,Enabling Areas,Finance - Accounts Payable,CC-ENA-894,27,1999-05-14,,,Full Time,Active,4,3,4,1,No,No,8, TRUE ,FALSE,FALSE,FALSE,25-34,6-10 yrs,Manager,2,Low
EMP0175,Isla Kumar,isla.kumar@deloitte.com,Female,2010-04-25,,2022-10-27,Yes,16,4,4,Oceania,Australia,South Australia,Adelaide,Ruby Iyer,ruby.iyer@deloitte.com,Audit & Assurance,Risk Advisory - Internal Audit,CC-AUD-462,61,1964-11-21,,,Full Time,Active,3,4,3,4,No,No,16, TRUE ,FALSE,FALSE,TRUE,55+,11+ yrs,Senior Manager,2,Low
EMP0176,Lucas Tran,lucas.tran@deloitte.com,Male,2016-04-29,2018-09-06,,Yes,2,1,2,Asia,India,Karnataka,Bengaluru,Benjamin Singh,benjamin.singh@deloitte.com,Consulting,Strategy & Operations - Business Transformation,CC-CON-968,33,1992-11-29,Involuntary,Probation Not Passed,Contractor,Inactive,3,3,3,5,Yes,Yes,2, FALSE ,TRUE,FALSE,TRUE,25-34,1-2 yrs,Consultant,0,Low
EMP0177,Morgan Nair,morgan.nair@deloitte.com,Non-binary,2012-04-02,,2024-11-14,Yes,14,3,2,Oceania,Australia,Victoria,Melbourne,Isla Sharma,isla.sharma@deloitte.com,Enabling Areas,Technology - Information Security,CC-ENA-108,35,1991-05-23,,,Full Time,Active,1,3,4,3,No,No,14, TRUE ,FALSE,FALSE,TRUE,35-44,11+ yrs,Senior Manager,2,Low
EMP0178,Leo Clark,leo.clark@deloitte.com,Male,2010-08-21,,2015-04-03,Yes,16,3,11,Oceania,Australia,Victoria,Melbourne,Ananya Reddy,ananya.reddy@deloitte.com,Audit & Assurance,External Audit - Financial Services Audit,CC-AUD-838,56,1969-12-13,,,Full Time,Active,3,3,4,3,No,No,16, TRUE ,FALSE,FALSE,TRUE,55+,11+ yrs,Senior Manager,2,Low
EMP0179,Ella Walker,ella.walker@deloitte.com,Female,2007-12-03,,,Yes,19,5,19,Asia,India,Telangana,Hyderabad,Jessica Lewis,jessica.lewis@deloitte.com,Enabling Areas,People & Culture - People Operations,CC-ENA-267,51,1974-08-05,,,Full Time,Active,2,4,4,4,No,No,19, TRUE ,FALSE,FALSE,TRUE,45-54,11+ yrs,Director/Partner,4,Medium
EMP0180,Priya Wright,priya.wright@deloitte.com,Female,2025-03-17,,,Yes,1,0,1,Oceania,Australia,Queensland,Brisbane,Hannah Hall,hannah.hall@deloitte.com,Audit & Assurance,Risk Advisory - Internal Audit,CC-AUD-432,44,1982-02-01,,,Full Time,Active,4,4,4,5,No,No,1, TRUE ,FALSE,FALSE,FALSE,35-44,1-2 yrs,Analyst,0,Low
EMP0181,Olivia Mehta,olivia.mehta@deloitte.com,Female,2007-07-08,,2021-09-28,Yes,19,4,5,Oceania,Australia,Victoria,Melbourne,Adam Garcia,adam.garcia@deloitte.com,Tax & Legal,Legal - Employment Law,CC-TAX-555,61,1964-10-14,,,Full Time,Active,4,5,4,4,No,No,19, TRUE ,FALSE,FALSE,TRUE,55+,11+ yrs,Director/Partner,2,Low
EMP0182,Sophie Clark,sophie.clark@deloitte.com,Female,2025-10-28,,,Yes,1,0,1,Oceania,Australia,New South Wales,Sydney,Jessica Lewis,jessica.lewis@deloitte.com,Consulting,Human Capital - Organisation Design,CC-CON-883,22,2003-10-04,,,Full Time,Active,5,2,4,2,No,No,1, TRUE ,FALSE,TRUE,FALSE,<25,1-2 yrs,Analyst,3,Medium
EMP0183,Vikram Adams,vikram.adams@deloitte.com,Male,2025-06-16,,,Yes,1,1,1,Oceania,Australia,New South Wales,Sydney,Isla Wong,isla.wong@deloitte.com,Tax & Legal,Legal - Commercial Advisory,CC-TAX-814,35,1990-12-05,,,Full Time,Active,4,4,4,4,No,No,1, TRUE ,FALSE,FALSE,TRUE,35-44,1-2 yrs,Analyst,0,Low
EMP0184,Rohan Chen,rohan.chen@deloitte.com,Male,2023-12-11,,,Yes,3,0,3,Oceania,Australia,Victoria,Melbourne,Benjamin Garcia,benjamin.garcia@deloitte.com,Audit & Assurance,Risk Advisory - Internal Audit,CC-AUD-580,61,1965-06-24,,,Full Time,Active,4,4,4,4,No,No,3, TRUE ,FALSE,FALSE,FALSE,55+,3-5 yrs,Consultant,0,Low
EMP0185,Lily Iyer,lily.iyer@deloitte.com,Female,2010-08-04,,2023-08-28,Yes,16,3,3,Oceania,Australia,Victoria,Melbourne,Leo Walker,leo.walker@deloitte.com,Enabling Areas,Finance - Commercial Finance,CC-ENA-882,39,1987-06-02,,,Full Time,Active,4,4,4,3,No,No,16, TRUE ,FALSE,FALSE,TRUE,35-44,11+ yrs,Senior Manager,0,Low
EMP0186,David Green,david.green@deloitte.com,Male,2003-01-26,,2023-11-15,Yes,24,5,3,Oceania,Australia,New South Wales,Sydney,Ananya Reddy,ananya.reddy@deloitte.com,Consulting,Human Capital - HR Transformation,CC-CON-228,47,1978-11-05,,,Full Time,Active,4,4,3,2,No,No,24, TRUE ,FALSE,FALSE,TRUE,45-54,11+ yrs,Director/Partner,1,Low
EMP0187,Arjun Gupta,arjun.gupta@deloitte.com,Male,2012-08-06,,2016-05-13,Yes,14,4,10,Asia,India,Telangana,Hyderabad,Benjamin Garcia,benjamin.garcia@deloitte.com,Enabling Areas,People & Culture - Talent Acquisition,CC-ENA-886,40,1986-04-13,,,Full Time,Active,4,3,5,3,No,No,14, TRUE ,FALSE,FALSE,TRUE,35-44,11+ yrs,Senior Manager,2,Low
EMP0188,Casey Mehta,casey.mehta@deloitte.com,Non-binary,2024-10-06,,,Yes,2,1,2,Oceania,Australia,New South Wales,Sydney,Lucas Tran,lucas.tran@deloitte.com,Enabling Areas,Technology - IT Operations,CC-ENA-469,27,1999-04-24,,,Contractor,Active,5,5,3,2,No,No,2, TRUE ,FALSE,FALSE,TRUE,25-34,1-2 yrs,Consultant,1,Low
EMP0189,Arjun Smith,arjun.smith@deloitte.com,Male,2026-01-25,,,Yes,1,0,1,Oceania,Australia,Victoria,Melbourne,Oliver Hall,oliver.hall@deloitte.com,Enabling Areas,People & Culture - People Operations,CC-ENA-733,31,1994-12-20,,,Full Time,Active,3,5,4,2,No,No,1, TRUE ,FALSE,TRUE,FALSE,25-34,1-2 yrs,Analyst,1,Low
EMP0190,Emily Wong,emily.wong2@deloitte.com,Female,2022-03-20,,,Yes,4,1,4,Oceania,Australia,New South Wales,Sydney,Oscar Lopez,oscar.lopez@deloitte.com,Tax & Legal,Business Tax - Indirect Tax,CC-TAX-823,27,1998-10-04,,,Full Time,Active,4,3,4,2,No,No,4, TRUE ,FALSE,FALSE,TRUE,25-34,3-5 yrs,Consultant,3,Medium
EMP0191,Ananya Patel,ananya.patel@deloitte.com,Female,2024-11-15,,,Yes,2,0,2,Oceania,Australia,Western Australia,Perth,Lucy Reddy,lucy.reddy@deloitte.com,Consulting,Strategy & Operations - Operations Excellence,CC-CON-894,50,1975-12-19,,,Full Time,Active,4,3,2,5,No,No,2, TRUE ,FALSE,FALSE,FALSE,45-54,1-2 yrs,Consultant,1,Low
EMP0192,Lucas Chen,lucas.chen@deloitte.com,Male,2024-09-26,,,Yes,2,1,2,Oceania,Australia,Victoria,Melbourne,Ava Thomas,ava.thomas@deloitte.com,Audit & Assurance,External Audit - Consumer Audit,CC-AUD-296,64,1962-04-12,,,Full Time,Active,2,4,5,4,No,No,2, TRUE ,FALSE,FALSE,TRUE,55+,1-2 yrs,Consultant,2,Low
EMP0193,Alexander Garcia,alexander.garcia@deloitte.com,Male,2014-11-09,,2020-01-11,Yes,12,1,7,Oceania,Australia,New South Wales,Sydney,Ella Patel,ella.patel@deloitte.com,Enabling Areas,Technology - Information Security,CC-ENA-159,37,1988-08-26,,,Full Time,Active,5,3,2,2,No,No,12, TRUE ,FALSE,FALSE,TRUE,35-44,11+ yrs,Senior Manager,4,Medium
EMP0194,Grace Chen,grace.chen@deloitte.com,Female,2024-11-03,,,Yes,2,0,2,Oceania,Australia,Western Australia,Perth,Mia Lee,mia.lee@deloitte.com,Tax & Legal,Legal - Regulatory,CC-TAX-781,27,1998-09-21,,,Full Time,Active,4,2,4,4,No,No,2, TRUE ,FALSE,FALSE,FALSE,25-34,1-2 yrs,Consultant,2,Low
EMP0195,Benjamin Harris,benjamin.harris@deloitte.com,Male,2019-11-15,,,Yes,7,0,7,Oceania,Australia,Victoria,Melbourne,Vikram Green,vikram.green@deloitte.com,Audit & Assurance,Risk Advisory - Regulatory Risk,CC-AUD-862,55,1971-06-04,,,Contractor,Active,3,5,4,3,No,No,7, TRUE ,FALSE,FALSE,FALSE,55+,6-10 yrs,Manager,3,Medium
EMP0196,Thomas Martinez,thomas.martinez@deloitte.com,Male,2023-01-19,,,Yes,4,1,4,Oceania,Australia,Victoria,Melbourne,Isla Wilson,isla.wilson@deloitte.com,Audit & Assurance,External Audit - Financial Services Audit,CC-AUD-571,22,2004-04-22,,,Contractor,Active,3,2,3,4,No,No,4, TRUE ,FALSE,FALSE,TRUE,<25,3-5 yrs,Consultant,4,Medium
EMP0197,Maya Adams,maya.adams2@deloitte.com,Female,2022-11-07,,2025-02-28,Yes,4,1,1,Asia,India,Karnataka,Bengaluru,Charlotte Iyer,charlotte.iyer@deloitte.com,Tax & Legal,Business Tax - Global Employer Services,CC-TAX-927,26,2000-05-19,,,Full Time,Active,4,2,2,4,No,No,4, TRUE ,FALSE,FALSE,TRUE,25-34,3-5 yrs,Consultant,3,Medium
EMP0198,Ivy Iyer,ivy.iyer@deloitte.com,Female,2010-03-03,,,Yes,16,5,16,Oceania,Australia,New South Wales,Sydney,Emily Harris,emily.harris@deloitte.com,Audit & Assurance,External Audit - Financial Services Audit,CC-AUD-789,47,1978-10-01,,,Full Time,Active,4,3,4,4,No,No,16, TRUE ,FALSE,FALSE,TRUE,45-54,11+ yrs,Senior Manager,2,Low
EMP0199,Henry Iyer,henry.iyer@deloitte.com,Male,2008-06-09,2021-05-03,2021-03-23,Yes,13,4,0,Oceania,Australia,Victoria,Melbourne,Oliver Lee,oliver.lee@deloitte.com,Audit & Assurance,Risk Advisory - Internal Audit,CC-AUD-767,39,1987-02-18,Voluntary,Better Career Opportunity,Full Time,Inactive,3,3,5,2,Yes,Yes,13, FALSE ,TRUE,FALSE,TRUE,35-44,11+ yrs,Senior Manager,1,Low
EMP0200,Matthew Thomas,matthew.thomas@deloitte.com,Male,2021-02-23,,2024-12-20,Yes,5,1,2,Oceania,Australia,South Australia,Adelaide,Mia Nair,mia.nair@deloitte.com,Audit & Assurance,Risk Advisory - Technology Risk,CC-AUD-937,28,1998-07-10,,,Full Time,Active,3,4,3,4,No,No,5, TRUE ,FALSE,FALSE,TRUE,25-34,3-5 yrs,Manager,0,Low
EMP0201,Ella Taylor,ella.taylor2@deloitte.com,Female,2011-10-01,,2014-09-26,Yes,15,4,12,Oceania,Australia,New South Wales,Sydney,Mia Garcia,mia.garcia@deloitte.com,Tax & Legal,Legal - Regulatory,CC-TAX-847,36,1990-06-14,,,Contractor,Active,5,4,4,3,No,No,15, TRUE ,FALSE,FALSE,TRUE,35-44,11+ yrs,Senior Manager,2,Low
EMP0202,Michael Wilson,michael.wilson@deloitte.com,Male,2008-02-27,,2009-11-02,Yes,18,4,17,Asia,India,Karnataka,Bengaluru,Nathan Sharma,nathan.sharma@deloitte.com,Consulting,Technology & Transformation - Enterprise Applications,CC-CON-988,37,1988-10-27,,,Full Time,Active,5,3,5,3,No,No,18, TRUE ,FALSE,FALSE,TRUE,35-44,11+ yrs,Director/Partner,2,Low
EMP0203,Adam Patel,adam.patel@deloitte.com,Male,2023-11-05,,,Yes,3,1,3,Oceania,Australia,New South Wales,Sydney,Ella Patel,ella.patel@deloitte.com,Audit & Assurance,External Audit - Consumer Audit,CC-AUD-800,52,1974-06-02,,,Full Time,Active,3,4,3,5,No,No,3, TRUE ,FALSE,FALSE,TRUE,45-54,3-5 yrs,Consultant,0,Low
EMP0204,Jacob Taylor,jacob.taylor@deloitte.com,Male,2017-05-14,,2024-01-31,Yes,9,4,3,Oceania,Australia,Western Australia,Perth,Isla Sharma,isla.sharma@deloitte.com,Audit & Assurance,Risk Advisory - Technology Risk,CC-AUD-686,61,1964-12-10,,,Contractor,Active,3,5,5,3,No,No,9, TRUE ,FALSE,FALSE,TRUE,55+,6-10 yrs,Manager,0,Low
EMP0205,Lucas Thompson,lucas.thompson@deloitte.com,Male,2009-01-27,,,Yes,18,3,18,Asia,India,Karnataka,Bengaluru,Oliver Hall,oliver.hall@deloitte.com,Tax & Legal,Business Tax - Global Employer Services,CC-TAX-645,58,1968-05-04,,,Contractor,Active,5,2,3,5,No,No,18, TRUE ,FALSE,FALSE,TRUE,55+,11+ yrs,Director/Partner,4,Medium
EMP0206,Nathan Patel,nathan.patel@deloitte.com,Male,2013-08-10,,,Yes,13,3,13,Oceania,Australia,Western Australia,Perth,Joshua Taylor,joshua.taylor@deloitte.com,Tax & Legal,Business Tax - Global Employer Services,CC-TAX-337,47,1979-02-27,,,Full Time,Active,3,1,2,4,No,No,13, TRUE ,FALSE,FALSE,TRUE,45-54,11+ yrs,Senior Manager,5,Medium
EMP0207,Georgia Martinez,georgia.martinez@deloitte.com,Female,2016-10-09,,2019-02-06,Yes,10,4,7,Oceania,Australia,New South Wales,Sydney,Ella Patel,ella.patel@deloitte.com,Audit & Assurance,External Audit - Financial Services Audit,CC-AUD-281,51,1975-07-31,,,Full Time,Active,5,5,5,3,No,No,10, TRUE ,FALSE,FALSE,TRUE,45-54,6-10 yrs,Senior Manager,2,Low
EMP0208,Nisha King,nisha.king@deloitte.com,Female,2001-11-16,,2020-01-18,Yes,25,3,7,Oceania,Australia,South Australia,Adelaide,Isla Sharma,isla.sharma@deloitte.com,Consulting,Human Capital - HR Transformation,CC-CON-946,48,1978-02-24,,,Full Time,Active,5,5,3,4,No,No,25, TRUE ,FALSE,FALSE,TRUE,45-54,11+ yrs,Director/Partner,2,Low
EMP0209,Alex Kim,alex.kim@deloitte.com,Non-binary,2002-03-18,,,Yes,24,3,24,Oceania,Australia,Queensland,Brisbane,Matthew Lewis,matthew.lewis@deloitte.com,Enabling Areas,Marketing - Brand & Communications,CC-ENA-839,45,1981-04-22,,,Full Time,Active,4,3,4,5,No,No,24, TRUE ,FALSE,FALSE,TRUE,45-54,11+ yrs,Director/Partner,2,Low
EMP0210,Vikram Gupta,vikram.gupta@deloitte.com,Male,2004-04-26,,2009-05-04,Yes,22,3,17,Oceania,Australia,Victoria,Melbourne,William Lewis,william.lewis@deloitte.com,Consulting,Technology & Transformation - Data & AI,CC-CON-823,41,1985-03-19,,,Full Time,Active,4,3,4,3,No,No,22, TRUE ,FALSE,FALSE,TRUE,35-44,11+ yrs,Director/Partner,2,Low
EMP0211,Michael Lopez,michael.lopez@deloitte.com,Male,2025-06-10,,,Yes,1,0,1,Oceania,Australia,Western Australia,Perth,Laura Patel,laura.patel@deloitte.com,Tax & Legal,Legal - Regulatory,CC-TAX-887,31,1995-02-10,,,Full Time,Active,5,3,3,5,No,No,1, TRUE ,FALSE,FALSE,FALSE,25-34,1-2 yrs,Analyst,0,Low
EMP0212,Liam Lopez,liam.lopez@deloitte.com,Male,2016-11-15,,,Yes,10,2,10,Oceania,Australia,New South Wales,Sydney,Charlotte Iyer,charlotte.iyer@deloitte.com,Consulting,Technology & Transformation - Cyber,CC-CON-384,37,1988-08-07,,,Full Time,Active,4,4,5,1,No,No,10, TRUE ,FALSE,FALSE,TRUE,35-44,6-10 yrs,Senior Manager,3,Medium
EMP0213,Emma Reddy,emma.reddy@deloitte.com,Female,2021-02-18,,2022-02-12,Yes,5,2,4,Oceania,Australia,Queensland,Brisbane,Charlotte Iyer,charlotte.iyer@deloitte.com,Audit & Assurance,Risk Advisory - Regulatory Risk,CC-AUD-692,23,2002-10-14,,,Full Time,Active,3,1,4,3,No,No,5, TRUE ,FALSE,FALSE,TRUE,<25,3-5 yrs,Manager,4,Medium
EMP0214,Oscar Anderson,oscar.anderson@deloitte.com,Male,2002-11-29,,2015-09-18,Yes,24,5,11,Oceania,Australia,New South Wales,Sydney,Jacob White,jacob.white@deloitte.com,Consulting,Human Capital - Organisation Design,CC-CON-805,48,1978-05-09,,,Full Time,Active,4,4,4,3,No,No,24, TRUE ,FALSE,FALSE,TRUE,45-54,11+ yrs,Director/Partner,2,Low
EMP0215,Leo Chen,leo.chen@deloitte.com,Male,2015-11-15,,,Yes,11,2,11,Oceania,Australia,Victoria,Melbourne,Charlotte Green,charlotte.green@deloitte.com,Consulting,Technology & Transformation - Data & AI,CC-CON-576,57,1969-06-16,,,Contractor,Active,4,2,5,4,No,No,11, TRUE ,FALSE,FALSE,TRUE,55+,11+ yrs,Senior Manager,4,Medium
EMP0216,Jamie Wilson,jamie.wilson@deloitte.com,Non-binary,2011-08-01,,2013-08-05,Yes,15,5,13,Oceania,Australia,New South Wales,Sydney,Thomas Iyer,thomas.iyer@deloitte.com,Consulting,Technology & Transformation - Data & AI,CC-CON-438,42,1984-01-27,,,Full Time,Active,5,5,4,3,No,No,15, TRUE ,FALSE,FALSE,TRUE,35-44,11+ yrs,Senior Manager,2,Low
EMP0217,Emily Nguyen,emily.nguyen@deloitte.com,Female,2024-10-11,,,Yes,2,0,2,Oceania,Australia,Western Australia,Perth,Lily Taylor,lily.taylor@deloitte.com,Consulting,Technology & Transformation - Cyber,CC-CON-801,30,1996-06-17,,,Contractor,Active,3,5,4,2,No,No,2, TRUE ,FALSE,FALSE,FALSE,25-34,1-2 yrs,Consultant,1,Low
EMP0218,Ivy Brown,ivy.brown@deloitte.com,Female,2026-01-22,,,Yes,1,0,1,Oceania,Australia,Victoria,Melbourne,Jessica Chen,jessica.chen@deloitte.com,Consulting,Human Capital - People Analytics,CC-CON-480,42,1984-02-09,,,Contractor,Active,4,5,3,3,No,No,1, TRUE ,FALSE,TRUE,FALSE,35-44,1-2 yrs,Analyst,0,Low
EMP0219,Maya Wilson,maya.wilson@deloitte.com,Female,2020-08-26,,,Yes,6,1,6,Oceania,Australia,Victoria,Melbourne,Mia Lee,mia.lee@deloitte.com,Consulting,Strategy & Operations - Customer Strategy,CC-CON-235,33,1992-09-17,,,Full Time,Active,3,1,3,5,No,No,6, TRUE ,FALSE,FALSE,TRUE,25-34,6-10 yrs,Manager,4,Medium
EMP0220,Olivia Wilson,olivia.wilson@deloitte.com,Female,2003-11-27,,2021-07-31,Yes,23,4,5,Oceania,Australia,Victoria,Melbourne,Charlotte Green,charlotte.green@deloitte.com,Tax & Legal,Legal - Regulatory,CC-TAX-426,64,1962-06-01,,,Full Time,Active,4,4,3,2,No,No,23, TRUE ,FALSE,FALSE,TRUE,55+,11+ yrs,Director/Partner,3,Medium
EMP0221,Laura Kim,laura.kim@deloitte.com,Female,2009-04-07,,2025-07-22,Yes,17,3,1,Oceania,Australia,New South Wales,Sydney,Jessica Lewis,jessica.lewis@deloitte.com,Audit & Assurance,External Audit - Consumer Audit,CC-AUD-791,53,1972-09-22,,,Full Time,Active,2,3,2,3,No,No,17, TRUE ,FALSE,FALSE,TRUE,45-54,11+ yrs,Senior Manager,3,Medium
EMP0222,Adam Garcia,adam.garcia@deloitte.com,Male,2019-12-31,,,Yes,7,0,7,Oceania,Australia,New South Wales,Sydney,Oliver Kim,oliver.kim@deloitte.com,Consulting,Strategy & Operations - Operations Excellence,CC-CON-199,61,1965-07-20,,,Full Time,Active,4,4,4,3,No,No,7, TRUE ,FALSE,FALSE,FALSE,55+,6-10 yrs,Manager,3,Medium
EMP0223,Chloe Walker,chloe.walker@deloitte.com,Female,2016-04-20,,2025-08-21,Yes,10,4,1,Oceania,Australia,New South Wales,Sydney,Charlotte Adams,charlotte.adams@deloitte.com,Audit & Assurance,Risk Advisory - Internal Audit,CC-AUD-718,60,1965-12-11,,,Full Time,Active,4,4,3,4,No,No,10, TRUE ,FALSE,FALSE,TRUE,55+,6-10 yrs,Senior Manager,0,Low
EMP0224,Jessica Anderson,jessica.anderson@deloitte.com,Female,2014-08-27,,2018-09-17,Yes,12,3,8,Oceania,Australia,South Australia,Adelaide,Adam Adams,adam.adams@deloitte.com,Tax & Legal,Business Tax - Corporate Tax,CC-TAX-778,40,1986-04-30,,,Full Time,Active,4,4,4,4,No,No,12, TRUE ,FALSE,FALSE,TRUE,35-44,11+ yrs,Senior Manager,2,Low
EMP0225,Laura Mehta,laura.mehta@deloitte.com,Female,2007-09-23,,,Yes,19,3,19,Oceania,Australia,New South Wales,Sydney,Georgia Anderson,georgia.anderson@deloitte.com,Consulting,Technology & Transformation - Data & AI,CC-CON-936,41,1985-05-12,,,Full Time,Active,2,4,4,4,No,No,19, TRUE ,FALSE,FALSE,TRUE,35-44,11+ yrs,Director/Partner,4,Medium
EMP0226,Benjamin Walker,benjamin.walker@deloitte.com,Male,2013-01-27,,2020-08-31,Yes,14,1,6,Oceania,Australia,Western Australia,Perth,Michael Wright,michael.wright@deloitte.com,Consulting,Strategy & Operations - Business Transformation,CC-CON-726,49,1977-04-30,,,Full Time,Active,5,3,2,3,No,No,14, TRUE ,FALSE,FALSE,TRUE,45-54,11+ yrs,Senior Manager,3,Medium
EMP0227,Jessica Taylor,jessica.taylor@deloitte.com,Female,2025-07-27,,2026-05-13,Yes,1,0,0,Oceania,Australia,New South Wales,Sydney,Georgia Anderson,georgia.anderson@deloitte.com,Audit & Assurance,Risk Advisory - Technology Risk,CC-AUD-292,21,2005-07-27,,,Full Time,Active,4,5,3,3,No,No,1, TRUE ,FALSE,FALSE,FALSE,<25,1-2 yrs,Analyst,0,Low
EMP0228,Georgia Thompson,georgia.thompson@deloitte.com,Female,2016-03-11,2026-03-13,2021-07-31,Yes,10,2,5,Asia,India,Telangana,Hyderabad,Lucas Nair,lucas.nair@deloitte.com,Enabling Areas,Finance - Accounts Payable,CC-ENA-621,29,1996-08-06,Voluntary,Better Salary,Full Time,Inactive,2,4,2,2,Yes,Yes,10, FALSE ,TRUE,FALSE,TRUE,25-34,6-10 yrs,Senior Manager,6,High
EMP0229,Alexander Lee,alexander.lee@deloitte.com,Male,2018-05-24,2018-11-25,,Yes,1,0,1,Oceania,Australia,Western Australia,Perth,Arjun Anderson,arjun.anderson@deloitte.com,Tax & Legal,Legal - Regulatory,CC-TAX-180,38,1988-02-27,Voluntary,Relocation,Full Time,Inactive,3,3,2,3,Yes,Yes,1, FALSE ,TRUE,FALSE,FALSE,35-44,1-2 yrs,Analyst,1,Low
EMP0230,Matthew Adams,matthew.adams@deloitte.com,Male,2015-05-30,2020-07-31,2018-07-13,Yes,5,0,2,Oceania,Australia,Victoria,Melbourne,Aisha Tran,aisha.tran@deloitte.com,Tax & Legal,Legal - Commercial Advisory,CC-TAX-744,60,1965-08-28,Involuntary,Position Eliminated,Full Time,Inactive,2,1,1,5,Yes,Yes,5, FALSE ,TRUE,FALSE,FALSE,55+,3-5 yrs,Manager,6,High
EMP0231,Sarah Anderson,sarah.anderson@deloitte.com,Female,2008-11-22,,2026-01-05,Yes,18,5,1,Oceania,Australia,South Australia,Adelaide,Adam Mehta,adam.mehta@deloitte.com,Audit & Assurance,Risk Advisory - Technology Risk,CC-AUD-918,38,1987-12-08,,,Full Time,Active,4,1,5,5,No,No,18, TRUE ,FALSE,FALSE,TRUE,35-44,11+ yrs,Director/Partner,2,Low
EMP0232,Oscar Walker,oscar.walker@deloitte.com,Male,2017-03-09,,2020-01-16,Yes,9,2,7,Oceania,Australia,Victoria,Melbourne,Emily Nguyen,emily.nguyen@deloitte.com,Enabling Areas,Marketing - Digital Marketing,CC-ENA-587,52,1974-02-28,,,Full Time,Active,4,4,4,3,No,No,9, TRUE ,FALSE,FALSE,TRUE,45-54,6-10 yrs,Manager,2,Low
EMP0233,Daniel Wright,daniel.wright@deloitte.com,Male,2024-01-23,,,Yes,3,1,3,Oceania,Australia,Queensland,Brisbane,Charlotte Adams,charlotte.adams@deloitte.com,Enabling Areas,Technology - Enterprise Platforms,CC-ENA-376,30,1996-04-28,,,Full Time,Active,3,2,4,3,No,No,3, TRUE ,FALSE,FALSE,TRUE,25-34,3-5 yrs,Consultant,2,Low
EMP0234,Ryan King,ryan.king@deloitte.com,Male,2008-09-28,,,Yes,18,5,18,Oceania,Australia,New South Wales,Sydney,Isla King,isla.king@deloitte.com,Enabling Areas,Technology - IT Operations,CC-ENA-842,64,1962-05-29,,,Full Time,Active,3,3,1,2,No,No,18, TRUE ,FALSE,FALSE,TRUE,55+,11+ yrs,Director/Partner,4,Medium
EMP0235,Benjamin Young,benjamin.young@deloitte.com,Male,2005-06-18,2024-10-01,2014-05-21,Yes,19,2,10,Oceania,Australia,Queensland,Brisbane,Lucas Tran,lucas.tran@deloitte.com,Tax & Legal,Legal - Regulatory,CC-TAX-177,59,1967-06-23,Involuntary,Position Eliminated,Full Time,Inactive,3,4,2,2,Yes,Yes,19, FALSE ,TRUE,FALSE,TRUE,55+,11+ yrs,Director/Partner,4,Medium
EMP0236,Isla Green,isla.green@deloitte.com,Female,2024-06-17,2025-04-14,,Yes,1,0,1,Oceania,Australia,Victoria,Melbourne,Isla Taylor,isla.taylor@deloitte.com,Enabling Areas,Finance - Commercial Finance,CC-ENA-758,24,2002-02-12,Voluntary,Job Not Meeting Expectations,Full Time,Inactive,2,2,2,1,Yes,Yes,1, FALSE ,TRUE,FALSE,FALSE,<25,1-2 yrs,Analyst,6,High
EMP0237,Samuel Smith,samuel.smith@deloitte.com,Male,2023-09-09,,,Yes,3,0,3,Asia,India,Telangana,Hyderabad,Georgia Clark,georgia.clark@deloitte.com,Consulting,Strategy & Operations - Business Transformation,CC-CON-103,23,2003-07-07,,,Full Time,Active,3,4,4,2,No,No,3, TRUE ,FALSE,FALSE,FALSE,<25,3-5 yrs,Consultant,1,Low
EMP0238,Rahul Sharma,rahul.sharma@deloitte.com,Male,2017-12-20,,2022-07-23,Yes,9,1,4,Oceania,Australia,Queensland,Brisbane,Samuel Singh,samuel.singh@deloitte.com,Consulting,Human Capital - Organisation Design,CC-CON-295,64,1962-01-03,,,Full Time,Active,3,3,2,4,No,No,9, TRUE ,FALSE,FALSE,TRUE,55+,6-10 yrs,Manager,3,Medium
EMP0239,Adam Joshi,adam.joshi@deloitte.com,Male,2011-07-26,,2023-01-11,Yes,15,3,4,Oceania,Australia,South Australia,Adelaide,Charlotte Wong,charlotte.wong@deloitte.com,Consulting,Human Capital - People Analytics,CC-CON-445,33,1992-10-11,,,Full Time,Active,4,1,2,4,No,No,15, TRUE ,FALSE,FALSE,TRUE,25-34,11+ yrs,Senior Manager,5,Medium
EMP0240,Kiran Wong,kiran.wong@deloitte.com,Male,2019-08-09,2021-04-09,,Yes,2,1,2,Oceania,Australia,Victoria,Melbourne,Jacob White,jacob.white@deloitte.com,Consulting,Human Capital - People Analytics,CC-CON-567,30,1996-05-23,Voluntary,No Work-Life Balance,Contractor,Inactive,3,1,1,4,Yes,Yes,2, FALSE ,TRUE,FALSE,TRUE,25-34,1-2 yrs,Consultant,3,Medium
EMP0241,Priya Nair,priya.nair@deloitte.com,Female,2008-11-24,,2010-05-31,Yes,18,5,16,Oceania,Australia,Queensland,Brisbane,Isla Wilson,isla.wilson@deloitte.com,Audit & Assurance,Risk Advisory - Technology Risk,CC-AUD-695,41,1984-10-01,,,Full Time,Active,2,2,5,4,No,No,18, TRUE ,FALSE,FALSE,TRUE,35-44,11+ yrs,Director/Partner,6,High
EMP0242,Liam Tran,liam.tran@deloitte.com,Male,2017-08-28,2025-01-17,2021-05-01,Yes,7,1,4,Oceania,Australia,Queensland,Brisbane,Isla Sharma,isla.sharma@deloitte.com,Enabling Areas,Marketing - Brand & Communications,CC-ENA-278,26,1999-08-04,Involuntary,Position Eliminated,Full Time,Inactive,3,1,2,2,Yes,Yes,7, FALSE ,TRUE,FALSE,TRUE,25-34,6-10 yrs,Manager,6,High
EMP0243,Ava Kim,ava.kim@deloitte.com,Female,2010-06-22,,,Yes,16,3,16,Oceania,Australia,Victoria,Melbourne,Jessica Lewis,jessica.lewis@deloitte.com,Audit & Assurance,External Audit - Financial Services Audit,CC-AUD-801,36,1989-11-07,,,Contractor,Active,5,5,4,2,No,No,16, TRUE ,FALSE,FALSE,TRUE,35-44,11+ yrs,Senior Manager,3,Medium
EMP0244,Noah Singh,noah.singh@deloitte.com,Male,2014-08-11,,,Yes,12,5,12,Oceania,Australia,Victoria,Melbourne,Jack King,jack.king@deloitte.com,Consulting,Technology & Transformation - Data & AI,CC-CON-838,39,1986-11-16,,,Full Time,Active,4,4,4,4,No,No,12, TRUE ,FALSE,FALSE,TRUE,35-44,11+ yrs,Senior Manager,2,Low
EMP0245,Henry Martin,henry.martin@deloitte.com,Male,2007-04-15,,2012-09-22,Yes,19,5,14,Oceania,Australia,Queensland,Brisbane,Samuel Singh,samuel.singh@deloitte.com,Enabling Areas,Technology - IT Operations,CC-ENA-568,41,1984-11-25,,,Full Time,Active,4,4,5,3,No,No,19, TRUE ,FALSE,FALSE,TRUE,35-44,11+ yrs,Director/Partner,2,Low
EMP0246,Ruby Park,ruby.park@deloitte.com,Female,2021-06-29,,2026-04-01,Yes,5,0,0,Oceania,Australia,Queensland,Brisbane,Meera Green,meera.green@deloitte.com,Audit & Assurance,External Audit - Consumer Audit,CC-AUD-977,24,2001-12-22,,,Full Time,Active,4,5,3,3,No,No,5, TRUE ,FALSE,FALSE,FALSE,<25,3-5 yrs,Manager,1,Low
EMP0247,Ava Iyer,ava.iyer@deloitte.com,Female,2015-04-04,,,Yes,11,2,11,Asia,Singapore,Singapore,Singapore,William Lewis,william.lewis@deloitte.com,Consulting,Human Capital - Organisation Design,CC-CON-503,36,1989-12-05,,,Full Time,Active,4,4,5,3,No,No,11, TRUE ,FALSE,FALSE,TRUE,35-44,11+ yrs,Senior Manager,2,Low
EMP0248,Jessica Smith,jessica.smith2@deloitte.com,Female,2005-12-14,,,Yes,21,5,21,Oceania,Australia,Queensland,Brisbane,Lily Wong,lily.wong@deloitte.com,Enabling Areas,Finance - Commercial Finance,CC-ENA-515,47,1978-11-20,,,Full Time,Active,3,5,4,4,No,No,21, TRUE ,FALSE,FALSE,TRUE,45-54,11+ yrs,Director/Partner,2,Low
EMP0249,Emma Anderson,emma.anderson@deloitte.com,Female,2014-12-07,,2023-04-03,Yes,12,2,3,Asia,India,Telangana,Hyderabad,Lucas Taylor,lucas.taylor@deloitte.com,Consulting,Strategy & Operations - Customer Strategy,CC-CON-472,45,1981-07-20,,,Full Time,Active,5,2,3,4,No,No,12, TRUE ,FALSE,FALSE,TRUE,45-54,11+ yrs,Senior Manager,2,Low
EMP0250,Sophie Kim,sophie.kim3@deloitte.com,Female,2021-08-26,,,Yes,5,0,5,Oceania,Australia,Western Australia,Perth,Michael Chen,michael.chen@deloitte.com,Audit & Assurance,Risk Advisory - Internal Audit,CC-AUD-373,25,2001-05-15,,,Full Time,Active,4,3,2,3,No,No,5, TRUE ,FALSE,FALSE,FALSE,25-34,3-5 yrs,Manager,4,Medium
EMP0251,Sarah Chen,sarah.chen@deloitte.com,Female,2024-03-09,,,Yes,2,0,2,Asia,India,Telangana,Hyderabad,Charlotte Green,charlotte.green@deloitte.com,Enabling Areas,People & Culture - Talent Acquisition,CC-ENA-500,28,1998-03-29,,,Full Time,Active,5,3,5,2,No,No,2, TRUE ,FALSE,FALSE,FALSE,25-34,1-2 yrs,Consultant,1,Low
EMP0252,Ruby Walker,ruby.walker@deloitte.com,Female,2009-02-28,,2024-12-16,Yes,17,5,2,Oceania,Australia,Victoria,Melbourne,Jacob Smith,jacob.smith@deloitte.com,Consulting,Technology & Transformation - Cyber,CC-CON-760,52,1973-10-17,,,Full Time,Active,3,4,4,4,No,No,17, TRUE ,FALSE,FALSE,TRUE,45-54,11+ yrs,Senior Manager,0,Low
EMP0253,Benjamin Chen,benjamin.chen@deloitte.com,Male,2020-07-17,2024-01-23,2022-06-29,Yes,4,1,2,Oceania,Australia,Victoria,Melbourne,Meera Green,meera.green@deloitte.com,Audit & Assurance,Risk Advisory - Technology Risk,CC-AUD-279,56,1970-03-16,Voluntary,Better Salary,Full Time,Inactive,4,3,3,1,Yes,Yes,4, FALSE ,TRUE,FALSE,TRUE,55+,3-5 yrs,Consultant,1,Low
EMP0254,Amelia Singh,amelia.singh@deloitte.com,Female,2024-06-21,,,Yes,2,0,2,Oceania,Australia,Victoria,Melbourne,Benjamin Singh,benjamin.singh@deloitte.com,Audit & Assurance,Risk Advisory - Internal Audit,CC-AUD-259,32,1993-11-14,,,Full Time,Active,1,4,5,3,No,No,2, TRUE ,FALSE,FALSE,FALSE,25-34,1-2 yrs,Consultant,2,Low
EMP0255,Daniel Baker,daniel.baker@deloitte.com,Male,2006-08-06,,,Yes,20,5,20,Oceania,Australia,Victoria,Melbourne,Hannah Iyer,hannah.iyer@deloitte.com,Enabling Areas,Finance - Accounts Payable,CC-ENA-465,57,1969-07-08,,,Full Time,Active,2,2,4,4,No,No,20, TRUE ,FALSE,FALSE,TRUE,55+,11+ yrs,Director/Partner,6,High
EMP0256,Lucy Green,lucy.green@deloitte.com,Female,2012-06-22,,2014-12-04,Yes,14,4,12,Oceania,Australia,Victoria,Melbourne,Jacob Kim,jacob.kim@deloitte.com,Tax & Legal,Legal - Commercial Advisory,CC-TAX-833,33,1992-08-12,,,Full Time,Active,5,3,3,3,No,No,14, TRUE ,FALSE,FALSE,TRUE,25-34,11+ yrs,Senior Manager,2,Low
EMP0257,Nisha Kim,nisha.kim@deloitte.com,Female,2026-01-12,,,Yes,1,0,1,Oceania,Australia,New South Wales,Sydney,Charlotte Patel,charlotte.patel@deloitte.com,Consulting,Technology & Transformation - Data & AI,CC-CON-410,26,1999-11-19,,,Contractor,Active,4,5,5,2,No,No,1, TRUE ,FALSE,TRUE,FALSE,25-34,1-2 yrs,Analyst,1,Low
EMP0258,Nathan Kumar,nathan.kumar@deloitte.com,Male,2022-03-03,,2025-04-02,Yes,4,2,1,Oceania,Australia,New South Wales,Sydney,Chloe Lee,chloe.lee@deloitte.com,Tax & Legal,Legal - Employment Law,CC-TAX-672,26,1999-08-04,,,Full Time,Active,4,3,4,2,No,No,4, TRUE ,FALSE,FALSE,TRUE,25-34,3-5 yrs,Consultant,1,Low
EMP0259,Emma Nguyen,emma.nguyen@deloitte.com,Female,2023-12-14,,,Yes,3,1,3,Oceania,Australia,Victoria,Melbourne,Ella Patel,ella.patel@deloitte.com,Tax & Legal,Legal - Regulatory,CC-TAX-546,28,1998-07-01,,,Contractor,Active,5,4,4,4,No,No,3, TRUE ,FALSE,FALSE,TRUE,25-34,3-5 yrs,Consultant,0,Low
EMP0260,Sarah Park,sarah.park@deloitte.com,Female,2022-11-04,2025-07-05,,Yes,3,0,3,Oceania,Australia,New South Wales,Sydney,Adam Garcia,adam.garcia@deloitte.com,Tax & Legal,Business Tax - Global Employer Services,CC-TAX-298,22,2003-12-11,Voluntary,Company Culture,Full Time,Inactive,2,1,1,3,Yes,Yes,3, FALSE ,TRUE,FALSE,FALSE,<25,3-5 yrs,Consultant,5,Medium
EMP0261,Rahul White,rahul.white@deloitte.com,Male,2015-10-10,2021-08-31,2020-08-18,Yes,6,2,1,Oceania,Australia,Victoria,Melbourne,Charlotte Green,charlotte.green@deloitte.com,Consulting,Human Capital - HR Transformation,CC-CON-178,55,1971-05-24,Voluntary,Better Salary,Full Time,Inactive,1,1,1,2,Yes,Yes,6, FALSE ,TRUE,FALSE,TRUE,55+,6-10 yrs,Manager,6,High
EMP0262,Riley Clark,riley.clark@deloitte.com,Non-binary,2008-12-05,,2014-07-03,Yes,18,3,12,Oceania,Australia,Victoria,Melbourne,Charlotte Wong,charlotte.wong@deloitte.com,Enabling Areas,Marketing - Brand & Communications,CC-ENA-301,40,1985-08-15,,,Full Time,Active,2,4,4,1,No,No,18, TRUE ,FALSE,FALSE,TRUE,35-44,11+ yrs,Director/Partner,5,Medium
EMP0263,Amelia Wilson,amelia.wilson@deloitte.com,Female,2026-06-24,2026-07-24,,No,0,0,0,Asia,India,Telangana,Hyderabad,Ella Kim,ella.kim@deloitte.com,Tax & Legal,Legal - Commercial Advisory,CC-TAX-975,25,2001-01-02,Voluntary,No Work-Life Balance,Full Time,Inactive,3,1,2,3,Yes,Yes,0, FALSE ,TRUE,TRUE,FALSE,25-34,<1 yr,Analyst,3,Medium
EMP0264,Thomas Harris,thomas.harris@deloitte.com,Male,2004-06-04,,,Yes,22,5,22,Oceania,Australia,South Australia,Adelaide,Nisha Smith,nisha.smith@deloitte.com,Enabling Areas,Finance - Commercial Finance,CC-ENA-333,55,1970-08-03,,,Contractor,Active,3,4,3,3,No,No,22, TRUE ,FALSE,FALSE,TRUE,55+,11+ yrs,Director/Partner,2,Low
EMP0265,Daniel Singh,daniel.singh@deloitte.com,Male,2021-07-18,,2023-08-17,Yes,5,1,3,Oceania,Australia,New South Wales,Sydney,Arjun Anderson,arjun.anderson@deloitte.com,Enabling Areas,Finance - Financial Planning,CC-ENA-961,39,1987-05-13,,,Full Time,Active,5,5,3,1,No,No,5, TRUE ,FALSE,FALSE,TRUE,35-44,3-5 yrs,Manager,1,Low
EMP0266,Benjamin White,benjamin.white@deloitte.com,Male,2023-06-12,2024-04-30,,Yes,1,0,1,Oceania,Australia,New South Wales,Sydney,Laura Harris,laura.harris@deloitte.com,Tax & Legal,Business Tax - Global Employer Services,CC-TAX-964,46,1980-03-12,Voluntary,Job Not Meeting Expectations,Full Time,Inactive,2,1,4,3,Yes,Yes,1, FALSE ,TRUE,FALSE,FALSE,45-54,1-2 yrs,Analyst,4,Medium
EMP0267,Vikram Reddy,vikram.reddy@deloitte.com,Male,2018-02-21,,2023-09-25,Yes,8,3,3,Oceania,Australia,Victoria,Melbourne,Jessica Lewis,jessica.lewis@deloitte.com,Consulting,Human Capital - Organisation Design,CC-CON-127,51,1975-07-08,,,Contractor,Active,5,3,4,2,No,No,8, TRUE ,FALSE,FALSE,TRUE,45-54,6-10 yrs,Manager,1,Low
EMP0268,Jack Anderson,jack.anderson@deloitte.com,Male,2022-01-29,,,Yes,5,0,5,Asia,India,Karnataka,Bengaluru,Ava Thomas,ava.thomas@deloitte.com,Enabling Areas,People & Culture - Learning & Development,CC-ENA-560,63,1963-04-24,,,Full Time,Active,3,3,4,1,No,No,5, TRUE ,FALSE,FALSE,FALSE,55+,3-5 yrs,Manager,4,Medium
EMP0269,Joshua Adams,joshua.adams@deloitte.com,Male,2022-12-01,,,Yes,4,1,4,Oceania,Australia,New South Wales,Sydney,Arjun Anderson,arjun.anderson@deloitte.com,Audit & Assurance,External Audit - Consumer Audit,CC-AUD-369,31,1995-04-09,,,Full Time,Active,4,5,4,3,No,No,4, TRUE ,FALSE,FALSE,TRUE,25-34,3-5 yrs,Consultant,2,Low
EMP0270,Arjun Taylor,arjun.taylor@deloitte.com,Male,2022-08-25,,,Yes,4,0,4,Asia,Singapore,Singapore,Singapore,Jessica Chen,jessica.chen@deloitte.com,Tax & Legal,Business Tax - Global Employer Services,CC-TAX-350,22,2004-05-29,,,Full Time,Active,3,4,4,5,No,No,4, TRUE ,FALSE,FALSE,FALSE,<25,3-5 yrs,Consultant,3,Medium
EMP0271,Olivia Martin,olivia.martin@deloitte.com,Female,2002-09-08,2021-09-19,2012-08-16,Yes,19,4,9,Oceania,Australia,New South Wales,Sydney,Jessica Thompson,jessica.thompson@deloitte.com,Consulting,Human Capital - People Analytics,CC-CON-807,42,1983-10-26,Voluntary,No Work-Life Balance,Full Time,Inactive,3,2,3,3,Yes,Yes,19, FALSE ,TRUE,FALSE,TRUE,35-44,11+ yrs,Director/Partner,4,Medium
EMP0272,Emma Anderson,emma.anderson2@deloitte.com,Female,2012-11-21,,2018-06-13,Yes,14,3,8,Oceania,Australia,Victoria,Melbourne,Amelia Tran,amelia.tran@deloitte.com,Enabling Areas,Marketing - Brand & Communications,CC-ENA-455,55,1970-11-18,,,Full Time,Active,4,4,3,4,No,No,14, TRUE ,FALSE,FALSE,TRUE,55+,11+ yrs,Senior Manager,2,Low
EMP0273,Jessica Patel,jessica.patel@deloitte.com,Female,2020-03-04,,,Yes,6,1,6,Oceania,Australia,New South Wales,Sydney,Georgia Anderson,georgia.anderson@deloitte.com,Enabling Areas,Technology - Information Security,CC-ENA-645,33,1993-03-01,,,Full Time,Active,5,5,5,5,No,No,6, TRUE ,FALSE,FALSE,TRUE,25-34,6-10 yrs,Manager,2,Low
EMP0274,Noah Chen,noah.chen@deloitte.com,Male,2021-06-14,2025-05-17,,Yes,4,0,4,Asia,India,Telangana,Hyderabad,Amelia Thompson,amelia.thompson@deloitte.com,Tax & Legal,Business Tax - Indirect Tax,CC-TAX-803,33,1993-02-03,Voluntary,Lack of Learning Opportunities,Full Time,Inactive,3,2,1,2,Yes,Yes,4, FALSE ,TRUE,FALSE,FALSE,25-34,3-5 yrs,Consultant,7,High
EMP0275,Jamie Wilson,jamie.wilson2@deloitte.com,Non-binary,2016-11-28,,,Yes,10,1,10,Oceania,Australia,Victoria,Melbourne,Nisha Lopez,nisha.lopez@deloitte.com,Consulting,Human Capital - Organisation Design,CC-CON-405,33,1992-10-21,,,Full Time,Active,5,5,3,3,No,No,10, TRUE ,FALSE,FALSE,TRUE,25-34,6-10 yrs,Senior Manager,2,Low
EMP0276,Oliver Nair,oliver.nair3@deloitte.com,Male,2017-05-29,,2025-05-07,Yes,9,1,1,Oceania,Australia,Victoria,Melbourne,David Martin,david.martin@deloitte.com,Tax & Legal,Legal - Regulatory,CC-TAX-854,29,1996-11-29,,,Full Time,Active,3,4,3,3,No,No,9, TRUE ,FALSE,FALSE,TRUE,25-34,6-10 yrs,Manager,0,Low
EMP0277,Sophie Young,sophie.young@deloitte.com,Female,2015-05-06,,2020-01-14,Yes,11,4,7,Oceania,Australia,Victoria,Melbourne,Laura Anderson,laura.anderson@deloitte.com,Audit & Assurance,Risk Advisory - Internal Audit,CC-AUD-832,38,1988-03-13,,,Full Time,Active,3,3,4,5,No,No,11, TRUE ,FALSE,FALSE,TRUE,35-44,11+ yrs,Senior Manager,2,Low
EMP0278,Ella Taylor,ella.taylor3@deloitte.com,Female,2011-05-07,,,Yes,15,2,15,Oceania,Australia,New South Wales,Sydney,Georgia Adams,georgia.adams@deloitte.com,Tax & Legal,Legal - Commercial Advisory,CC-TAX-942,63,1962-12-01,,,Full Time,Active,4,3,5,2,No,No,15, TRUE ,FALSE,FALSE,TRUE,55+,11+ yrs,Senior Manager,3,Medium
EMP0279,Priya Gupta,priya.gupta@deloitte.com,Female,2025-10-23,,,Yes,1,0,1,Oceania,Australia,Victoria,Melbourne,Oliver Hall,oliver.hall@deloitte.com,Tax & Legal,Business Tax - Indirect Tax,CC-TAX-530,23,2002-12-19,,,Full Time,Active,4,4,4,3,No,No,1, TRUE ,FALSE,TRUE,FALSE,<25,1-2 yrs,Analyst,0,Low
EMP0280,Mia Clark,mia.clark@deloitte.com,Female,2006-02-07,,2019-07-06,Yes,20,3,7,Oceania,Australia,Western Australia,Perth,Charlotte Adams,charlotte.adams@deloitte.com,Enabling Areas,Technology - Enterprise Platforms,CC-ENA-589,61,1965-03-16,,,Full Time,Active,5,2,3,4,No,No,20, TRUE ,FALSE,FALSE,TRUE,55+,11+ yrs,Director/Partner,4,Medium
EMP0281,Olivia Lewis,olivia.lewis@deloitte.com,Female,2022-04-09,,,Yes,4,0,4,Oceania,Australia,Queensland,Brisbane,Lily Sharma,lily.sharma@deloitte.com,Enabling Areas,Finance - Accounts Payable,CC-ENA-818,26,2000-02-29,,,Full Time,Active,5,1,4,4,No,No,4, TRUE ,FALSE,FALSE,FALSE,25-34,3-5 yrs,Consultant,5,Medium
EMP0282,Ananya Harris,ananya.harris@deloitte.com,Female,2000-08-19,,,Yes,26,4,26,Asia,India,Telangana,Hyderabad,Laura Anderson,laura.anderson@deloitte.com,Tax & Legal,Legal - Regulatory,CC-TAX-606,57,1968-09-30,,,Full Time,Active,3,3,3,3,No,No,26, TRUE ,FALSE,FALSE,TRUE,55+,11+ yrs,Director/Partner,2,Low
EMP0283,Ryan Lewis,ryan.lewis@deloitte.com,Male,2018-04-29,2021-05-05,2020-01-30,Yes,3,1,1,Oceania,Australia,Victoria,Melbourne,Emily Harris,emily.harris@deloitte.com,Enabling Areas,Finance - Commercial Finance,CC-ENA-492,47,1978-11-01,Voluntary,Better Career Opportunity,Full Time,Inactive,3,3,2,1,Yes,Yes,3, FALSE ,TRUE,FALSE,TRUE,45-54,3-5 yrs,Consultant,2,Low
EMP0284,Ethan Martinez,ethan.martinez@deloitte.com,Male,2023-06-02,,,Yes,3,2,3,Oceania,Australia,Victoria,Melbourne,Benjamin Singh,benjamin.singh@deloitte.com,Tax & Legal,Legal - Commercial Advisory,CC-TAX-191,23,2002-08-03,,,Full Time,Active,3,4,3,2,No,No,3, TRUE ,FALSE,FALSE,TRUE,<25,3-5 yrs,Consultant,1,Low
EMP0285,Emily Tran,emily.tran@deloitte.com,Female,2015-09-20,,2024-10-01,Yes,11,3,2,Oceania,Australia,New South Wales,Sydney,Mia Hall,mia.hall@deloitte.com,Enabling Areas,People & Culture - Talent Acquisition,CC-ENA-252,38,1988-02-01,,,Full Time,Active,2,3,4,2,No,No,11, TRUE ,FALSE,FALSE,TRUE,35-44,11+ yrs,Senior Manager,3,Medium
EMP0286,Zoe Tran,zoe.tran2@deloitte.com,Female,2023-03-10,,,Yes,3,2,3,Oceania,Australia,Victoria,Melbourne,Charlotte Patel,charlotte.patel@deloitte.com,Audit & Assurance,Risk Advisory - Regulatory Risk,CC-AUD-779,23,2003-03-15,,,Contractor,Active,4,4,5,4,No,No,3, TRUE ,FALSE,FALSE,TRUE,<25,3-5 yrs,Consultant,0,Low
EMP0287,Rohan Anderson,rohan.anderson@deloitte.com,Male,2023-06-14,,2025-11-06,Yes,3,2,1,Oceania,Australia,Victoria,Melbourne,Lily Wong,lily.wong@deloitte.com,Enabling Areas,Marketing - Client Experience,CC-ENA-375,36,1990-04-13,,,Full Time,Active,4,1,5,4,No,No,3, TRUE ,FALSE,FALSE,TRUE,35-44,3-5 yrs,Consultant,2,Low
EMP0288,Arjun Park,arjun.park@deloitte.com,Male,2015-12-16,,,Yes,11,2,11,Oceania,Australia,Victoria,Melbourne,Mia Lee,mia.lee@deloitte.com,Enabling Areas,People & Culture - Talent Acquisition,CC-ENA-972,29,1996-11-17,,,Full Time,Active,3,3,3,4,No,No,11, TRUE ,FALSE,FALSE,TRUE,25-34,11+ yrs,Senior Manager,2,Low
EMP0289,William Martin,william.martin@deloitte.com,Male,2022-03-23,,2026-07-22,Yes,4,2,0,Oceania,Australia,New South Wales,Sydney,Michael Clark,michael.clark@deloitte.com,Enabling Areas,Technology - Information Security,CC-ENA-714,40,1986-04-09,,,Full Time,Active,4,4,5,4,No,No,4, TRUE ,FALSE,FALSE,TRUE,35-44,3-5 yrs,Consultant,0,Low
EMP0290,Aisha Thomas,aisha.thomas@deloitte.com,Female,2023-03-15,,,Yes,3,1,3,Oceania,Australia,New South Wales,Sydney,Leo Walker,leo.walker@deloitte.com,Enabling Areas,Technology - IT Operations,CC-ENA-230,23,2003-04-20,,,Contractor,Active,4,3,3,3,No,No,3, TRUE ,FALSE,FALSE,TRUE,<25,3-5 yrs,Consultant,0,Low
EMP0291,David Anderson,david.anderson@deloitte.com,Male,2021-11-21,,2026-06-03,Yes,5,1,0,Oceania,Australia,Victoria,Melbourne,Georgia Anderson,georgia.anderson@deloitte.com,Enabling Areas,Finance - Financial Planning,CC-ENA-963,23,2003-04-20,,,Full Time,Active,3,2,5,3,No,No,5, TRUE ,FALSE,FALSE,TRUE,<25,3-5 yrs,Manager,2,Low
EMP0292,Kiran Joshi,kiran.joshi@deloitte.com,Male,2015-04-24,,2017-11-17,Yes,11,3,9,Oceania,Australia,Victoria,Melbourne,Georgia Adams,georgia.adams@deloitte.com,Consulting,Technology & Transformation - Data & AI,CC-CON-771,60,1965-12-14,,,Contractor,Active,4,4,5,5,No,No,11, TRUE ,FALSE,FALSE,TRUE,55+,11+ yrs,Senior Manager,2,Low
EMP0293,Daniel Adams,daniel.adams@deloitte.com,Male,2016-03-07,,2025-09-11,Yes,10,5,1,Asia,Singapore,Singapore,Singapore,Arjun Anderson,arjun.anderson@deloitte.com,Consulting,Technology & Transformation - Enterprise Applications,CC-CON-764,60,1966-06-12,,,Full Time,Active,3,3,5,5,No,No,10, TRUE ,FALSE,FALSE,TRUE,55+,6-10 yrs,Senior Manager,0,Low
EMP0294,Oliver Adams,oliver.adams2@deloitte.com,Male,2021-04-05,2026-05-27,2025-09-09,Yes,5,2,1,Oceania,Australia,Victoria,Melbourne,Charlotte Patel,charlotte.patel@deloitte.com,Enabling Areas,People & Culture - Learning & Development,CC-ENA-108,50,1975-10-15,Voluntary,No Work-Life Balance,Full Time,Inactive,1,2,2,2,Yes,Yes,5, FALSE ,TRUE,FALSE,TRUE,45-54,3-5 yrs,Manager,6,High
EMP0295,Sarah Garcia,sarah.garcia@deloitte.com,Female,2021-11-19,2022-01-26,,No,0,0,0,Oceania,Australia,New South Wales,Sydney,William Iyer,william.iyer@deloitte.com,Tax & Legal,Legal - Regulatory,CC-TAX-546,60,1966-07-14,Voluntary,Better Career Opportunity,Full Time,Inactive,1,2,2,2,Yes,Yes,0, FALSE ,TRUE,FALSE,FALSE,55+,<1 yr,Analyst,6,High
EMP0296,Laura Mehta,laura.mehta2@deloitte.com,Female,2023-09-26,,,Yes,3,0,3,Oceania,Australia,Victoria,Melbourne,Ella Patel,ella.patel@deloitte.com,Consulting,Strategy & Operations - Operations Excellence,CC-CON-232,29,1996-12-29,,,Contractor,Active,3,2,4,4,No,No,3, TRUE ,FALSE,FALSE,FALSE,25-34,3-5 yrs,Consultant,2,Low
EMP0297,Daniel Adams,daniel.adams2@deloitte.com,Male,2020-05-08,2023-05-11,,Yes,3,2,3,Oceania,Australia,New South Wales,Sydney,Mia Nair,mia.nair@deloitte.com,Audit & Assurance,External Audit - Public Sector Audit,CC-AUD-329,36,1989-11-16,Voluntary,No Work-Life Balance,Full Time,Inactive,3,1,4,3,Yes,Yes,3, FALSE ,TRUE,FALSE,TRUE,35-44,3-5 yrs,Consultant,2,Low
EMP0298,Ethan White,ethan.white@deloitte.com,Male,2025-04-23,,,Yes,1,0,1,Oceania,Australia,New South Wales,Sydney,Meera Green,meera.green@deloitte.com,Consulting,Technology & Transformation - Enterprise Applications,CC-CON-260,24,2002-03-13,,,Contractor,Active,4,4,4,3,No,No,1, TRUE ,FALSE,FALSE,FALSE,<25,1-2 yrs,Analyst,0,Low
EMP0299,William Singh,william.singh@deloitte.com,Male,2007-04-11,,,Yes,19,3,19,Oceania,Australia,Victoria,Melbourne,Olivia Iyer,olivia.iyer@deloitte.com,Enabling Areas,Technology - Information Security,CC-ENA-780,42,1983-10-10,,,Contractor,Active,3,4,4,4,No,No,19, TRUE ,FALSE,FALSE,TRUE,35-44,11+ yrs,Director/Partner,2,Low
EMP0300,Aisha Gupta,aisha.gupta@deloitte.com,Female,2023-02-25,,2024-06-17,Yes,3,1,2,Oceania,Australia,New South Wales,Sydney,Mia Lee,mia.lee@deloitte.com,Audit & Assurance,Risk Advisory - Technology Risk,CC-AUD-502,47,1979-03-23,,,Full Time,Active,4,4,4,5,No,No,3, TRUE ,FALSE,FALSE,TRUE,45-54,3-5 yrs,Consultant,0,Low
EMP0301,Emma Chen,emma.chen@deloitte.com,Female,2014-03-04,,,Yes,12,2,12,Oceania,Australia,Queensland,Brisbane,Matthew Lewis,matthew.lewis@deloitte.com,Enabling Areas,Marketing - Client Experience,CC-ENA-310,39,1987-03-03,,,Contractor,Active,5,4,4,3,No,No,12, TRUE ,FALSE,FALSE,TRUE,35-44,11+ yrs,Senior Manager,2,Low
EMP0302,Maya Nair,maya.nair2@deloitte.com,Female,2012-11-18,,2016-03-14,Yes,14,5,10,Oceania,Australia,New South Wales,Sydney,Grace Lewis,grace.lewis@deloitte.com,Audit & Assurance,External Audit - Financial Services Audit,CC-AUD-915,33,1993-01-02,,,Full Time,Active,4,3,5,3,No,No,14, TRUE ,FALSE,FALSE,TRUE,25-34,11+ yrs,Senior Manager,2,Low
EMP0303,Sarah Martin,sarah.martin@deloitte.com,Female,2023-01-01,,2024-03-11,Yes,4,1,2,Oceania,Australia,Western Australia,Perth,Henry Nguyen,henry.nguyen@deloitte.com,Audit & Assurance,Risk Advisory - Internal Audit,CC-AUD-391,24,2002-02-07,,,Full Time,Active,4,4,4,2,No,No,4, TRUE ,FALSE,FALSE,TRUE,<25,3-5 yrs,Consultant,1,Low
EMP0304,Ella King,ella.king@deloitte.com,Female,2022-10-26,,2023-11-10,Yes,4,2,3,Oceania,Australia,Victoria,Melbourne,Leo Kim,leo.kim@deloitte.com,Enabling Areas,People & Culture - Learning & Development,CC-ENA-793,27,1999-01-15,,,Full Time,Active,4,4,4,3,No,No,4, TRUE ,FALSE,FALSE,TRUE,25-34,3-5 yrs,Consultant,0,Low
EMP0305,Kavya Iyer,kavya.iyer2@deloitte.com,Female,2021-12-16,,2025-04-14,Yes,5,2,1,Oceania,Australia,Victoria,Melbourne,Leo Kim,leo.kim@deloitte.com,Enabling Areas,Marketing - Brand & Communications,CC-ENA-864,49,1977-07-19,,,Full Time,Active,3,4,5,2,No,No,5, TRUE ,FALSE,FALSE,TRUE,45-54,3-5 yrs,Manager,1,Low
EMP0306,Jack Martin,jack.martin@deloitte.com,Male,2013-05-11,,2022-04-01,Yes,13,4,4,Oceania,Australia,Victoria,Melbourne,Sienna King,sienna.king@deloitte.com,Tax & Legal,Legal - Commercial Advisory,CC-TAX-287,44,1982-05-20,,,Full Time,Active,5,4,2,3,No,No,13, TRUE ,FALSE,FALSE,TRUE,35-44,11+ yrs,Senior Manager,3,Medium
EMP0307,Rohan Nguyen,rohan.nguyen@deloitte.com,Male,2025-05-18,,,Yes,1,0,1,Oceania,Australia,Western Australia,Perth,Jacob Kim,jacob.kim@deloitte.com,Enabling Areas,Finance - Commercial Finance,CC-ENA-433,57,1969-01-06,,,Full Time,Active,2,4,4,3,No,No,1, TRUE ,FALSE,FALSE,FALSE,55+,1-2 yrs,Analyst,2,Low
EMP0308,Arjun Wong,arjun.wong@deloitte.com,Male,2026-07-01,,,No,0,0,0,Oceania,Australia,Queensland,Brisbane,William Iyer,william.iyer@deloitte.com,Consulting,Technology & Transformation - Cyber,CC-CON-654,23,2003-07-10,,,Full Time,Active,4,2,4,2,No,No,0, TRUE ,FALSE,TRUE,FALSE,<25,<1 yr,Analyst,3,Medium
EMP0309,Sienna Brown,sienna.brown@deloitte.com,Female,2022-06-16,2023-09-10,,Yes,1,0,1,Oceania,Australia,New South Wales,Sydney,Chloe Lee,chloe.lee@deloitte.com,Enabling Areas,People & Culture - Learning & Development,CC-ENA-547,28,1998-07-04,Voluntary,Other Personal Reasons,Full Time,Inactive,2,1,3,2,Yes,Yes,1, FALSE ,TRUE,FALSE,FALSE,25-34,1-2 yrs,Analyst,5,Medium
EMP0310,Sophie Wright,sophie.wright@deloitte.com,Female,2021-03-22,,2023-07-16,Yes,5,3,3,Asia,India,Telangana,Hyderabad,Adam Mehta,adam.mehta@deloitte.com,Enabling Areas,People & Culture - Talent Acquisition,CC-ENA-307,26,1999-10-18,,,Contractor,Active,3,4,3,3,No,No,5, TRUE ,FALSE,FALSE,TRUE,25-34,3-5 yrs,Manager,0,Low
EMP0311,Jack Green,jack.green@deloitte.com,Male,2025-03-23,2025-05-06,,No,0,0,0,Oceania,Australia,Victoria,Melbourne,Oliver Lee,oliver.lee@deloitte.com,Audit & Assurance,Risk Advisory - Regulatory Risk,CC-AUD-516,24,2002-01-10,Voluntary,Dissatisfied with Manager,Full Time,Inactive,2,4,1,3,Yes,Yes,0, FALSE ,TRUE,FALSE,FALSE,<25,<1 yr,Analyst,3,Medium
EMP0312,Rohan Kim,rohan.kim@deloitte.com,Male,2000-01-17,,2008-01-17,Yes,27,3,19,Oceania,Australia,New South Wales,Sydney,Michael Wright,michael.wright@deloitte.com,Audit & Assurance,Risk Advisory - Technology Risk,CC-AUD-265,49,1976-08-22,,,Full Time,Active,4,4,3,3,No,No,27, TRUE ,FALSE,FALSE,TRUE,45-54,11+ yrs,Director/Partner,2,Low
EMP0313,Emily Kim,emily.kim@deloitte.com,Female,2010-11-26,,2019-01-29,Yes,16,3,8,Oceania,Australia,Victoria,Melbourne,Sophie Mehta,sophie.mehta@deloitte.com,Enabling Areas,Technology - IT Operations,CC-ENA-808,38,1988-03-09,,,Full Time,Active,2,5,4,1,No,No,16, TRUE ,FALSE,FALSE,TRUE,35-44,11+ yrs,Senior Manager,5,Medium
EMP0314,Sophie Gupta,sophie.gupta@deloitte.com,Female,2021-12-07,,,Yes,5,2,5,Oceania,Australia,Queensland,Brisbane,Charlotte Martin,charlotte.martin@deloitte.com,Enabling Areas,Technology - Enterprise Platforms,CC-ENA-281,56,1970-07-23,,,Full Time,Active,5,4,5,2,No,No,5, TRUE ,FALSE,FALSE,TRUE,55+,3-5 yrs,Manager,3,Medium
EMP0315,Grace Joshi,grace.joshi@deloitte.com,Female,2022-12-28,,,Yes,4,0,4,Asia,Singapore,Singapore,Singapore,Nathan Sharma,nathan.sharma@deloitte.com,Consulting,Human Capital - HR Transformation,CC-CON-820,21,2004-11-22,,,Full Time,Active,4,3,3,4,No,No,4, TRUE ,FALSE,FALSE,FALSE,<25,3-5 yrs,Consultant,3,Medium
EMP0316,Georgia Green,georgia.green@deloitte.com,Female,2022-02-27,,,Yes,4,1,4,Oceania,Australia,Victoria,Melbourne,Amelia Tran,amelia.tran@deloitte.com,Audit & Assurance,Risk Advisory - Technology Risk,CC-AUD-968,57,1969-04-14,,,Full Time,Active,4,5,4,4,No,No,4, TRUE ,FALSE,FALSE,TRUE,55+,3-5 yrs,Consultant,2,Low
EMP0317,Jessica Mehta,jessica.mehta@deloitte.com,Female,2023-06-17,,,Yes,3,1,3,Oceania,Australia,Victoria,Melbourne,Thomas Iyer,thomas.iyer@deloitte.com,Audit & Assurance,External Audit - Consumer Audit,CC-AUD-530,21,2005-03-07,,,Contractor,Active,4,3,3,3,No,No,3, TRUE ,FALSE,FALSE,TRUE,<25,3-5 yrs,Consultant,0,Low
EMP0318,Jacob Brown,jacob.brown@deloitte.com,Male,2019-01-15,,2023-03-23,Yes,8,2,3,Oceania,Australia,Queensland,Brisbane,Jacob White,jacob.white@deloitte.com,Tax & Legal,Legal - Commercial Advisory,CC-TAX-210,35,1991-07-20,,,Contractor,Active,4,5,5,4,No,No,8, TRUE ,FALSE,FALSE,TRUE,35-44,6-10 yrs,Manager,0,Low
EMP0319,Henry Anderson,henry.anderson@deloitte.com,Male,2019-09-02,,2021-02-13,Yes,7,0,5,Oceania,Australia,South Australia,Adelaide,Henry Joshi,henry.joshi@deloitte.com,Enabling Areas,People & Culture - Learning & Development,CC-ENA-725,59,1967-06-14,,,Full Time,Active,4,2,4,4,No,No,7, TRUE ,FALSE,FALSE,FALSE,55+,6-10 yrs,Manager,5,Medium
EMP0320,Meera Nair,meera.nair2@deloitte.com,Female,2025-11-13,,,Yes,1,0,1,Oceania,Australia,Victoria,Melbourne,Amelia Mehta,amelia.mehta@deloitte.com,Consulting,Human Capital - Organisation Design,CC-CON-436,27,1999-06-13,,,Full Time,Active,4,2,1,4,No,No,1, TRUE ,FALSE,TRUE,FALSE,25-34,1-2 yrs,Analyst,3,Medium
EMP0321,Oscar Lewis,oscar.lewis@deloitte.com,Male,2022-10-29,,,Yes,4,1,4,Oceania,Australia,New South Wales,Sydney,Amelia Mehta,amelia.mehta@deloitte.com,Tax & Legal,Legal - Regulatory,CC-TAX-654,57,1968-10-04,,,Full Time,Active,4,2,3,3,No,No,4, TRUE ,FALSE,FALSE,TRUE,55+,3-5 yrs,Consultant,4,Medium
EMP0322,Ava Chen,ava.chen@deloitte.com,Female,2006-06-27,,,Yes,20,3,20,Oceania,Australia,South Australia,Adelaide,Vikram Martinez,vikram.martinez@deloitte.com,Audit & Assurance,Risk Advisory - Regulatory Risk,CC-AUD-808,58,1968-07-02,,,Full Time,Active,5,4,3,4,No,No,20, TRUE ,FALSE,FALSE,TRUE,55+,11+ yrs,Director/Partner,2,Low
EMP0323,Ethan Adams,ethan.adams@deloitte.com,Male,2007-04-12,,,Yes,19,4,19,Oceania,Australia,Victoria,Melbourne,Lucas Wong,lucas.wong@deloitte.com,Tax & Legal,Legal - Commercial Advisory,CC-TAX-509,47,1979-01-16,,,Full Time,Active,3,5,3,2,No,No,19, TRUE ,FALSE,FALSE,TRUE,45-54,11+ yrs,Director/Partner,3,Medium
EMP0324,Zoe Walker,zoe.walker@deloitte.com,Female,2009-07-18,,2010-09-14,Yes,17,5,16,Asia,India,Telangana,Hyderabad,Grace Park,grace.park@deloitte.com,Audit & Assurance,External Audit - Financial Services Audit,CC-AUD-280,39,1987-03-14,,,Full Time,Active,5,5,1,4,No,No,17, TRUE ,FALSE,FALSE,TRUE,35-44,11+ yrs,Senior Manager,3,Medium
EMP0325,Maya Martin,maya.martin@deloitte.com,Female,2015-07-19,,2017-12-16,Yes,11,0,9,Oceania,Australia,Victoria,Melbourne,Matthew Lewis,matthew.lewis@deloitte.com,Audit & Assurance,External Audit - Financial Services Audit,CC-AUD-645,42,1983-11-16,,,Full Time,Active,3,3,4,5,No,No,11, TRUE ,FALSE,FALSE,FALSE,35-44,11+ yrs,Senior Manager,3,Medium
EMP0326,Mia Lopez,mia.lopez@deloitte.com,Female,2024-01-08,2024-10-17,2024-10-15,Yes,1,0,0,Oceania,Australia,Western Australia,Perth,Laura Anderson,laura.anderson@deloitte.com,Enabling Areas,People & Culture - Talent Acquisition,CC-ENA-620,58,1967-11-05,Voluntary,Better Career Opportunity,Full Time,Inactive,2,4,4,2,Yes,Yes,1, FALSE ,TRUE,FALSE,FALSE,55+,1-2 yrs,Analyst,3,Medium
EMP0327,Daniel Tran,daniel.tran@deloitte.com,Male,2026-01-26,,,Yes,1,0,1,Oceania,Australia,Victoria,Melbourne,Lucy Reddy,lucy.reddy@deloitte.com,Enabling Areas,Finance - Accounts Payable,CC-ENA-360,51,1974-12-16,,,Full Time,Active,4,2,2,3,No,No,1, TRUE ,FALSE,TRUE,FALSE,45-54,1-2 yrs,Analyst,3,Medium
EMP0328,Hannah Wilson,hannah.wilson@deloitte.com,Female,2015-02-02,,2024-08-08,Yes,11,5,2,Oceania,Australia,Victoria,Melbourne,Leo Walker,leo.walker@deloitte.com,Tax & Legal,Business Tax - Indirect Tax,CC-TAX-333,50,1976-04-19,,,Full Time,Active,2,2,1,3,No,No,11, TRUE ,FALSE,FALSE,TRUE,45-54,11+ yrs,Senior Manager,5,Medium
EMP0329,Priya Wright,priya.wright2@deloitte.com,Female,2023-06-27,,,Yes,3,1,3,Oceania,Australia,Victoria,Melbourne,Luke Wright,luke.wright@deloitte.com,Tax & Legal,Legal - Employment Law,CC-TAX-941,40,1986-07-16,,,Full Time,Active,4,4,4,4,No,No,3, TRUE ,FALSE,FALSE,TRUE,35-44,3-5 yrs,Consultant,0,Low
EMP0330,William Nair,william.nair@deloitte.com,Male,2025-02-09,,,Yes,1,0,1,Oceania,Australia,Victoria,Melbourne,Charlotte Green,charlotte.green@deloitte.com,Enabling Areas,Marketing - Brand & Communications,CC-ENA-549,35,1990-11-25,,,Full Time,Active,4,4,3,4,No,No,1, TRUE ,FALSE,FALSE,FALSE,35-44,1-2 yrs,Analyst,0,Low
EMP0331,Ella Smith,ella.smith@deloitte.com,Female,2015-11-28,,2020-12-03,Yes,11,1,6,Oceania,Australia,Victoria,Melbourne,Oscar Lopez,oscar.lopez@deloitte.com,Audit & Assurance,Risk Advisory - Regulatory Risk,CC-AUD-744,52,1974-07-04,,,Full Time,Active,4,5,4,3,No,No,11, TRUE ,FALSE,FALSE,TRUE,45-54,11+ yrs,Senior Manager,2,Low
EMP0332,Meera Anderson,meera.anderson@deloitte.com,Female,2008-06-12,,,Yes,18,5,18,Oceania,Australia,South Australia,Adelaide,Rohan Gupta,rohan.gupta@deloitte.com,Enabling Areas,People & Culture - Talent Acquisition,CC-ENA-303,55,1971-02-14,,,Full Time,Active,2,5,3,3,No,No,18, TRUE ,FALSE,FALSE,TRUE,55+,11+ yrs,Director/Partner,4,Medium
EMP0333,Oliver Mehta,oliver.mehta2@deloitte.com,Male,2025-11-24,,,Yes,1,0,1,Oceania,Australia,New South Wales,Sydney,Nisha Lopez,nisha.lopez@deloitte.com,Audit & Assurance,External Audit - Financial Services Audit,CC-AUD-417,24,2002-02-05,,,Full Time,Active,4,4,4,4,No,No,1, TRUE ,FALSE,TRUE,FALSE,<25,1-2 yrs,Analyst,0,Low
EMP0334,Matthew Lewis,matthew.lewis@deloitte.com,Male,2020-08-02,2022-04-08,,Yes,2,0,2,Oceania,Australia,New South Wales,Sydney,Emily Nguyen,emily.nguyen@deloitte.com,Consulting,Strategy & Operations - Business Transformation,CC-CON-394,53,1973-07-17,Involuntary,End of Contract,Full Time,Inactive,3,4,2,4,Yes,Yes,2, FALSE ,TRUE,FALSE,FALSE,45-54,1-2 yrs,Consultant,1,Low
EMP0335,Rohan King,rohan.king@deloitte.com,Male,2022-02-15,,2025-10-21,Yes,4,3,1,Asia,India,Telangana,Hyderabad,Hannah Hall,hannah.hall@deloitte.com,Tax & Legal,Business Tax - Global Employer Services,CC-TAX-843,32,1994-06-13,,,Full Time,Active,4,3,4,5,No,No,4, TRUE ,FALSE,FALSE,TRUE,25-34,3-5 yrs,Consultant,0,Low
EMP0336,Rahul Anderson,rahul.anderson@deloitte.com,Male,2025-11-14,,,Yes,1,1,1,Oceania,Australia,New South Wales,Sydney,Vikram Martinez,vikram.martinez@deloitte.com,Enabling Areas,Finance - Accounts Payable,CC-ENA-138,27,1999-04-16,,,Full Time,Active,1,2,5,3,No,No,1, TRUE ,FALSE,TRUE,TRUE,25-34,1-2 yrs,Analyst,4,Medium
EMP0337,Daniel Mehta,daniel.mehta@deloitte.com,Male,2024-11-01,,,Yes,2,0,2,Oceania,Australia,Victoria,Melbourne,David Martin,david.martin@deloitte.com,Enabling Areas,Finance - Financial Planning,CC-ENA-787,25,2000-09-12,,,Full Time,Active,4,4,3,3,No,No,2, TRUE ,FALSE,FALSE,FALSE,25-34,1-2 yrs,Consultant,0,Low
EMP0338,Mia Wong,mia.wong@deloitte.com,Female,2025-10-24,,,Yes,1,0,1,Oceania,Australia,Queensland,Brisbane,Jessica Lewis,jessica.lewis@deloitte.com,Enabling Areas,Finance - Financial Planning,CC-ENA-483,34,1992-03-14,,,Full Time,Active,5,3,1,1,No,No,1, TRUE ,FALSE,TRUE,FALSE,25-34,1-2 yrs,Analyst,2,Low
EMP0339,Ivy Lewis,ivy.lewis@deloitte.com,Female,2002-11-01,,,Yes,24,4,24,Oceania,Australia,Victoria,Melbourne,Oliver Lee,oliver.lee@deloitte.com,Audit & Assurance,External Audit - Public Sector Audit,CC-AUD-504,64,1962-07-09,,,Full Time,Active,5,2,3,3,No,No,24, TRUE ,FALSE,FALSE,TRUE,55+,11+ yrs,Director/Partner,4,Medium
EMP0340,Meera Patel,meera.patel@deloitte.com,Female,2024-04-22,2025-03-03,,Yes,1,0,1,Asia,Singapore,Singapore,Singapore,Ananya Reddy,ananya.reddy@deloitte.com,Audit & Assurance,Risk Advisory - Technology Risk,CC-AUD-714,21,2005-02-16,Voluntary,Better Salary,Full Time,Inactive,2,3,2,4,Yes,Yes,1, FALSE ,TRUE,FALSE,FALSE,<25,1-2 yrs,Analyst,3,Medium
EMP0341,Alexander Patel,alexander.patel@deloitte.com,Male,2003-01-11,,2020-09-02,Yes,24,3,6,Oceania,Australia,Victoria,Melbourne,Michael Chen,michael.chen@deloitte.com,Consulting,Human Capital - People Analytics,CC-CON-855,63,1963-04-04,,,Full Time,Active,4,3,2,2,No,No,24, TRUE ,FALSE,FALSE,TRUE,55+,11+ yrs,Director/Partner,4,Medium
EMP0342,Lucas Walker,lucas.walker@deloitte.com,Male,2001-09-13,,,Yes,25,3,25,Oceania,Australia,Victoria,Melbourne,Meera Martin,meera.martin@deloitte.com,Enabling Areas,Technology - IT Operations,CC-ENA-334,45,1980-11-13,,,Full Time,Active,5,3,3,4,No,No,25, TRUE ,FALSE,FALSE,TRUE,45-54,11+ yrs,Director/Partner,2,Low
EMP0343,Benjamin King,benjamin.king@deloitte.com,Male,2009-12-23,,2020-05-22,Yes,17,4,6,Asia,Singapore,Singapore,Singapore,Sophie Mehta,sophie.mehta@deloitte.com,Audit & Assurance,External Audit - Financial Services Audit,CC-AUD-706,64,1962-07-23,,,Full Time,Active,4,4,3,3,No,No,17, TRUE ,FALSE,FALSE,TRUE,55+,11+ yrs,Senior Manager,2,Low
EMP0344,Nisha Adams,nisha.adams@deloitte.com,Female,2018-05-04,,2025-04-18,Yes,8,2,1,Asia,Singapore,Singapore,Singapore,Georgia Adams,georgia.adams@deloitte.com,Enabling Areas,Finance - Accounts Payable,CC-ENA-551,31,1994-11-10,,,Full Time,Active,4,4,4,2,No,No,8, TRUE ,FALSE,FALSE,TRUE,25-34,6-10 yrs,Manager,1,Low
EMP0345,Daniel Brown,daniel.brown@deloitte.com,Male,2003-09-25,,2007-08-26,Yes,23,5,19,Oceania,Australia,New South Wales,Sydney,Lucas Wong,lucas.wong@deloitte.com,Consulting,Human Capital - People Analytics,CC-CON-832,45,1981-03-07,,,Full Time,Active,4,2,3,1,No,No,23, TRUE ,FALSE,FALSE,TRUE,45-54,11+ yrs,Director/Partner,5,Medium
EMP0346,Ryan Singh,ryan.singh@deloitte.com,Male,2018-08-26,,,Yes,8,1,8,Asia,India,Karnataka,Bengaluru,Michael Clark,michael.clark@deloitte.com,Audit & Assurance,External Audit - Consumer Audit,CC-AUD-361,52,1974-02-24,,,Contractor,Active,4,4,3,4,No,No,8, TRUE ,FALSE,FALSE,TRUE,45-54,6-10 yrs,Manager,2,Low
EMP0347,Rahul Taylor,rahul.taylor@deloitte.com,Male,2019-01-08,,2023-07-26,Yes,8,1,3,Oceania,Australia,New South Wales,Sydney,Isla King,isla.king@deloitte.com,Audit & Assurance,Risk Advisory - Technology Risk,CC-AUD-716,62,1964-02-14,,,Full Time,Active,4,4,3,2,No,No,8, TRUE ,FALSE,FALSE,TRUE,55+,6-10 yrs,Manager,1,Low
EMP0348,Ruby Kumar,ruby.kumar@deloitte.com,Female,2026-04-17,2026-06-10,,No,0,0,0,Asia,India,Telangana,Hyderabad,Lucas White,lucas.white@deloitte.com,Tax & Legal,Legal - Regulatory,CC-TAX-990,46,1980-07-27,Voluntary,Job Not Meeting Expectations,Contractor,Inactive,2,3,4,2,Yes,Yes,0, FALSE ,TRUE,TRUE,FALSE,45-54,<1 yr,Analyst,3,Medium
EMP0349,Sophie Tran,sophie.tran3@deloitte.com,Female,2023-02-05,,,Yes,3,1,3,Oceania,Australia,New South Wales,Sydney,Adam Chen,adam.chen@deloitte.com,Consulting,Human Capital - Organisation Design,CC-CON-933,21,2004-09-19,,,Full Time,Active,3,3,4,4,No,No,3, TRUE ,FALSE,FALSE,TRUE,<25,3-5 yrs,Consultant,0,Low
EMP0350,Sienna Gupta,sienna.gupta@deloitte.com,Female,2004-11-24,2011-07-22,2006-10-15,Yes,7,1,5,Oceania,Australia,Victoria,Melbourne,Henry Joshi,henry.joshi@deloitte.com,Tax & Legal,Business Tax - Global Employer Services,CC-TAX-696,49,1977-06-17,Voluntary,Dissatisfied with Manager,Contractor,Inactive,4,1,2,3,Yes,Yes,7, FALSE ,TRUE,FALSE,TRUE,45-54,6-10 yrs,Manager,5,Medium
EMP0351,Priya Martinez,priya.martinez2@deloitte.com,Female,2016-08-18,,2019-10-23,Yes,10,3,7,Oceania,Australia,New South Wales,Sydney,Isla Kumar,isla.kumar@deloitte.com,Consulting,Human Capital - Organisation Design,CC-CON-511,48,1978-01-20,,,Full Time,Active,4,5,2,4,No,No,10, TRUE ,FALSE,FALSE,TRUE,45-54,6-10 yrs,Senior Manager,3,Medium
EMP0352,Leo King,leo.king@deloitte.com,Male,2021-07-08,,2025-08-02,Yes,5,2,1,Oceania,Australia,South Australia,Adelaide,Emily Harris,emily.harris@deloitte.com,Enabling Areas,Finance - Commercial Finance,CC-ENA-596,44,1982-03-20,,,Full Time,Active,3,4,2,3,No,No,5, TRUE ,FALSE,FALSE,TRUE,35-44,3-5 yrs,Manager,1,Low
EMP0353,Luke Nguyen,luke.nguyen2@deloitte.com,Male,2004-07-03,,2008-03-16,Yes,22,1,18,Oceania,Australia,New South Wales,Sydney,Lily Sharma,lily.sharma@deloitte.com,Tax & Legal,Legal - Commercial Advisory,CC-TAX-556,63,1963-07-25,,,Full Time,Active,5,4,4,3,No,No,22, TRUE ,FALSE,FALSE,TRUE,55+,11+ yrs,Director/Partner,2,Low
EMP0354,Charlotte Thomas,charlotte.thomas@deloitte.com,Female,2025-03-15,,,Yes,1,0,1,Oceania,Australia,Queensland,Brisbane,Jacob Kim,jacob.kim@deloitte.com,Audit & Assurance,Risk Advisory - Technology Risk,CC-AUD-914,27,1999-03-11,,,Full Time,Active,4,5,5,4,No,No,1, TRUE ,FALSE,FALSE,FALSE,25-34,1-2 yrs,Analyst,0,Low
EMP0355,Samuel Sharma,samuel.sharma@deloitte.com,Male,2025-03-16,,,Yes,1,0,1,Oceania,Australia,Victoria,Melbourne,Jacob Wilson,jacob.wilson@deloitte.com,Tax & Legal,Business Tax - Indirect Tax,CC-TAX-489,45,1981-02-12,,,Contractor,Active,4,1,2,4,No,No,1, TRUE ,FALSE,FALSE,FALSE,45-54,1-2 yrs,Analyst,3,Medium
EMP0356,Rohan Patel,rohan.patel@deloitte.com,Male,2006-03-09,,2015-07-18,Yes,20,3,11,Oceania,Australia,Victoria,Melbourne,Isla King,isla.king@deloitte.com,Enabling Areas,Finance - Commercial Finance,CC-ENA-390,44,1982-07-14,,,Full Time,Active,3,4,5,4,No,No,20, TRUE ,FALSE,FALSE,TRUE,35-44,11+ yrs,Director/Partner,2,Low
EMP0357,Thomas Lee,thomas.lee@deloitte.com,Male,2025-06-17,,,Yes,1,0,1,Oceania,Australia,South Australia,Adelaide,Sophie Mehta,sophie.mehta@deloitte.com,Audit & Assurance,External Audit - Financial Services Audit,CC-AUD-977,28,1997-12-19,,,Full Time,Active,4,3,5,4,No,No,1, TRUE ,FALSE,FALSE,FALSE,25-34,1-2 yrs,Analyst,0,Low
EMP0358,Liam Kim,liam.kim@deloitte.com,Male,2018-12-13,,2023-10-29,Yes,8,2,3,Oceania,Australia,New South Wales,Sydney,Isla Kumar,isla.kumar@deloitte.com,Audit & Assurance,Risk Advisory - Regulatory Risk,CC-AUD-986,46,1980-01-20,,,Full Time,Active,5,5,4,3,No,No,8, TRUE ,FALSE,FALSE,TRUE,45-54,6-10 yrs,Manager,0,Low
EMP0359,Emily Joshi,emily.joshi@deloitte.com,Female,2006-06-30,,2021-08-04,Yes,20,3,5,Oceania,Australia,Victoria,Melbourne,Liam Martin,liam.martin@deloitte.com,Audit & Assurance,External Audit - Financial Services Audit,CC-AUD-464,51,1974-12-28,,,Full Time,Active,5,3,2,5,No,No,20, TRUE ,FALSE,FALSE,TRUE,45-54,11+ yrs,Director/Partner,3,Medium
EMP0360,Matthew Iyer,matthew.iyer@deloitte.com,Male,2023-07-05,2025-10-24,,Yes,2,0,2,Oceania,Australia,South Australia,Adelaide,Georgia Anderson,georgia.anderson@deloitte.com,Consulting,Human Capital - Organisation Design,CC-CON-491,30,1996-06-17,Voluntary,Dissatisfied with Manager,Full Time,Inactive,2,3,1,1,Yes,Yes,2, FALSE ,TRUE,FALSE,FALSE,25-34,1-2 yrs,Consultant,4,Medium
EMP0361,Matthew Nguyen,matthew.nguyen@deloitte.com,Male,2023-04-04,,,Yes,3,1,3,Oceania,Australia,Western Australia,Perth,Nisha Lopez,nisha.lopez@deloitte.com,Audit & Assurance,Risk Advisory - Regulatory Risk,CC-AUD-120,38,1988-07-21,,,Full Time,Active,3,4,4,4,No,No,3, TRUE ,FALSE,FALSE,TRUE,35-44,3-5 yrs,Consultant,0,Low
EMP0362,Ivy Garcia,ivy.garcia@deloitte.com,Female,2005-07-26,,2008-09-09,Yes,21,4,18,Oceania,Australia,Victoria,Melbourne,Oliver Kim,oliver.kim@deloitte.com,Audit & Assurance,External Audit - Financial Services Audit,CC-AUD-675,55,1971-06-30,,,Full Time,Active,3,4,2,2,No,No,21, TRUE ,FALSE,FALSE,TRUE,55+,11+ yrs,Director/Partner,4,Medium
EMP0363,Jessica Harris,jessica.harris@deloitte.com,Female,2000-01-02,2023-05-21,,Yes,23,5,23,Asia,India,Karnataka,Bengaluru,Charlotte Martin,charlotte.martin@deloitte.com,Audit & Assurance,External Audit - Public Sector Audit,CC-AUD-939,48,1978-07-03,Voluntary,Better Salary,Full Time,Inactive,1,1,1,4,Yes,Yes,23, FALSE ,TRUE,FALSE,TRUE,45-54,11+ yrs,Director/Partner,7,High
EMP0364,Leo Thompson,leo.thompson@deloitte.com,Male,2003-05-03,,2011-02-25,Yes,23,5,15,Oceania,Australia,New South Wales,Sydney,Ruby Iyer,ruby.iyer@deloitte.com,Tax & Legal,Business Tax - Global Employer Services,CC-TAX-481,60,1966-03-05,,,Full Time,Active,4,4,4,2,No,No,23, TRUE ,FALSE,FALSE,TRUE,55+,11+ yrs,Director/Partner,3,Medium
EMP0365,Arjun Iyer,arjun.iyer2@deloitte.com,Male,2011-02-07,,2023-11-23,Yes,15,3,3,Oceania,Australia,Victoria,Melbourne,Hannah Martinez,hannah.martinez@deloitte.com,Audit & Assurance,Risk Advisory - Technology Risk,CC-AUD-200,45,1980-08-14,,,Full Time,Active,3,5,3,2,No,No,15, TRUE ,FALSE,FALSE,TRUE,45-54,11+ yrs,Senior Manager,1,Low
EMP0366,James Chen,james.chen@deloitte.com,Male,2022-10-25,2024-11-07,,Yes,2,0,2,Asia,India,Karnataka,Bengaluru,Michael Clark,michael.clark@deloitte.com,Audit & Assurance,Risk Advisory - Regulatory Risk,CC-AUD-794,40,1986-05-29,Voluntary,Better Salary,Full Time,Inactive,5,3,3,4,Yes,Yes,2, FALSE ,TRUE,FALSE,FALSE,35-44,1-2 yrs,Consultant,0,Low
EMP0367,William Thompson,william.thompson2@deloitte.com,Male,2020-02-04,,,Yes,6,2,6,Asia,Singapore,Singapore,Singapore,Hannah Martinez,hannah.martinez@deloitte.com,Enabling Areas,Technology - Enterprise Platforms,CC-ENA-538,30,1996-02-10,,,Full Time,Active,4,4,5,3,No,No,6, TRUE ,FALSE,FALSE,TRUE,25-34,6-10 yrs,Manager,2,Low
EMP0368,Oliver Adams,oliver.adams3@deloitte.com,Male,2004-01-16,2014-11-21,,Yes,11,3,11,Asia,India,Telangana,Hyderabad,Liam Martin,liam.martin@deloitte.com,Audit & Assurance,Risk Advisory - Internal Audit,CC-AUD-627,47,1979-01-08,Voluntary,Better Career Opportunity,Full Time,Inactive,3,3,3,1,Yes,Yes,11, FALSE ,TRUE,FALSE,TRUE,45-54,11+ yrs,Senior Manager,3,Medium
EMP0369,Aisha Wong,aisha.wong@deloitte.com,Female,2024-08-07,2025-12-09,,Yes,1,0,1,Oceania,Australia,South Australia,Adelaide,Jack King,jack.king@deloitte.com,Tax & Legal,Business Tax - Indirect Tax,CC-TAX-607,43,1982-12-04,Voluntary,Dissatisfied with Manager,Full Time,Inactive,2,2,1,4,Yes,Yes,1, FALSE ,TRUE,FALSE,FALSE,35-44,1-2 yrs,Analyst,5,Medium
EMP0370,Leo Young,leo.young@deloitte.com,Male,2025-08-30,,,Yes,1,1,1,Oceania,Australia,New South Wales,Sydney,Charlotte Martin,charlotte.martin@deloitte.com,Consulting,Strategy & Operations - Operations Excellence,CC-CON-436,21,2005-06-20,,,Full Time,Active,3,2,3,4,No,No,1, TRUE ,FALSE,TRUE,TRUE,<25,1-2 yrs,Analyst,2,Low
EMP0371,Ava White,ava.white@deloitte.com,Female,2008-11-10,,2012-02-17,Yes,18,3,14,Oceania,Australia,New South Wales,Sydney,Nathan Sharma,nathan.sharma@deloitte.com,Enabling Areas,Finance - Commercial Finance,CC-ENA-931,48,1978-04-09,,,Full Time,Active,3,5,4,3,No,No,18, TRUE ,FALSE,FALSE,TRUE,45-54,11+ yrs,Director/Partner,2,Low
EMP0372,Ella Iyer,ella.iyer@deloitte.com,Female,2024-03-08,,2025-11-09,Yes,2,0,1,Oceania,Australia,Queensland,Brisbane,Amelia Thompson,amelia.thompson@deloitte.com,Consulting,Human Capital - HR Transformation,CC-CON-663,21,2005-01-31,,,Full Time,Active,4,4,2,4,No,No,2, TRUE ,FALSE,FALSE,FALSE,<25,1-2 yrs,Consultant,1,Low
EMP0373,Vikram Lee,vikram.lee@deloitte.com,Male,2004-12-02,,2013-02-17,Yes,22,4,13,Asia,Singapore,Singapore,Singapore,Lucas Taylor,lucas.taylor@deloitte.com,Consulting,Human Capital - HR Transformation,CC-CON-396,45,1980-10-07,,,Contractor,Active,3,2,4,4,No,No,22, TRUE ,FALSE,FALSE,TRUE,45-54,11+ yrs,Director/Partner,4,Medium
EMP0374,James King,james.king@deloitte.com,Male,2025-02-09,,,Yes,1,0,1,Oceania,Australia,Queensland,Brisbane,Charlotte Green,charlotte.green@deloitte.com,Audit & Assurance,External Audit - Financial Services Audit,CC-AUD-235,38,1987-09-28,,,Full Time,Active,3,3,3,2,No,No,1, TRUE ,FALSE,FALSE,FALSE,35-44,1-2 yrs,Analyst,1,Low
EMP0375,Grace Thomas,grace.thomas@deloitte.com,Female,2024-09-01,,,Yes,2,2,2,Oceania,Australia,Victoria,Melbourne,Nathan Sharma,nathan.sharma@deloitte.com,Tax & Legal,Legal - Regulatory,CC-TAX-528,24,2002-02-11,,,Full Time,Active,3,5,3,1,No,No,2, TRUE ,FALSE,FALSE,TRUE,<25,1-2 yrs,Consultant,1,Low
EMP0376,Arjun Young,arjun.young@deloitte.com,Male,2011-07-07,2015-09-28,,Yes,4,1,4,Oceania,Australia,Western Australia,Perth,Oliver Kim,oliver.kim@deloitte.com,Tax & Legal,Legal - Regulatory,CC-TAX-929,39,1987-03-30,Involuntary,End of Contract,Contractor,Inactive,2,3,3,2,Yes,Yes,4, FALSE ,TRUE,FALSE,TRUE,35-44,3-5 yrs,Consultant,5,Medium
EMP0377,William Martinez,william.martinez@deloitte.com,Male,2022-03-16,,,Yes,4,2,4,Oceania,Australia,Victoria,Melbourne,Amelia Chen,amelia.chen@deloitte.com,Audit & Assurance,External Audit - Financial Services Audit,CC-AUD-230,28,1997-08-22,,,Contractor,Active,3,4,3,5,No,No,4, TRUE ,FALSE,FALSE,TRUE,25-34,3-5 yrs,Consultant,2,Low
EMP0378,Luke Kim,luke.kim@deloitte.com,Male,2021-03-13,2023-09-22,2022-11-12,Yes,3,0,1,Asia,Singapore,Singapore,Singapore,Adam Garcia,adam.garcia@deloitte.com,Consulting,Strategy & Operations - Business Transformation,CC-CON-913,43,1983-02-04,Voluntary,Dissatisfied with Manager,Full Time,Inactive,5,1,1,2,Yes,Yes,3, FALSE ,TRUE,FALSE,FALSE,35-44,3-5 yrs,Consultant,4,Medium
EMP0379,Vikram Kim,vikram.kim@deloitte.com,Male,2012-03-06,2025-01-31,2012-11-13,Yes,13,2,12,Oceania,Australia,Victoria,Melbourne,Charlotte Patel,charlotte.patel@deloitte.com,Tax & Legal,Legal - Regulatory,CC-TAX-221,45,1981-02-22,Voluntary,Company Culture,Full Time,Inactive,1,1,2,1,Yes,Yes,13, FALSE ,TRUE,FALSE,TRUE,45-54,11+ yrs,Senior Manager,8,High
EMP0380,Samuel King,samuel.king@deloitte.com,Male,2012-12-02,,2021-09-09,Yes,14,3,5,Asia,India,Telangana,Hyderabad,Adam Garcia,adam.garcia@deloitte.com,Tax & Legal,Business Tax - Global Employer Services,CC-TAX-935,34,1992-04-30,,,Full Time,Active,1,3,4,3,No,No,14, TRUE ,FALSE,FALSE,TRUE,25-34,11+ yrs,Senior Manager,4,Medium
EMP0381,Ava Wong,ava.wong@deloitte.com,Female,2004-10-09,,,Yes,22,5,22,Oceania,Australia,Victoria,Melbourne,Sophie Mehta,sophie.mehta@deloitte.com,Enabling Areas,Finance - Accounts Payable,CC-ENA-337,63,1963-05-26,,,Full Time,Active,4,3,3,3,No,No,22, TRUE ,FALSE,FALSE,TRUE,55+,11+ yrs,Director/Partner,2,Low
EMP0382,Kiran Clark,kiran.clark@deloitte.com,Male,2024-08-10,,,Yes,2,1,2,Oceania,Australia,Victoria,Melbourne,Ruby Iyer,ruby.iyer@deloitte.com,Enabling Areas,Finance - Accounts Payable,CC-ENA-760,32,1993-11-05,,,Full Time,Active,5,2,4,4,No,No,2, TRUE ,FALSE,FALSE,TRUE,25-34,1-2 yrs,Consultant,2,Low
EMP0383,Ethan White,ethan.white2@deloitte.com,Male,2000-12-05,2002-12-21,2001-08-27,Yes,2,1,1,Oceania,Australia,South Australia,Adelaide,Isla Taylor,isla.taylor@deloitte.com,Tax & Legal,Business Tax - Corporate Tax,CC-TAX-242,45,1981-02-13,Voluntary,Better Salary,Full Time,Inactive,3,3,3,1,Yes,Yes,2, FALSE ,TRUE,FALSE,TRUE,45-54,1-2 yrs,Consultant,1,Low
EMP0384,Samuel Wong,samuel.wong@deloitte.com,Male,2024-11-05,,2026-07-31,Yes,2,1,0,Oceania,Australia,Victoria,Melbourne,Amelia Mehta,amelia.mehta@deloitte.com,Tax & Legal,Business Tax - Global Employer Services,CC-TAX-493,28,1997-08-11,,,Full Time,Active,4,4,5,3,No,No,2, TRUE ,FALSE,FALSE,TRUE,25-34,1-2 yrs,Consultant,0,Low
EMP0385,Casey White,casey.white@deloitte.com,Non-binary,2006-10-11,2008-10-04,,Yes,2,0,2,Oceania,Australia,Victoria,Melbourne,Jacob Kim,jacob.kim@deloitte.com,Tax & Legal,Legal - Employment Law,CC-TAX-996,39,1987-01-30,Involuntary,Position Eliminated,Full Time,Inactive,1,4,3,4,Yes,Yes,2, FALSE ,TRUE,FALSE,FALSE,35-44,1-2 yrs,Consultant,2,Low
EMP0386,Lucy Walker,lucy.walker2@deloitte.com,Female,2014-05-14,,,Yes,12,2,12,Oceania,Australia,Victoria,Melbourne,Emily Harris,emily.harris@deloitte.com,Audit & Assurance,External Audit - Consumer Audit,CC-AUD-461,62,1963-10-15,,,Full Time,Active,3,3,4,3,No,No,12, TRUE ,FALSE,FALSE,TRUE,55+,11+ yrs,Senior Manager,2,Low
EMP0387,Arjun Thompson,arjun.thompson@deloitte.com,Male,2017-03-10,,2023-08-27,Yes,9,2,3,Oceania,Australia,Western Australia,Perth,Laura Thomas,laura.thomas@deloitte.com,Audit & Assurance,External Audit - Financial Services Audit,CC-AUD-470,62,1963-12-04,,,Full Time,Active,1,5,1,4,No,No,9, TRUE ,FALSE,FALSE,TRUE,55+,6-10 yrs,Manager,3,Medium
EMP0388,Luke Martin,luke.martin@deloitte.com,Male,2024-02-08,,,Yes,2,0,2,Oceania,Australia,Victoria,Melbourne,Luke Wright,luke.wright@deloitte.com,Audit & Assurance,External Audit - Public Sector Audit,CC-AUD-241,24,2002-01-26,,,Contractor,Active,2,4,3,4,No,No,2, TRUE ,FALSE,FALSE,FALSE,<25,1-2 yrs,Consultant,2,Low
EMP0389,Rohan Singh,rohan.singh@deloitte.com,Male,2021-09-28,2026-07-09,,Yes,5,4,5,Oceania,Australia,South Australia,Adelaide,Laura Patel,laura.patel@deloitte.com,Audit & Assurance,External Audit - Consumer Audit,CC-AUD-861,24,2002-07-26,Voluntary,Lack of Career Progression,Full Time,Inactive,1,3,5,1,Yes,Yes,5, FALSE ,TRUE,FALSE,TRUE,<25,3-5 yrs,Manager,5,Medium
EMP0390,Sienna Wilson,sienna.wilson@deloitte.com,Female,2022-07-29,,,Yes,4,0,4,Oceania,Australia,Victoria,Melbourne,Chloe Wilson,chloe.wilson@deloitte.com,Enabling Areas,Finance - Accounts Payable,CC-ENA-194,59,1966-10-28,,,Full Time,Active,4,5,2,3,No,No,4, TRUE ,FALSE,FALSE,FALSE,55+,3-5 yrs,Consultant,4,Medium
EMP0391,Henry Nair,henry.nair@deloitte.com,Male,2025-12-03,,,Yes,1,0,1,Oceania,Australia,Queensland,Brisbane,Charlotte Green,charlotte.green@deloitte.com,Tax & Legal,Business Tax - Corporate Tax,CC-TAX-179,32,1994-05-14,,,Contractor,Active,3,4,3,3,No,No,1, TRUE ,FALSE,TRUE,FALSE,25-34,1-2 yrs,Analyst,0,Low
EMP0392,Zoe Anderson,zoe.anderson@deloitte.com,Female,2010-08-25,,2025-06-16,Yes,16,4,1,Asia,Singapore,Singapore,Singapore,Lucas Wong,lucas.wong@deloitte.com,Consulting,Technology & Transformation - Enterprise Applications,CC-CON-195,34,1992-06-01,,,Full Time,Active,5,1,3,3,No,No,16, TRUE ,FALSE,FALSE,TRUE,25-34,11+ yrs,Senior Manager,2,Low
EMP0393,Grace Patel,grace.patel@deloitte.com,Female,2005-10-23,2015-01-10,,Yes,9,1,9,Oceania,Australia,New South Wales,Sydney,Isla Wong,isla.wong@deloitte.com,Consulting,Human Capital - People Analytics,CC-CON-255,46,1980-01-30,Voluntary,Better Career Opportunity,Full Time,Inactive,3,1,3,5,Yes,Yes,9, FALSE ,TRUE,FALSE,TRUE,45-54,6-10 yrs,Manager,4,Medium
EMP0394,Ruby Harris,ruby.harris@deloitte.com,Female,2023-06-22,,,Yes,3,0,3,Oceania,Australia,Western Australia,Perth,Michael Clark,michael.clark@deloitte.com,Audit & Assurance,External Audit - Public Sector Audit,CC-AUD-721,53,1973-04-22,,,Contractor,Active,2,2,4,3,No,No,3, TRUE ,FALSE,FALSE,FALSE,45-54,3-5 yrs,Consultant,4,Medium
EMP0395,William Adams,william.adams@deloitte.com,Male,2022-05-19,,,Yes,4,3,4,Oceania,Australia,Western Australia,Perth,Adam Mehta,adam.mehta@deloitte.com,Enabling Areas,Technology - Enterprise Platforms,CC-ENA-765,56,1969-09-14,,,Full Time,Active,5,5,5,3,No,No,4, TRUE ,FALSE,FALSE,TRUE,55+,3-5 yrs,Consultant,2,Low
EMP0396,Olivia Nair,olivia.nair@deloitte.com,Female,2005-10-14,,2013-04-24,Yes,21,4,13,Oceania,Australia,Queensland,Brisbane,Mia Nair,mia.nair@deloitte.com,Consulting,Strategy & Operations - Business Transformation,CC-CON-816,47,1979-06-14,,,Full Time,Active,5,1,5,3,No,No,21, TRUE ,FALSE,FALSE,TRUE,45-54,11+ yrs,Director/Partner,4,Medium
EMP0397,Meera Anderson,meera.anderson2@deloitte.com,Female,2019-06-24,,2025-12-20,Yes,7,1,1,Asia,India,Karnataka,Bengaluru,Mia Lee,mia.lee@deloitte.com,Enabling Areas,Finance - Accounts Payable,CC-ENA-436,35,1991-02-15,,,Full Time,Active,2,3,4,3,No,No,7, TRUE ,FALSE,FALSE,TRUE,35-44,6-10 yrs,Manager,2,Low
EMP0398,Jack Green,jack.green2@deloitte.com,Male,2024-06-13,,,Yes,2,1,2,Oceania,Australia,New South Wales,Sydney,Adam Adams,adam.adams@deloitte.com,Enabling Areas,Finance - Financial Planning,CC-ENA-316,50,1975-08-20,,,Full Time,Active,5,5,4,3,No,No,2, TRUE ,FALSE,FALSE,TRUE,45-54,1-2 yrs,Consultant,0,Low
EMP0399,Oliver Walker,oliver.walker@deloitte.com,Male,2023-07-01,,,Yes,3,1,3,Asia,India,Telangana,Hyderabad,Liam Martin,liam.martin@deloitte.com,Tax & Legal,Legal - Commercial Advisory,CC-TAX-303,25,2000-12-19,,,Full Time,Active,3,3,4,4,No,No,3, TRUE ,FALSE,FALSE,TRUE,25-34,3-5 yrs,Consultant,0,Low
EMP0400,Ruby Iyer,ruby.iyer@deloitte.com,Female,2018-12-29,,,Yes,8,2,8,Oceania,Australia,South Australia,Adelaide,William Lewis,william.lewis@deloitte.com,Tax & Legal,Business Tax - Corporate Tax,CC-TAX-569,43,1983-07-21,,,Full Time,Active,5,4,3,4,No,No,8, TRUE ,FALSE,FALSE,TRUE,35-44,6-10 yrs,Manager,2,Low
EMP0401,Leo Chen,leo.chen2@deloitte.com,Male,2023-11-27,,,Yes,3,1,3,Oceania,Australia,Queensland,Brisbane,Leo Kim,leo.kim@deloitte.com,Tax & Legal,Business Tax - Corporate Tax,CC-TAX-795,21,2005-03-19,,,Full Time,Active,4,1,5,1,No,No,3, TRUE ,FALSE,FALSE,TRUE,<25,3-5 yrs,Consultant,3,Medium
EMP0402,Michael Martin,michael.martin@deloitte.com,Male,2020-06-15,,,Yes,6,0,6,Oceania,Australia,New South Wales,Sydney,Isla Wilson,isla.wilson@deloitte.com,Audit & Assurance,Risk Advisory - Internal Audit,CC-AUD-391,52,1974-06-29,,,Full Time,Active,5,4,4,3,No,No,6, TRUE ,FALSE,FALSE,FALSE,45-54,6-10 yrs,Manager,3,Medium
EMP0403,Luke White,luke.white@deloitte.com,Male,2018-09-20,,2024-10-11,Yes,8,0,2,Oceania,Australia,South Australia,Adelaide,Jacob Kim,jacob.kim@deloitte.com,Tax & Legal,Legal - Commercial Advisory,CC-TAX-328,26,1999-09-23,,,Full Time,Active,4,4,2,5,No,No,8, TRUE ,FALSE,FALSE,FALSE,25-34,6-10 yrs,Manager,2,Low
EMP0404,Rahul Mehta,rahul.mehta@deloitte.com,Male,2017-10-02,,2021-06-04,Yes,9,2,5,Oceania,Australia,Queensland,Brisbane,Ava Green,ava.green@deloitte.com,Enabling Areas,People & Culture - Talent Acquisition,CC-ENA-126,47,1979-06-27,,,Full Time,Active,3,3,5,4,No,No,9, TRUE ,FALSE,FALSE,TRUE,45-54,6-10 yrs,Manager,2,Low
EMP0405,Arjun Harris,arjun.harris@deloitte.com,Male,2010-11-06,,2020-02-29,Yes,16,3,6,Asia,Singapore,Singapore,Singapore,Samuel Singh,samuel.singh@deloitte.com,Enabling Areas,Technology - Information Security,CC-ENA-262,57,1969-03-09,,,Full Time,Active,4,2,5,3,No,No,16, TRUE ,FALSE,FALSE,TRUE,55+,11+ yrs,Senior Manager,4,Medium
EMP0406,Jacob Nair,jacob.nair@deloitte.com,Male,2024-10-19,,2025-04-30,Yes,2,1,1,Asia,India,Karnataka,Bengaluru,Leo Walker,leo.walker@deloitte.com,Enabling Areas,People & Culture - People Operations,CC-ENA-851,61,1964-12-12,,,Full Time,Active,2,3,4,3,No,No,2, TRUE ,FALSE,FALSE,TRUE,55+,1-2 yrs,Consultant,2,Low
EMP0407,Sienna Hall,sienna.hall@deloitte.com,Female,2014-11-04,,2021-03-05,Yes,12,1,5,Oceania,Australia,New South Wales,Sydney,Ananya Reddy,ananya.reddy@deloitte.com,Consulting,Human Capital - Organisation Design,CC-CON-225,40,1985-11-08,,,Full Time,Active,2,3,5,2,No,No,12, TRUE ,FALSE,FALSE,TRUE,35-44,11+ yrs,Senior Manager,5,Medium
EMP0408,Rahul Young,rahul.young@deloitte.com,Male,2022-01-10,,,Yes,5,1,5,Oceania,Australia,New South Wales,Sydney,Oliver Hall,oliver.hall@deloitte.com,Audit & Assurance,Risk Advisory - Technology Risk,CC-AUD-282,46,1979-09-21,,,Full Time,Active,4,4,5,2,No,No,5, TRUE ,FALSE,FALSE,TRUE,45-54,3-5 yrs,Manager,3,Medium
EMP0409,Ananya Nguyen,ananya.nguyen@deloitte.com,Female,2024-07-06,,,Yes,2,0,2,Oceania,Australia,Victoria,Melbourne,Nathan Sharma,nathan.sharma@deloitte.com,Consulting,Technology & Transformation - Data & AI,CC-CON-435,60,1966-06-04,,,Full Time,Active,2,2,4,2,No,No,2, TRUE ,FALSE,FALSE,FALSE,55+,1-2 yrs,Consultant,5,Medium
EMP0410,Grace Thomas,grace.thomas2@deloitte.com,Female,2026-04-19,,,No,0,0,0,Asia,India,Telangana,Hyderabad,Meera Wright,meera.wright@deloitte.com,Tax & Legal,Legal - Commercial Advisory,CC-TAX-697,43,1983-07-29,,,Full Time,Active,4,4,3,3,No,No,0, TRUE ,FALSE,TRUE,FALSE,35-44,<1 yr,Analyst,0,Low
EMP0411,Rohan Joshi,rohan.joshi@deloitte.com,Male,2012-03-09,,2022-04-22,Yes,14,3,4,Asia,India,Telangana,Hyderabad,Jack King,jack.king@deloitte.com,Tax & Legal,Legal - Employment Law,CC-TAX-718,48,1978-06-02,,,Full Time,Active,5,4,5,3,No,No,14, TRUE ,FALSE,FALSE,TRUE,45-54,11+ yrs,Senior Manager,2,Low
EMP0412,Sophie Patel,sophie.patel2@deloitte.com,Female,2016-01-18,,2018-03-02,Yes,11,4,8,Oceania,Australia,New South Wales,Sydney,Meera Martin,meera.martin@deloitte.com,Tax & Legal,Business Tax - Global Employer Services,CC-TAX-167,48,1977-11-04,,,Full Time,Active,3,4,4,2,No,No,11, TRUE ,FALSE,FALSE,TRUE,45-54,11+ yrs,Senior Manager,3,Medium
EMP0413,Laura Anderson,laura.anderson@deloitte.com,Female,2018-12-01,,,Yes,8,4,8,Oceania,Australia,Victoria,Melbourne,Isla Tran,isla.tran@deloitte.com,Audit & Assurance,Risk Advisory - Regulatory Risk,CC-AUD-492,57,1969-06-27,,,Full Time,Active,3,1,1,4,No,No,8, TRUE ,FALSE,FALSE,TRUE,55+,6-10 yrs,Manager,5,Medium
EMP0414,Liam Mehta,liam.mehta@deloitte.com,Male,2023-08-18,2023-12-06,,No,0,0,0,Oceania,Australia,Victoria,Melbourne,Michael Wright,michael.wright@deloitte.com,Enabling Areas,People & Culture - People Operations,CC-ENA-893,39,1986-10-07,Voluntary,Lack of Learning Opportunities,Contractor,Inactive,2,3,2,1,Yes,Yes,0, FALSE ,TRUE,FALSE,FALSE,35-44,<1 yr,Analyst,4,Medium
EMP0415,Jack Brown,jack.brown@deloitte.com,Male,2008-11-13,,,Yes,18,2,18,Oceania,Australia,South Australia,Adelaide,Hannah Hall,hannah.hall@deloitte.com,Consulting,Strategy & Operations - Business Transformation,CC-CON-365,35,1990-08-25,,,Full Time,Active,5,1,2,3,No,No,18, TRUE ,FALSE,FALSE,TRUE,35-44,11+ yrs,Director/Partner,5,Medium
EMP0416,Ruby Lopez,ruby.lopez@deloitte.com,Female,2007-08-22,,2015-04-17,Yes,19,1,11,Oceania,Australia,New South Wales,Sydney,David Martin,david.martin@deloitte.com,Audit & Assurance,Risk Advisory - Regulatory Risk,CC-AUD-601,45,1980-12-17,,,Contractor,Active,5,3,4,3,No,No,19, TRUE ,FALSE,FALSE,TRUE,45-54,11+ yrs,Director/Partner,2,Low
EMP0417,Olivia Thomas,olivia.thomas@deloitte.com,Female,2012-03-22,,2014-06-19,Yes,14,5,12,Oceania,Australia,New South Wales,Sydney,Ruby Adams,ruby.adams@deloitte.com,Consulting,Human Capital - People Analytics,CC-CON-933,43,1983-05-13,,,Full Time,Active,4,4,5,4,No,No,14, TRUE ,FALSE,FALSE,TRUE,35-44,11+ yrs,Senior Manager,2,Low
EMP0418,Nisha Walker,nisha.walker@deloitte.com,Female,2005-10-31,,,Yes,21,3,21,Oceania,Australia,Victoria,Melbourne,Sarah Tran,sarah.tran@deloitte.com,Consulting,Technology & Transformation - Enterprise Applications,CC-CON-997,53,1972-09-24,,,Full Time,Active,2,2,1,3,No,No,21, TRUE ,FALSE,FALSE,TRUE,45-54,11+ yrs,Director/Partner,7,High
EMP0419,Kavya Chen,kavya.chen2@deloitte.com,Female,2011-11-30,,2017-02-28,Yes,15,5,9,Oceania,Australia,Victoria,Melbourne,Amelia Mehta,amelia.mehta@deloitte.com,Enabling Areas,Marketing - Brand & Communications,CC-ENA-401,49,1977-01-28,,,Full Time,Active,3,3,3,4,No,No,15, TRUE ,FALSE,FALSE,TRUE,45-54,11+ yrs,Senior Manager,2,Low
EMP0420,Jack Taylor,jack.taylor@deloitte.com,Male,2004-12-24,2005-11-11,,Yes,1,0,1,Oceania,Australia,New South Wales,Sydney,Georgia Adams,georgia.adams@deloitte.com,Consulting,Technology & Transformation - Cyber,CC-CON-943,62,1963-12-06,Voluntary,Better Career Opportunity,Full Time,Inactive,4,2,2,3,Yes,Yes,1, FALSE ,TRUE,FALSE,FALSE,55+,1-2 yrs,Analyst,3,Medium
EMP0421,Jack Clark,jack.clark@deloitte.com,Male,2021-05-21,,,Yes,5,2,5,Asia,Singapore,Singapore,Singapore,Jacob Kim,jacob.kim@deloitte.com,Enabling Areas,Marketing - Digital Marketing,CC-ENA-121,53,1973-07-25,,,Full Time,Active,3,3,2,4,No,No,5, TRUE ,FALSE,FALSE,TRUE,45-54,3-5 yrs,Manager,3,Medium
EMP0422,Ethan Reddy,ethan.reddy@deloitte.com,Male,2000-01-17,,2001-04-25,Yes,27,3,25,Oceania,Australia,Victoria,Melbourne,Isla Kumar,isla.kumar@deloitte.com,Consulting,Human Capital - Organisation Design,CC-CON-443,51,1975-05-26,,,Full Time,Active,4,4,5,3,No,No,27, TRUE ,FALSE,FALSE,TRUE,45-54,11+ yrs,Director/Partner,2,Low
EMP0423,Rahul Mehta,rahul.mehta2@deloitte.com,Male,2024-10-01,,,Yes,2,0,2,Oceania,Australia,Western Australia,Perth,Charlotte Wong,charlotte.wong@deloitte.com,Audit & Assurance,Risk Advisory - Technology Risk,CC-AUD-775,21,2005-01-28,,,Full Time,Active,5,3,1,4,No,No,2, TRUE ,FALSE,FALSE,FALSE,<25,1-2 yrs,Consultant,1,Low
EMP0424,Rohan Singh,rohan.singh2@deloitte.com,Male,2014-01-14,,2020-09-02,Yes,13,1,6,Oceania,Australia,New South Wales,Sydney,Adam Mehta,adam.mehta@deloitte.com,Tax & Legal,Legal - Employment Law,CC-TAX-703,34,1991-09-15,,,Contractor,Active,4,5,3,1,No,No,13, TRUE ,FALSE,FALSE,TRUE,25-34,11+ yrs,Senior Manager,3,Medium
EMP0425,Arjun Lopez,arjun.lopez@deloitte.com,Male,2025-02-03,,,Yes,1,0,1,Oceania,Australia,Victoria,Melbourne,Adam Garcia,adam.garcia@deloitte.com,Audit & Assurance,Risk Advisory - Internal Audit,CC-AUD-395,28,1998-03-10,,,Full Time,Active,2,3,4,3,No,No,1, TRUE ,FALSE,FALSE,FALSE,25-34,1-2 yrs,Analyst,2,Low
EMP0426,Jack Taylor,jack.taylor2@deloitte.com,Male,2000-03-24,,2011-12-31,Yes,26,2,15,Oceania,Australia,New South Wales,Sydney,Lily Sharma,lily.sharma@deloitte.com,Tax & Legal,Business Tax - Global Employer Services,CC-TAX-301,52,1974-01-04,,,Full Time,Active,4,5,3,1,No,No,26, TRUE ,FALSE,FALSE,TRUE,45-54,11+ yrs,Director/Partner,3,Medium
EMP0427,Henry Kumar,henry.kumar@deloitte.com,Male,2004-05-26,,,Yes,22,3,22,Oceania,Australia,Western Australia,Perth,Lucas Tran,lucas.tran@deloitte.com,Audit & Assurance,Risk Advisory - Regulatory Risk,CC-AUD-304,48,1978-02-21,,,Contractor,Active,3,2,4,4,No,No,22, TRUE ,FALSE,FALSE,TRUE,45-54,11+ yrs,Director/Partner,4,Medium
EMP0428,Vikram Iyer,vikram.iyer@deloitte.com,Male,2022-08-31,,,Yes,4,0,4,Oceania,Australia,Victoria,Melbourne,Oliver Lee,oliver.lee@deloitte.com,Consulting,Human Capital - People Analytics,CC-CON-873,27,1998-10-10,,,Full Time,Active,3,5,4,4,No,No,4, TRUE ,FALSE,FALSE,FALSE,25-34,3-5 yrs,Consultant,3,Medium
EMP0429,Laura Wong,laura.wong@deloitte.com,Female,2002-05-27,,2003-02-28,Yes,24,3,23,Oceania,Australia,Victoria,Melbourne,Amelia Mehta,amelia.mehta@deloitte.com,Consulting,Human Capital - Organisation Design,CC-CON-199,57,1968-12-29,,,Full Time,Active,5,4,4,5,No,No,24, TRUE ,FALSE,FALSE,TRUE,55+,11+ yrs,Director/Partner,2,Low
EMP0430,Hannah Lee,hannah.lee@deloitte.com,Female,2022-11-07,,,Yes,4,2,4,Oceania,Australia,Western Australia,Perth,Ava Green,ava.green@deloitte.com,Enabling Areas,Finance - Financial Planning,CC-ENA-168,24,2002-07-26,,,Full Time,Active,1,4,2,2,No,No,4, TRUE ,FALSE,FALSE,TRUE,<25,3-5 yrs,Consultant,6,High
EMP0431,Kavya Brown,kavya.brown@deloitte.com,Female,2017-07-11,2022-02-22,,Yes,5,1,5,Oceania,Australia,New South Wales,Sydney,Georgia Anderson,georgia.anderson@deloitte.com,Consulting,Human Capital - People Analytics,CC-CON-751,53,1973-03-16,Voluntary,Relocation,Full Time,Inactive,1,1,4,2,Yes,Yes,5, FALSE ,TRUE,FALSE,TRUE,45-54,3-5 yrs,Manager,7,High
EMP0432,Thomas White,thomas.white@deloitte.com,Male,2016-06-23,,2018-03-04,Yes,10,4,8,Oceania,Australia,New South Wales,Sydney,Henry Nguyen,henry.nguyen@deloitte.com,Tax & Legal,Business Tax - Global Employer Services,CC-TAX-766,58,1968-04-09,,,Full Time,Active,5,4,2,5,No,No,10, TRUE ,FALSE,FALSE,TRUE,55+,6-10 yrs,Senior Manager,3,Medium
EMP0433,Kiran Mehta,kiran.mehta2@deloitte.com,Male,2009-02-16,,2017-06-11,Yes,17,4,9,Oceania,Australia,Queensland,Brisbane,Amelia Tran,amelia.tran@deloitte.com,Tax & Legal,Legal - Regulatory,CC-TAX-979,38,1987-08-05,,,Full Time,Active,4,3,4,3,No,No,17, TRUE ,FALSE,FALSE,TRUE,35-44,11+ yrs,Senior Manager,2,Low
EMP0434,Lucy Nguyen,lucy.nguyen@deloitte.com,Female,2008-02-03,,2020-05-14,Yes,18,5,6,Oceania,Australia,South Australia,Adelaide,Jacob Smith,jacob.smith@deloitte.com,Consulting,Technology & Transformation - Cyber,CC-CON-262,45,1981-03-30,,,Full Time,Active,3,4,4,4,No,No,18, TRUE ,FALSE,FALSE,TRUE,45-54,11+ yrs,Director/Partner,2,Low
EMP0435,Chloe King,chloe.king@deloitte.com,Female,2024-12-23,,,Yes,2,2,2,Oceania,Australia,Western Australia,Perth,Rohan Gupta,rohan.gupta@deloitte.com,Consulting,Technology & Transformation - Enterprise Applications,CC-CON-210,27,1998-10-29,,,Contractor,Active,4,3,5,4,No,No,2, TRUE ,FALSE,FALSE,TRUE,25-34,1-2 yrs,Consultant,0,Low
EMP0436,Amelia Tran,amelia.tran@deloitte.com,Female,2012-10-31,,2025-03-06,Yes,14,4,1,Oceania,Australia,Victoria,Melbourne,Laura Thomas,laura.thomas@deloitte.com,Audit & Assurance,External Audit - Consumer Audit,CC-AUD-892,49,1977-07-14,,,Full Time,Active,3,4,2,2,No,No,14, TRUE ,FALSE,FALSE,TRUE,45-54,11+ yrs,Senior Manager,2,Low
EMP0437,Luke Chen,luke.chen@deloitte.com,Male,2009-04-22,,2023-09-02,Yes,17,2,3,Asia,India,Telangana,Hyderabad,Amelia Tran,amelia.tran@deloitte.com,Consulting,Technology & Transformation - Cyber,CC-CON-405,52,1973-11-06,,,Full Time,Active,2,4,2,4,No,No,17, TRUE ,FALSE,FALSE,TRUE,45-54,11+ yrs,Senior Manager,3,Medium
EMP0438,Ivy Baker,ivy.baker@deloitte.com,Female,2022-11-21,,2024-12-29,Yes,4,1,2,Oceania,Australia,New South Wales,Sydney,Henry Joshi,henry.joshi@deloitte.com,Consulting,Strategy & Operations - Operations Excellence,CC-CON-369,37,1989-02-16,,,Full Time,Active,4,1,4,3,No,No,4, TRUE ,FALSE,FALSE,TRUE,35-44,3-5 yrs,Consultant,2,Low
EMP0439,Noah Thompson,noah.thompson@deloitte.com,Male,2017-09-23,,,Yes,9,2,9,Oceania,Australia,Western Australia,Perth,Ava Thomas,ava.thomas@deloitte.com,Tax & Legal,Business Tax - Indirect Tax,CC-TAX-712,34,1992-05-07,,,Contractor,Active,4,5,5,3,No,No,9, TRUE ,FALSE,FALSE,TRUE,25-34,6-10 yrs,Manager,2,Low
EMP0440,Ella Wilson,ella.wilson@deloitte.com,Female,2022-03-10,,2024-05-19,Yes,4,1,2,Oceania,Australia,South Australia,Adelaide,Laura Harris,laura.harris@deloitte.com,Enabling Areas,People & Culture - People Operations,CC-ENA-593,27,1998-08-19,,,Full Time,Active,2,4,4,3,No,No,4, TRUE ,FALSE,FALSE,TRUE,25-34,3-5 yrs,Consultant,2,Low
EMP0441,Emily Martin,emily.martin@deloitte.com,Female,2016-06-29,,,Yes,10,4,10,Oceania,Australia,South Australia,Adelaide,Hannah Hall,hannah.hall@deloitte.com,Consulting,Technology & Transformation - Cyber,CC-CON-355,49,1976-09-30,,,Full Time,Active,5,2,2,2,No,No,10, TRUE ,FALSE,FALSE,TRUE,45-54,6-10 yrs,Senior Manager,6,High
EMP0442,Ananya Martinez,ananya.martinez@deloitte.com,Female,2013-02-11,,2015-05-01,Yes,13,2,11,Asia,India,Telangana,Hyderabad,Arjun Anderson,arjun.anderson@deloitte.com,Audit & Assurance,Risk Advisory - Regulatory Risk,CC-AUD-409,62,1963-12-04,,,Full Time,Active,5,4,3,4,No,No,13, TRUE ,FALSE,FALSE,TRUE,55+,11+ yrs,Senior Manager,2,Low
EMP0443,Leo Patel,leo.patel@deloitte.com,Male,2004-09-06,,2019-02-14,Yes,22,3,7,Oceania,Australia,Victoria,Melbourne,Isla Wilson,isla.wilson@deloitte.com,Audit & Assurance,External Audit - Consumer Audit,CC-AUD-842,55,1971-04-15,,,Full Time,Active,5,2,5,4,No,No,22, TRUE ,FALSE,FALSE,TRUE,55+,11+ yrs,Director/Partner,4,Medium
EMP0444,Kiran Martin,kiran.martin@deloitte.com,Male,2022-06-16,,2023-06-04,Yes,4,2,3,Oceania,Australia,New South Wales,Sydney,Charlotte Patel,charlotte.patel@deloitte.com,Audit & Assurance,Risk Advisory - Technology Risk,CC-AUD-775,22,2004-04-12,,,Full Time,Active,4,2,3,4,No,No,4, TRUE ,FALSE,FALSE,TRUE,<25,3-5 yrs,Consultant,2,Low
EMP0445,Ava Martinez,ava.martinez@deloitte.com,Female,2011-08-25,,,Yes,15,3,15,Oceania,Australia,Victoria,Melbourne,Michael Clark,michael.clark@deloitte.com,Tax & Legal,Legal - Employment Law,CC-TAX-686,42,1983-12-13,,,Full Time,Active,4,4,3,5,No,No,15, TRUE ,FALSE,FALSE,TRUE,35-44,11+ yrs,Senior Manager,2,Low
EMP0446,Lucy King,lucy.king@deloitte.com,Female,2020-11-19,,2022-10-11,Yes,6,2,4,Oceania,Australia,Victoria,Melbourne,Lucas Tran,lucas.tran@deloitte.com,Consulting,Technology & Transformation - Enterprise Applications,CC-CON-682,29,1996-08-08,,,Full Time,Active,4,5,5,3,No,No,6, TRUE ,FALSE,FALSE,TRUE,25-34,6-10 yrs,Manager,2,Low
EMP0447,Ava Mehta,ava.mehta@deloitte.com,Female,2023-10-06,,,Yes,3,1,3,Oceania,Australia,New South Wales,Sydney,Adam Mehta,adam.mehta@deloitte.com,Tax & Legal,Legal - Employment Law,CC-TAX-230,23,2003-01-31,,,Full Time,Active,3,3,5,4,No,No,3, TRUE ,FALSE,FALSE,TRUE,<25,3-5 yrs,Consultant,0,Low
EMP0448,Emma Wilson,emma.wilson@deloitte.com,Female,2023-11-23,,2026-05-25,Yes,3,1,0,Asia,India,Telangana,Hyderabad,Charlotte Adams,charlotte.adams@deloitte.com,Tax & Legal,Business Tax - Global Employer Services,CC-TAX-340,32,1994-07-17,,,Contractor,Active,3,2,4,4,No,No,3, TRUE ,FALSE,FALSE,TRUE,25-34,3-5 yrs,Consultant,2,Low
EMP0449,Priya Park,priya.park@deloitte.com,Female,2019-03-08,,2019-12-14,Yes,7,2,7,Oceania,Australia,New South Wales,Sydney,Adam Garcia,adam.garcia@deloitte.com,Consulting,Technology & Transformation - Enterprise Applications,CC-CON-145,44,1982-07-15,,,Full Time,Active,3,2,4,2,No,No,7, TRUE ,FALSE,FALSE,TRUE,35-44,6-10 yrs,Manager,5,Medium
EMP0450,Priya Lee,priya.lee@deloitte.com,Female,2015-06-07,,,Yes,11,1,11,Asia,India,Karnataka,Bengaluru,Charlotte Patel,charlotte.patel@deloitte.com,Enabling Areas,People & Culture - People Operations,CC-ENA-917,53,1973-05-25,,,Contractor,Active,2,4,4,3,No,No,11, TRUE ,FALSE,FALSE,TRUE,45-54,11+ yrs,Senior Manager,4,Medium
EMP0451,Ivy Park,ivy.park@deloitte.com,Female,2012-04-12,,2022-12-30,Yes,14,3,4,Oceania,Australia,New South Wales,Sydney,Leo Walker,leo.walker@deloitte.com,Tax & Legal,Business Tax - Indirect Tax,CC-TAX-769,39,1986-12-03,,,Full Time,Active,4,3,4,3,No,No,14, TRUE ,FALSE,FALSE,TRUE,35-44,11+ yrs,Senior Manager,2,Low
EMP0452,William Wong,william.wong@deloitte.com,Male,2023-04-05,2024-10-19,,Yes,2,0,2,Oceania,Australia,New South Wales,Sydney,Sarah Wright,sarah.wright@deloitte.com,Audit & Assurance,External Audit - Consumer Audit,CC-AUD-115,36,1990-02-25,Voluntary,Better Salary,Full Time,Inactive,1,2,4,3,Yes,Yes,2, FALSE ,TRUE,FALSE,FALSE,35-44,1-2 yrs,Consultant,4,Medium
EMP0453,Liam Harris,liam.harris@deloitte.com,Male,2024-07-12,,,Yes,2,0,2,Asia,India,Telangana,Hyderabad,Sienna King,sienna.king@deloitte.com,Tax & Legal,Business Tax - Global Employer Services,CC-TAX-146,25,2000-10-07,,,Contractor,Active,2,5,5,5,No,No,2, TRUE ,FALSE,FALSE,FALSE,25-34,1-2 yrs,Consultant,2,Low
EMP0454,Ryan Iyer,ryan.iyer@deloitte.com,Male,2020-12-09,,,Yes,6,1,6,Oceania,Australia,New South Wales,Sydney,Amelia Mehta,amelia.mehta@deloitte.com,Enabling Areas,Marketing - Digital Marketing,CC-ENA-549,39,1987-04-02,,,Full Time,Active,3,4,3,4,No,No,6, TRUE ,FALSE,FALSE,TRUE,35-44,6-10 yrs,Manager,2,Low
EMP0455,Kavya Sharma,kavya.sharma@deloitte.com,Female,2026-03-01,,,No,0,0,0,Oceania,Australia,South Australia,Adelaide,Lucas Taylor,lucas.taylor@deloitte.com,Audit & Assurance,Risk Advisory - Regulatory Risk,CC-AUD-384,24,2002-05-16,,,Contractor,Active,4,4,2,3,No,No,0, TRUE ,FALSE,TRUE,FALSE,<25,<1 yr,Analyst,1,Low
EMP0456,Amelia Tran,amelia.tran2@deloitte.com,Female,2007-08-06,,,Yes,19,3,19,Oceania,Australia,South Australia,Adelaide,Mia Garcia,mia.garcia@deloitte.com,Audit & Assurance,External Audit - Public Sector Audit,CC-AUD-140,49,1976-11-23,,,Full Time,Active,5,4,4,1,No,No,19, TRUE ,FALSE,FALSE,TRUE,45-54,11+ yrs,Director/Partner,3,Medium
EMP0457,Liam Singh,liam.singh@deloitte.com,Male,2022-10-09,,2025-10-22,Yes,4,1,1,Oceania,Australia,New South Wales,Sydney,Adam Mehta,adam.mehta@deloitte.com,Consulting,Technology & Transformation - Enterprise Applications,CC-CON-849,34,1991-12-23,,,Full Time,Active,4,5,5,4,No,No,4, TRUE ,FALSE,FALSE,TRUE,25-34,3-5 yrs,Consultant,0,Low
EMP0458,Isla Patel,isla.patel@deloitte.com,Female,2020-10-19,,2025-08-25,Yes,6,3,1,Oceania,Australia,Western Australia,Perth,Isla Sharma,isla.sharma@deloitte.com,Tax & Legal,Business Tax - Global Employer Services,CC-TAX-776,31,1995-04-17,,,Full Time,Active,5,4,5,4,No,No,6, TRUE ,FALSE,FALSE,TRUE,25-34,6-10 yrs,Manager,0,Low
EMP0459,Hannah Kumar,hannah.kumar@deloitte.com,Female,2013-11-24,,,Yes,13,2,13,Asia,India,Telangana,Hyderabad,Ella Patel,ella.patel@deloitte.com,Audit & Assurance,External Audit - Consumer Audit,CC-AUD-168,35,1991-07-11,,,Full Time,Active,4,4,4,1,No,No,13, TRUE ,FALSE,FALSE,TRUE,35-44,11+ yrs,Senior Manager,3,Medium
EMP0460,Ethan Kumar,ethan.kumar@deloitte.com,Male,2010-07-12,,2015-01-22,Yes,16,2,12,Oceania,Australia,Queensland,Brisbane,Charlotte Iyer,charlotte.iyer@deloitte.com,Tax & Legal,Legal - Employment Law,CC-TAX-198,61,1965-05-26,,,Full Time,Active,3,5,5,4,No,No,16, TRUE ,FALSE,FALSE,TRUE,55+,11+ yrs,Senior Manager,2,Low
EMP0461,Nisha Patel,nisha.patel@deloitte.com,Female,2018-01-10,,2019-10-17,Yes,9,3,7,Asia,India,Telangana,Hyderabad,Charlotte Iyer,charlotte.iyer@deloitte.com,Enabling Areas,Finance - Financial Planning,CC-ENA-397,36,1990-07-06,,,Full Time,Active,3,3,5,3,No,No,9, TRUE ,FALSE,FALSE,TRUE,35-44,6-10 yrs,Manager,2,Low
EMP0462,Arjun Wright,arjun.wright@deloitte.com,Male,2018-06-12,,2019-07-20,Yes,8,3,7,Oceania,Australia,New South Wales,Sydney,Jessica Thompson,jessica.thompson@deloitte.com,Audit & Assurance,External Audit - Public Sector Audit,CC-AUD-212,64,1962-01-10,,,Full Time,Active,5,4,3,4,No,No,8, TRUE ,FALSE,FALSE,TRUE,55+,6-10 yrs,Manager,2,Low
EMP0463,Ella Brown,ella.brown@deloitte.com,Female,2014-12-13,,,Yes,12,4,12,Oceania,Australia,New South Wales,Sydney,Nisha Lopez,nisha.lopez@deloitte.com,Audit & Assurance,Risk Advisory - Technology Risk,CC-AUD-482,45,1980-09-16,,,Contractor,Active,3,3,4,5,No,No,12, TRUE ,FALSE,FALSE,TRUE,45-54,11+ yrs,Senior Manager,2,Low
EMP0464,Ava Chen,ava.chen2@deloitte.com,Female,2021-09-24,2023-05-26,,Yes,2,0,2,Oceania,Australia,South Australia,Adelaide,Amelia Mehta,amelia.mehta@deloitte.com,Enabling Areas,Finance - Commercial Finance,CC-ENA-997,27,1999-04-14,Voluntary,Lack of Career Progression,Full Time,Inactive,2,1,1,1,Yes,Yes,2, FALSE ,TRUE,FALSE,FALSE,25-34,1-2 yrs,Consultant,6,High
EMP0465,Luke Walker,luke.walker@deloitte.com,Male,2026-04-13,,,No,0,0,0,Oceania,Australia,Victoria,Melbourne,Amelia Mehta,amelia.mehta@deloitte.com,Enabling Areas,Marketing - Digital Marketing,CC-ENA-539,27,1999-05-29,,,Full Time,Active,2,5,4,3,No,No,0, TRUE ,FALSE,TRUE,FALSE,25-34,<1 yr,Analyst,2,Low
EMP0466,David Lee,david.lee@deloitte.com,Male,2008-06-28,,,Yes,18,3,18,Oceania,Australia,Western Australia,Perth,Isla Tran,isla.tran@deloitte.com,Tax & Legal,Legal - Regulatory,CC-TAX-211,36,1990-02-12,,,Contractor,Active,4,3,5,5,No,No,18, TRUE ,FALSE,FALSE,TRUE,35-44,11+ yrs,Director/Partner,2,Low
EMP0467,Sophie Young,sophie.young2@deloitte.com,Female,2011-03-19,,,Yes,15,3,15,Oceania,Australia,New South Wales,Sydney,Lucas Taylor,lucas.taylor@deloitte.com,Tax & Legal,Business Tax - Corporate Tax,CC-TAX-429,52,1974-05-31,,,Full Time,Active,4,4,5,3,No,No,15, TRUE ,FALSE,FALSE,TRUE,45-54,11+ yrs,Senior Manager,2,Low
EMP0468,Jessica Tran,jessica.tran@deloitte.com,Female,2014-01-15,,,Yes,13,2,13,Oceania,Australia,New South Wales,Sydney,Ruby Iyer,ruby.iyer@deloitte.com,Enabling Areas,Finance - Financial Planning,CC-ENA-265,55,1971-04-13,,,Contractor,Active,4,2,3,5,No,No,13, TRUE ,FALSE,FALSE,TRUE,55+,11+ yrs,Senior Manager,4,Medium
EMP0469,Sienna Iyer,sienna.iyer@deloitte.com,Female,2023-07-13,,,Yes,3,0,3,Oceania,Australia,Queensland,Brisbane,Isla Sharma,isla.sharma@deloitte.com,Tax & Legal,Legal - Regulatory,CC-TAX-765,52,1973-10-27,,,Full Time,Active,3,3,4,4,No,No,3, TRUE ,FALSE,FALSE,FALSE,45-54,3-5 yrs,Consultant,0,Low
EMP0470,Rahul Chen,rahul.chen@deloitte.com,Male,2021-03-06,,,Yes,5,1,5,Oceania,Australia,Victoria,Melbourne,Laura Patel,laura.patel@deloitte.com,Audit & Assurance,External Audit - Consumer Audit,CC-AUD-168,59,1966-12-07,,,Full Time,Active,5,1,4,2,No,No,5, TRUE ,FALSE,FALSE,TRUE,55+,3-5 yrs,Manager,5,Medium
EMP0471,Nisha Sharma,nisha.sharma@deloitte.com,Female,2023-08-30,2025-09-15,,Yes,2,1,2,Asia,India,Karnataka,Bengaluru,Liam Martin,liam.martin@deloitte.com,Tax & Legal,Legal - Regulatory,CC-TAX-885,27,1998-09-01,Voluntary,Better Salary,Full Time,Inactive,2,2,3,3,Yes,Yes,2, FALSE ,TRUE,FALSE,TRUE,25-34,1-2 yrs,Consultant,4,Medium
EMP0472,Amelia Park,amelia.park@deloitte.com,Female,2025-09-06,,,Yes,1,0,1,Oceania,Australia,Queensland,Brisbane,Amelia Chen,amelia.chen@deloitte.com,Audit & Assurance,External Audit - Financial Services Audit,CC-AUD-902,27,1998-10-04,,,Full Time,Active,3,3,5,4,No,No,1, TRUE ,FALSE,TRUE,FALSE,25-34,1-2 yrs,Analyst,0,Low
EMP0473,Kavya Smith,kavya.smith@deloitte.com,Female,2005-01-07,,2016-02-03,Yes,22,5,10,Oceania,Australia,New South Wales,Sydney,Amelia Chen,amelia.chen@deloitte.com,Tax & Legal,Legal - Regulatory,CC-TAX-424,41,1984-09-09,,,Full Time,Active,4,5,5,5,No,No,22, TRUE ,FALSE,FALSE,TRUE,35-44,11+ yrs,Director/Partner,2,Low
EMP0474,Oscar Green,oscar.green@deloitte.com,Male,2024-01-31,,,Yes,3,1,3,Oceania,Australia,New South Wales,Sydney,Jacob Kim,jacob.kim@deloitte.com,Tax & Legal,Legal - Commercial Advisory,CC-TAX-731,30,1996-03-11,,,Full Time,Active,4,5,5,3,No,No,3, TRUE ,FALSE,FALSE,TRUE,25-34,3-5 yrs,Consultant,0,Low
EMP0475,Ella Smith,ella.smith2@deloitte.com,Female,2019-04-15,2022-11-06,2021-11-05,Yes,4,1,1,Oceania,Australia,Queensland,Brisbane,Georgia Adams,georgia.adams@deloitte.com,Consulting,Strategy & Operations - Customer Strategy,CC-CON-359,33,1993-03-15,Voluntary,Dissatisfied with Manager,Full Time,Inactive,2,1,2,1,Yes,Yes,4, FALSE ,TRUE,FALSE,TRUE,25-34,3-5 yrs,Consultant,6,High
EMP0476,Georgia Wong,georgia.wong@deloitte.com,Female,2020-10-06,,2025-05-20,Yes,6,3,1,Oceania,Australia,New South Wales,Sydney,Sophie Kumar,sophie.kumar@deloitte.com,Consulting,Human Capital - People Analytics,CC-CON-978,27,1998-08-20,,,Full Time,Active,4,5,3,4,No,No,6, TRUE ,FALSE,FALSE,TRUE,25-34,6-10 yrs,Manager,0,Low
EMP0477,Ivy Patel,ivy.patel@deloitte.com,Female,2021-08-09,,2025-11-03,Yes,5,1,1,Oceania,Australia,Victoria,Melbourne,Mia King,mia.king@deloitte.com,Consulting,Human Capital - Organisation Design,CC-CON-303,31,1995-05-28,,,Full Time,Active,4,3,4,4,No,No,5, TRUE ,FALSE,FALSE,TRUE,25-34,3-5 yrs,Manager,0,Low
EMP0478,Thomas Green,thomas.green@deloitte.com,Male,2005-04-12,,2018-06-21,Yes,21,3,8,Oceania,Australia,Victoria,Melbourne,Jacob White,jacob.white@deloitte.com,Consulting,Technology & Transformation - Data & AI,CC-CON-322,56,1970-01-27,,,Full Time,Active,4,3,5,5,No,No,21, TRUE ,FALSE,FALSE,TRUE,55+,11+ yrs,Director/Partner,2,Low
EMP0479,Charlotte Lewis,charlotte.lewis@deloitte.com,Female,2016-03-13,,2023-01-10,Yes,10,4,4,Oceania,Australia,Victoria,Melbourne,Lucas Nair,lucas.nair@deloitte.com,Enabling Areas,Technology - IT Operations,CC-ENA-601,29,1997-01-06,,,Full Time,Active,3,3,4,4,No,No,10, TRUE ,FALSE,FALSE,TRUE,25-34,6-10 yrs,Senior Manager,2,Low
EMP0480,Benjamin Harris,benjamin.harris2@deloitte.com,Male,2023-07-20,,,Yes,3,0,3,Asia,Singapore,Singapore,Singapore,Isla Wilson,isla.wilson@deloitte.com,Tax & Legal,Business Tax - Global Employer Services,CC-TAX-891,23,2003-05-27,,,Full Time,Active,3,3,3,5,No,No,3, TRUE ,FALSE,FALSE,FALSE,<25,3-5 yrs,Consultant,0,Low
EMP0481,Samuel Clark,samuel.clark@deloitte.com,Male,2020-12-16,,2024-10-01,Yes,6,1,2,Oceania,Australia,Victoria,Melbourne,Amelia Chen,amelia.chen@deloitte.com,Tax & Legal,Legal - Regulatory,CC-TAX-202,51,1974-10-11,,,Full Time,Active,3,3,3,4,No,No,6, TRUE ,FALSE,FALSE,TRUE,45-54,6-10 yrs,Manager,0,Low
EMP0482,Kiran Lopez,kiran.lopez@deloitte.com,Male,2025-11-01,,,Yes,1,0,1,Oceania,Australia,Victoria,Melbourne,Sarah Wright,sarah.wright@deloitte.com,Audit & Assurance,External Audit - Consumer Audit,CC-AUD-536,50,1976-05-30,,,Full Time,Active,4,5,3,1,No,No,1, TRUE ,FALSE,TRUE,FALSE,45-54,1-2 yrs,Analyst,1,Low
EMP0483,Luke Adams,luke.adams@deloitte.com,Male,2023-07-05,,,Yes,3,1,3,Oceania,Australia,Western Australia,Perth,Hannah Martinez,hannah.martinez@deloitte.com,Tax & Legal,Legal - Employment Law,CC-TAX-269,59,1967-07-24,,,Full Time,Active,4,4,3,2,No,No,3, TRUE ,FALSE,FALSE,TRUE,55+,3-5 yrs,Consultant,1,Low
EMP0484,Sophie King,sophie.king@deloitte.com,Female,2012-03-14,,2021-01-31,Yes,14,5,5,Oceania,Australia,Victoria,Melbourne,Amelia Chen,amelia.chen@deloitte.com,Enabling Areas,Marketing - Client Experience,CC-ENA-348,34,1992-03-11,,,Full Time,Active,4,2,2,4,No,No,14, TRUE ,FALSE,FALSE,TRUE,25-34,11+ yrs,Senior Manager,5,Medium
EMP0485,Lily Patel,lily.patel@deloitte.com,Female,2021-11-23,,,Yes,5,1,5,Oceania,Australia,Victoria,Melbourne,Vikram Green,vikram.green@deloitte.com,Tax & Legal,Legal - Employment Law,CC-TAX-613,39,1987-07-12,,,Contractor,Active,5,4,4,5,No,No,5, TRUE ,FALSE,FALSE,TRUE,35-44,3-5 yrs,Manager,2,Low
EMP0486,William Tran,william.tran@deloitte.com,Male,2015-05-15,2019-10-04,,Yes,4,1,4,Asia,India,Karnataka,Bengaluru,Laura Patel,laura.patel@deloitte.com,Audit & Assurance,External Audit - Consumer Audit,CC-AUD-798,33,1992-08-23,Voluntary,Relocation,Full Time,Inactive,3,1,4,2,Yes,Yes,4, FALSE ,TRUE,FALSE,TRUE,25-34,3-5 yrs,Consultant,5,Medium
EMP0487,James Patel,james.patel@deloitte.com,Male,2021-01-22,,2025-04-23,Yes,6,1,1,Oceania,Australia,Queensland,Brisbane,Hannah Martinez,hannah.martinez@deloitte.com,Enabling Areas,Technology - Enterprise Platforms,CC-ENA-829,29,1997-05-22,,,Full Time,Active,3,4,3,4,No,No,6, TRUE ,FALSE,FALSE,TRUE,25-34,6-10 yrs,Manager,0,Low
EMP0488,Jamie Thomas,jamie.thomas@deloitte.com,Non-binary,2021-02-19,,,Yes,5,0,5,Oceania,Australia,Victoria,Melbourne,Isla Wong,isla.wong@deloitte.com,Enabling Areas,Marketing - Digital Marketing,CC-ENA-151,30,1995-08-04,,,Contractor,Active,5,4,3,3,No,No,5, TRUE ,FALSE,FALSE,FALSE,25-34,3-5 yrs,Manager,3,Medium
EMP0489,Ivy Brown,ivy.brown2@deloitte.com,Female,2008-01-07,,2015-03-09,Yes,19,4,11,Oceania,Australia,Victoria,Melbourne,Leo Walker,leo.walker@deloitte.com,Consulting,Technology & Transformation - Cyber,CC-CON-248,55,1970-12-15,,,Full Time,Active,4,3,3,5,No,No,19, TRUE ,FALSE,FALSE,TRUE,55+,11+ yrs,Director/Partner,2,Low
EMP0490,Henry Chen,henry.chen@deloitte.com,Male,2001-10-27,,2006-11-06,Yes,25,2,20,Oceania,Australia,New South Wales,Sydney,Charlotte Wong,charlotte.wong@deloitte.com,Audit & Assurance,Risk Advisory - Regulatory Risk,CC-AUD-768,57,1969-03-23,,,Full Time,Active,4,2,5,5,No,No,25, TRUE ,FALSE,FALSE,TRUE,55+,11+ yrs,Director/Partner,4,Medium
EMP0491,Matthew Wright,matthew.wright@deloitte.com,Male,2015-12-18,,2017-01-01,Yes,11,3,10,Oceania,Australia,Western Australia,Perth,Ella Kim,ella.kim@deloitte.com,Consulting,Strategy & Operations - Operations Excellence,CC-CON-285,40,1986-06-12,,,Full Time,Active,4,3,3,1,No,No,11, TRUE ,FALSE,FALSE,TRUE,35-44,11+ yrs,Senior Manager,3,Medium
EMP0492,Emily Green,emily.green@deloitte.com,Female,2019-08-26,,2022-08-30,Yes,7,4,4,Oceania,Australia,South Australia,Adelaide,Lucas White,lucas.white@deloitte.com,Enabling Areas,Technology - Information Security,CC-ENA-498,38,1988-03-24,,,Full Time,Active,4,4,3,3,No,No,7, TRUE ,FALSE,FALSE,TRUE,35-44,6-10 yrs,Manager,2,Low
EMP0493,William Mehta,william.mehta@deloitte.com,Male,2023-11-16,,2024-06-16,Yes,3,1,2,Oceania,Australia,Victoria,Melbourne,Ella Patel,ella.patel@deloitte.com,Tax & Legal,Legal - Employment Law,CC-TAX-868,52,1973-11-16,,,Full Time,Active,3,4,1,4,No,No,3, TRUE ,FALSE,FALSE,TRUE,45-54,3-5 yrs,Consultant,1,Low
EMP0494,Ananya Park,ananya.park@deloitte.com,Female,2001-01-18,,2012-01-26,Yes,26,4,15,Oceania,Australia,New South Wales,Sydney,Leo Kim,leo.kim@deloitte.com,Consulting,Strategy & Operations - Operations Excellence,CC-CON-282,48,1978-03-01,,,Full Time,Active,5,4,5,5,No,No,26, TRUE ,FALSE,FALSE,TRUE,45-54,11+ yrs,Director/Partner,2,Low
EMP0495,Rahul Young,rahul.young2@deloitte.com,Male,2012-07-05,,2020-02-17,Yes,14,4,6,Oceania,Australia,Victoria,Melbourne,Isla Tran,isla.tran@deloitte.com,Audit & Assurance,External Audit - Consumer Audit,CC-AUD-395,47,1979-06-03,,,Full Time,Active,1,4,4,4,No,No,14, TRUE ,FALSE,FALSE,TRUE,45-54,11+ yrs,Senior Manager,4,Medium
EMP0496,Jack Kumar,jack.kumar2@deloitte.com,Male,2018-10-03,,,Yes,8,1,8,Oceania,Australia,Western Australia,Perth,Charlotte Wong,charlotte.wong@deloitte.com,Tax & Legal,Business Tax - Corporate Tax,CC-TAX-682,58,1968-06-30,,,Contractor,Active,4,4,5,1,No,No,8, TRUE ,FALSE,FALSE,TRUE,55+,6-10 yrs,Manager,3,Medium
EMP0497,Jacob Kumar,jacob.kumar2@deloitte.com,Male,2008-08-28,2017-01-06,,Yes,8,3,8,Oceania,Australia,Victoria,Melbourne,Hannah Iyer,hannah.iyer@deloitte.com,Audit & Assurance,Risk Advisory - Internal Audit,CC-AUD-350,56,1970-04-19,Voluntary,No Work-Life Balance,Contractor,Inactive,3,2,2,1,Yes,Yes,8, FALSE ,TRUE,FALSE,TRUE,55+,6-10 yrs,Manager,6,High
EMP0498,Henry Mehta,henry.mehta@deloitte.com,Male,2018-12-10,,2024-09-14,Yes,8,2,2,Oceania,Australia,Victoria,Melbourne,Georgia Clark,georgia.clark@deloitte.com,Consulting,Human Capital - HR Transformation,CC-CON-947,25,2000-08-04,,,Full Time,Active,4,3,3,4,No,No,8, TRUE ,FALSE,FALSE,TRUE,25-34,6-10 yrs,Manager,0,Low
EMP0499,Rahul Nair,rahul.nair@deloitte.com,Male,2019-09-27,2021-06-15,,Yes,2,0,2,Oceania,Australia,Queensland,Brisbane,Matthew Lewis,matthew.lewis@deloitte.com,Audit & Assurance,Risk Advisory - Technology Risk,CC-AUD-370,53,1973-06-19,Voluntary,Better Career Opportunity,Full Time,Inactive,1,3,1,4,Yes,Yes,2, FALSE ,TRUE,FALSE,FALSE,45-54,1-2 yrs,Consultant,3,Medium
EMP0500,Nisha Sharma,nisha.sharma2@deloitte.com,Female,2011-07-27,,2015-05-19,Yes,15,3,11,Oceania,Australia,Victoria,Melbourne,Meera Wright,meera.wright@deloitte.com,Audit & Assurance,Risk Advisory - Internal Audit,CC-AUD-830,49,1977-07-25,,,Full Time,Active,4,3,4,4,No,No,15, TRUE ,FALSE,FALSE,TRUE,45-54,11+ yrs,Senior Manager,2,Low
EMP0501,Olivia Kumar,olivia.kumar@deloitte.com,Female,2012-07-29,,2026-03-04,Yes,14,4,0,Oceania,Australia,New South Wales,Sydney,Meera Green,meera.green@deloitte.com,Tax & Legal,Business Tax - Global Employer Services,CC-TAX-973,37,1989-06-23,,,Full Time,Active,4,4,3,5,No,No,14, TRUE ,FALSE,FALSE,TRUE,35-44,11+ yrs,Senior Manager,0,Low
EMP0502,Joshua Chen,joshua.chen@deloitte.com,Male,2021-09-16,2022-02-25,,No,0,0,0,Oceania,Australia,Queensland,Brisbane,Charlotte Martin,charlotte.martin@deloitte.com,Enabling Areas,Marketing - Client Experience,CC-ENA-753,51,1974-10-29,Voluntary,Better Career Opportunity,Contractor,Inactive,4,4,4,3,Yes,Yes,0, FALSE ,TRUE,FALSE,FALSE,45-54,<1 yr,Analyst,0,Low
EMP0503,Vikram White,vikram.white@deloitte.com,Male,2005-04-16,,,Yes,21,4,21,Oceania,Australia,Victoria,Melbourne,Hannah Martinez,hannah.martinez@deloitte.com,Audit & Assurance,External Audit - Financial Services Audit,CC-AUD-806,42,1984-04-16,,,Full Time,Active,4,3,5,3,No,No,21, TRUE ,FALSE,FALSE,TRUE,35-44,11+ yrs,Director/Partner,2,Low
EMP0504,Ella Lewis,ella.lewis@deloitte.com,Female,2024-08-12,,,Yes,2,2,2,Oceania,Australia,South Australia,Adelaide,Ruby Iyer,ruby.iyer@deloitte.com,Audit & Assurance,Risk Advisory - Technology Risk,CC-AUD-552,25,2000-10-07,,,Full Time,Active,2,3,4,3,No,No,2, TRUE ,FALSE,FALSE,TRUE,25-34,1-2 yrs,Consultant,2,Low
EMP0505,Matthew Smith,matthew.smith@deloitte.com,Male,2005-01-01,,2018-09-14,Yes,22,3,8,Oceania,Australia,Queensland,Brisbane,Benjamin Singh,benjamin.singh@deloitte.com,Audit & Assurance,Risk Advisory - Regulatory Risk,CC-AUD-594,58,1968-03-08,,,Full Time,Active,4,5,3,5,No,No,22, TRUE ,FALSE,FALSE,TRUE,55+,11+ yrs,Director/Partner,2,Low
EMP0506,Amelia Kim,amelia.kim@deloitte.com,Female,2019-09-27,,2020-04-20,Yes,7,3,6,Oceania,Australia,New South Wales,Sydney,Rahul Hall,rahul.hall@deloitte.com,Consulting,Human Capital - HR Transformation,CC-CON-753,53,1973-01-06,,,Full Time,Active,4,4,3,2,No,No,7, TRUE ,FALSE,FALSE,TRUE,45-54,6-10 yrs,Manager,3,Medium
EMP0507,Olivia Lee,olivia.lee@deloitte.com,Female,2025-03-08,,,Yes,1,0,1,Asia,India,Telangana,Hyderabad,Joshua Taylor,joshua.taylor@deloitte.com,Audit & Assurance,Risk Advisory - Regulatory Risk,CC-AUD-585,40,1986-01-11,,,Full Time,Active,4,4,4,3,No,No,1, TRUE ,FALSE,FALSE,FALSE,35-44,1-2 yrs,Analyst,0,Low
EMP0508,Daniel Adams,daniel.adams3@deloitte.com,Male,2013-09-26,,2024-04-25,Yes,13,3,2,Oceania,Australia,Victoria,Melbourne,Jessica Chen,jessica.chen@deloitte.com,Tax & Legal,Business Tax - Indirect Tax,CC-TAX-885,44,1981-10-14,,,Full Time,Active,3,4,3,4,No,No,13, TRUE ,FALSE,FALSE,TRUE,35-44,11+ yrs,Senior Manager,0,Low
EMP0509,Ivy Singh,ivy.singh@deloitte.com,Female,2024-05-31,,,Yes,2,1,2,Oceania,Australia,Victoria,Melbourne,Emily Harris,emily.harris@deloitte.com,Enabling Areas,Marketing - Brand & Communications,CC-ENA-899,22,2004-01-12,,,Full Time,Active,4,4,5,3,No,No,2, TRUE ,FALSE,FALSE,TRUE,<25,1-2 yrs,Consultant,0,Low
EMP0510,Laura Garcia,laura.garcia@deloitte.com,Female,2004-07-19,,2014-11-13,Yes,22,3,12,Oceania,Australia,Western Australia,Perth,Jessica Chen,jessica.chen@deloitte.com,Audit & Assurance,External Audit - Public Sector Audit,CC-AUD-406,45,1980-08-31,,,Full Time,Active,4,4,4,3,No,No,22, TRUE ,FALSE,FALSE,TRUE,45-54,11+ yrs,Director/Partner,2,Low
EMP0511,Benjamin Wright,benjamin.wright@deloitte.com,Male,2013-01-26,,2020-08-08,Yes,14,2,6,Oceania,Australia,Victoria,Melbourne,Chloe Wilson,chloe.wilson@deloitte.com,Enabling Areas,Technology - Enterprise Platforms,CC-ENA-303,56,1970-04-29,,,Full Time,Active,4,4,3,4,No,No,14, TRUE ,FALSE,FALSE,TRUE,55+,11+ yrs,Senior Manager,2,Low
EMP0512,Zoe Gupta,zoe.gupta@deloitte.com,Female,2021-10-25,,2025-03-07,Yes,5,0,1,Oceania,Australia,Victoria,Melbourne,Hannah Hall,hannah.hall@deloitte.com,Enabling Areas,Technology - Information Security,CC-ENA-441,48,1978-02-19,,,Full Time,Active,4,4,4,5,No,No,5, TRUE ,FALSE,FALSE,FALSE,45-54,3-5 yrs,Manager,1,Low
EMP0513,David Harris,david.harris@deloitte.com,Male,2025-09-29,,,Yes,1,0,1,Asia,India,Telangana,Hyderabad,Lucas Taylor,lucas.taylor@deloitte.com,Audit & Assurance,Risk Advisory - Technology Risk,CC-AUD-286,53,1972-09-14,,,Contractor,Active,4,3,4,4,No,No,1, TRUE ,FALSE,TRUE,FALSE,45-54,1-2 yrs,Analyst,0,Low
EMP0514,Rohan Brown,rohan.brown@deloitte.com,Male,2013-03-06,,2018-09-21,Yes,13,3,8,Oceania,Australia,New South Wales,Sydney,Amelia Mehta,amelia.mehta@deloitte.com,Audit & Assurance,Risk Advisory - Regulatory Risk,CC-AUD-988,46,1980-05-21,,,Full Time,Active,4,3,3,3,No,No,13, TRUE ,FALSE,FALSE,TRUE,45-54,11+ yrs,Senior Manager,2,Low
EMP0515,Jessica Martinez,jessica.martinez@deloitte.com,Female,2024-08-27,,,Yes,2,0,2,Asia,India,Karnataka,Bengaluru,Leo Kim,leo.kim@deloitte.com,Tax & Legal,Business Tax - Corporate Tax,CC-TAX-998,23,2002-10-05,,,Contractor,Active,5,3,5,3,No,No,2, TRUE ,FALSE,FALSE,FALSE,<25,1-2 yrs,Consultant,0,Low
EMP0516,Ella Young,ella.young@deloitte.com,Female,2020-01-16,,,Yes,7,1,7,Oceania,Australia,New South Wales,Sydney,Oliver Hall,oliver.hall@deloitte.com,Audit & Assurance,External Audit - Consumer Audit,CC-AUD-858,45,1980-08-26,,,Full Time,Active,4,4,3,2,No,No,7, TRUE ,FALSE,FALSE,TRUE,45-54,6-10 yrs,Manager,3,Medium
EMP0517,Riley Nguyen,riley.nguyen@deloitte.com,Non-binary,2009-10-17,2018-05-26,,Yes,9,2,9,Oceania,Australia,New South Wales,Sydney,Charlotte Adams,charlotte.adams@deloitte.com,Tax & Legal,Business Tax - Global Employer Services,CC-TAX-186,37,1989-04-18,Involuntary,Position Eliminated,Contractor,Inactive,3,4,4,1,Yes,Yes,9, FALSE ,TRUE,FALSE,TRUE,35-44,6-10 yrs,Manager,3,Medium
EMP0518,Georgia King,georgia.king@deloitte.com,Female,2012-07-26,,2013-12-07,Yes,14,3,13,Oceania,Australia,New South Wales,Sydney,Oliver Hall,oliver.hall@deloitte.com,Enabling Areas,Finance - Financial Planning,CC-ENA-631,32,1994-05-17,,,Full Time,Active,5,4,5,2,No,No,14, TRUE ,FALSE,FALSE,TRUE,25-34,11+ yrs,Senior Manager,3,Medium
EMP0519,Jack Harris,jack.harris@deloitte.com,Male,2023-05-29,,,Yes,3,0,3,Oceania,Australia,Victoria,Melbourne,Isla Wong,isla.wong@deloitte.com,Audit & Assurance,Risk Advisory - Technology Risk,CC-AUD-652,22,2004-04-11,,,Full Time,Active,3,4,4,2,No,No,3, TRUE ,FALSE,FALSE,FALSE,<25,3-5 yrs,Consultant,1,Low
EMP0520,Sienna Hall,sienna.hall2@deloitte.com,Female,2018-11-24,,,Yes,8,1,8,Oceania,Australia,Victoria,Melbourne,Amelia Chen,amelia.chen@deloitte.com,Tax & Legal,Business Tax - Indirect Tax,CC-TAX-772,26,2000-03-02,,,Full Time,Active,4,5,4,2,No,No,8, TRUE ,FALSE,FALSE,TRUE,25-34,6-10 yrs,Manager,3,Medium
EMP0521,Oscar Park,oscar.park@deloitte.com,Male,2015-08-31,,2023-07-20,Yes,11,4,3,Oceania,Australia,Victoria,Melbourne,Ananya Reddy,ananya.reddy@deloitte.com,Tax & Legal,Legal - Regulatory,CC-TAX-573,33,1992-10-04,,,Full Time,Active,4,4,4,5,No,No,11, TRUE ,FALSE,FALSE,TRUE,25-34,11+ yrs,Senior Manager,0,Low
EMP0522,William Patel,william.patel@deloitte.com,Male,2006-07-07,,2024-12-10,Yes,20,5,2,Oceania,Australia,Victoria,Melbourne,Meera Martin,meera.martin@deloitte.com,Audit & Assurance,External Audit - Consumer Audit,CC-AUD-430,48,1978-02-08,,,Full Time,Active,1,4,5,2,No,No,20, TRUE ,FALSE,FALSE,TRUE,45-54,11+ yrs,Director/Partner,3,Medium
EMP0523,Matthew Nair,matthew.nair@deloitte.com,Male,2020-04-30,,2023-12-15,Yes,6,1,3,Oceania,Australia,New South Wales,Sydney,Isla Wong,isla.wong@deloitte.com,Enabling Areas,Marketing - Client Experience,CC-ENA-198,49,1976-11-18,,,Full Time,Active,4,3,4,2,No,No,6, TRUE ,FALSE,FALSE,TRUE,45-54,6-10 yrs,Manager,1,Low
EMP0524,Emma Brown,emma.brown@deloitte.com,Female,2004-03-29,,2017-01-29,Yes,22,4,10,Asia,India,Karnataka,Bengaluru,Nisha Lopez,nisha.lopez@deloitte.com,Audit & Assurance,Risk Advisory - Regulatory Risk,CC-AUD-299,55,1970-10-04,,,Full Time,Active,3,4,4,2,No,No,22, TRUE ,FALSE,FALSE,TRUE,55+,11+ yrs,Director/Partner,3,Medium
EMP0525,Michael Martinez,michael.martinez@deloitte.com,Male,2026-04-04,,,No,0,0,0,Oceania,Australia,Victoria,Melbourne,Grace Lewis,grace.lewis@deloitte.com,Audit & Assurance,External Audit - Public Sector Audit,CC-AUD-724,30,1996-05-15,,,Full Time,Active,4,3,2,5,No,No,0, TRUE ,FALSE,TRUE,FALSE,25-34,<1 yr,Analyst,1,Low
EMP0526,Meera Chen,meera.chen@deloitte.com,Female,2020-12-28,,2021-11-26,Yes,6,1,5,Asia,India,Karnataka,Bengaluru,Henry Joshi,henry.joshi@deloitte.com,Enabling Areas,Finance - Financial Planning,CC-ENA-592,47,1979-04-01,,,Full Time,Active,5,4,5,5,No,No,6, TRUE ,FALSE,FALSE,TRUE,45-54,6-10 yrs,Manager,2,Low
EMP0527,Maya Harris,maya.harris@deloitte.com,Female,2017-07-16,,2020-07-26,Yes,9,2,6,Asia,India,Karnataka,Bengaluru,Mia Hall,mia.hall@deloitte.com,Audit & Assurance,Risk Advisory - Technology Risk,CC-AUD-788,62,1964-03-02,,,Full Time,Active,3,3,4,4,No,No,9, TRUE ,FALSE,FALSE,TRUE,55+,6-10 yrs,Manager,2,Low
EMP0528,Nathan Martinez,nathan.martinez@deloitte.com,Male,2019-08-29,2024-11-01,2024-05-18,Yes,5,0,0,Asia,India,Telangana,Hyderabad,Jacob Wilson,jacob.wilson@deloitte.com,Enabling Areas,Marketing - Client Experience,CC-ENA-272,51,1974-11-27,Voluntary,Better Salary,Full Time,Inactive,4,3,4,3,Yes,Yes,5, FALSE ,TRUE,FALSE,FALSE,45-54,3-5 yrs,Manager,1,Low
EMP0529,Ethan Singh,ethan.singh2@deloitte.com,Male,2019-08-05,,2021-04-06,Yes,7,3,5,Oceania,Australia,New South Wales,Sydney,Laura Patel,laura.patel@deloitte.com,Tax & Legal,Legal - Commercial Advisory,CC-TAX-113,36,1990-07-07,,,Full Time,Active,2,4,3,3,No,No,7, TRUE ,FALSE,FALSE,TRUE,35-44,6-10 yrs,Manager,4,Medium
EMP0530,Benjamin Green,benjamin.green@deloitte.com,Male,2023-01-12,,,Yes,4,0,4,Oceania,Australia,South Australia,Adelaide,Isla Kumar,isla.kumar@deloitte.com,Consulting,Technology & Transformation - Data & AI,CC-CON-469,27,1999-07-29,,,Full Time,Active,4,4,4,4,No,No,4, TRUE ,FALSE,FALSE,FALSE,25-34,3-5 yrs,Consultant,3,Medium
EMP0531,Noah Reddy,noah.reddy@deloitte.com,Male,2020-08-31,,,Yes,6,1,6,Oceania,Australia,New South Wales,Sydney,Hannah Iyer,hannah.iyer@deloitte.com,Tax & Legal,Business Tax - Indirect Tax,CC-TAX-522,62,1964-03-13,,,Full Time,Active,5,4,5,3,No,No,6, TRUE ,FALSE,FALSE,TRUE,55+,6-10 yrs,Manager,2,Low
EMP0532,Rahul Reddy,rahul.reddy@deloitte.com,Male,2017-12-16,,2025-07-27,Yes,9,2,1,Oceania,Australia,Victoria,Melbourne,Emily Singh,emily.singh@deloitte.com,Tax & Legal,Business Tax - Indirect Tax,CC-TAX-977,36,1989-12-20,,,Full Time,Active,2,3,4,4,No,No,9, TRUE ,FALSE,FALSE,TRUE,35-44,6-10 yrs,Manager,2,Low
EMP0533,Arjun Adams,arjun.adams@deloitte.com,Male,2023-11-13,,,Yes,3,0,3,Oceania,Australia,New South Wales,Sydney,Nathan Sharma,nathan.sharma@deloitte.com,Audit & Assurance,External Audit - Consumer Audit,CC-AUD-116,27,1998-09-16,,,Full Time,Active,2,4,5,4,No,No,3, TRUE ,FALSE,FALSE,FALSE,25-34,3-5 yrs,Consultant,2,Low
EMP0534,Nathan Kim,nathan.kim@deloitte.com,Male,2017-11-07,2018-12-24,2018-10-06,Yes,1,0,0,Oceania,Australia,New South Wales,Sydney,Oscar Lopez,oscar.lopez@deloitte.com,Enabling Areas,People & Culture - People Operations,CC-ENA-934,55,1970-10-31,Voluntary,Better Career Opportunity,Full Time,Inactive,4,4,3,5,Yes,Yes,1, FALSE ,TRUE,FALSE,FALSE,55+,1-2 yrs,Analyst,0,Low
EMP0535,Emily Green,emily.green2@deloitte.com,Female,2023-07-09,,2024-08-23,Yes,3,1,2,Asia,India,Telangana,Hyderabad,Lucas Wong,lucas.wong@deloitte.com,Enabling Areas,Marketing - Client Experience,CC-ENA-664,22,2004-04-10,,,Full Time,Active,5,3,3,4,No,No,3, TRUE ,FALSE,FALSE,TRUE,<25,3-5 yrs,Consultant,0,Low
EMP0536,Hannah Kumar,hannah.kumar2@deloitte.com,Female,2025-06-06,,,Yes,1,0,1,Asia,India,Karnataka,Bengaluru,Oscar Lopez,oscar.lopez@deloitte.com,Tax & Legal,Business Tax - Global Employer Services,CC-TAX-692,37,1989-07-28,,,Contractor,Active,2,5,4,3,No,No,1, TRUE ,FALSE,FALSE,FALSE,35-44,1-2 yrs,Analyst,2,Low
EMP0537,Priya White,priya.white@deloitte.com,Female,2015-08-17,,2018-08-18,Yes,11,3,8,Oceania,Australia,New South Wales,Sydney,Meera Green,meera.green@deloitte.com,Consulting,Strategy & Operations - Operations Excellence,CC-CON-672,59,1966-11-25,,,Full Time,Active,4,5,4,4,No,No,11, TRUE ,FALSE,FALSE,TRUE,55+,11+ yrs,Senior Manager,2,Low
EMP0538,Ananya Anderson,ananya.anderson@deloitte.com,Female,2012-01-07,,,Yes,15,2,15,Oceania,Australia,New South Wales,Sydney,Hannah Hall,hannah.hall@deloitte.com,Tax & Legal,Legal - Commercial Advisory,CC-TAX-683,38,1988-05-18,,,Contractor,Active,4,4,3,4,No,No,15, TRUE ,FALSE,FALSE,TRUE,35-44,11+ yrs,Senior Manager,2,Low
EMP0539,Riley Smith,riley.smith@deloitte.com,Non-binary,2016-01-28,,2017-04-12,Yes,11,1,9,Oceania,Australia,Western Australia,Perth,Samuel Singh,samuel.singh@deloitte.com,Audit & Assurance,External Audit - Public Sector Audit,CC-AUD-606,60,1965-08-28,,,Full Time,Active,4,3,2,3,No,No,11, TRUE ,FALSE,FALSE,TRUE,55+,11+ yrs,Senior Manager,3,Medium
EMP0540,Benjamin Kumar,benjamin.kumar@deloitte.com,Male,2021-04-12,,2023-10-06,Yes,5,4,3,Oceania,Australia,Victoria,Melbourne,Michael Wright,michael.wright@deloitte.com,Consulting,Human Capital - HR Transformation,CC-CON-869,47,1979-02-12,,,Full Time,Active,2,3,5,2,No,No,5, TRUE ,FALSE,FALSE,TRUE,45-54,3-5 yrs,Manager,3,Medium
EMP0541,Benjamin Singh,benjamin.singh@deloitte.com,Male,2016-10-28,,2021-08-18,Yes,10,3,5,Oceania,Australia,Victoria,Melbourne,Grace Lewis,grace.lewis@deloitte.com,Enabling Areas,Finance - Commercial Finance,CC-ENA-323,27,1998-10-26,,,Contractor,Active,5,2,4,2,No,No,10, TRUE ,FALSE,FALSE,TRUE,25-34,6-10 yrs,Senior Manager,5,Medium
EMP0542,Sophie Joshi,sophie.joshi2@deloitte.com,Female,2015-08-14,,2022-02-19,Yes,11,1,4,Oceania,Australia,Victoria,Melbourne,Isla King,isla.king@deloitte.com,Audit & Assurance,External Audit - Financial Services Audit,CC-AUD-609,32,1994-04-17,,,Full Time,Active,3,2,4,3,No,No,11, TRUE ,FALSE,FALSE,TRUE,25-34,11+ yrs,Senior Manager,4,Medium
EMP0543,Charlotte Kim,charlotte.kim@deloitte.com,Female,2005-03-21,2010-10-28,2007-01-20,Yes,6,2,4,Asia,Singapore,Singapore,Singapore,Lucas Wong,lucas.wong@deloitte.com,Consulting,Strategy & Operations - Business Transformation,CC-CON-779,45,1981-03-18,Voluntary,Job Not Meeting Expectations,Full Time,Inactive,1,4,3,3,Yes,Yes,6, FALSE ,TRUE,FALSE,TRUE,45-54,6-10 yrs,Manager,4,Medium
EMP0544,Lily Lewis,lily.lewis@deloitte.com,Female,2015-01-03,,2021-01-03,Yes,12,3,6,Oceania,Australia,Western Australia,Perth,Mia Lee,mia.lee@deloitte.com,Consulting,Strategy & Operations - Business Transformation,CC-CON-292,39,1987-06-17,,,Full Time,Active,5,3,4,5,No,No,12, TRUE ,FALSE,FALSE,TRUE,35-44,11+ yrs,Senior Manager,2,Low
EMP0545,Samuel Patel,samuel.patel@deloitte.com,Male,2020-08-18,,2026-07-12,Yes,6,0,0,Asia,India,Telangana,Hyderabad,Jack King,jack.king@deloitte.com,Tax & Legal,Business Tax - Corporate Tax,CC-TAX-201,24,2002-05-01,,,Full Time,Active,4,3,3,3,No,No,6, TRUE ,FALSE,FALSE,FALSE,<25,6-10 yrs,Manager,1,Low
EMP0546,Daniel Young,daniel.young@deloitte.com,Male,2000-09-12,,,Yes,26,3,26,Oceania,Australia,New South Wales,Sydney,Samuel Singh,samuel.singh@deloitte.com,Enabling Areas,Finance - Accounts Payable,CC-ENA-957,57,1969-06-24,,,Full Time,Active,3,2,4,4,No,No,26, TRUE ,FALSE,FALSE,TRUE,55+,11+ yrs,Director/Partner,4,Medium
EMP0547,Lucy Iyer,lucy.iyer@deloitte.com,Female,2013-11-22,,2020-07-01,Yes,13,3,6,Oceania,Australia,Victoria,Melbourne,Georgia Clark,georgia.clark@deloitte.com,Enabling Areas,Technology - Information Security,CC-ENA-110,64,1962-05-20,,,Full Time,Active,4,3,4,3,No,No,13, TRUE ,FALSE,FALSE,TRUE,55+,11+ yrs,Senior Manager,2,Low
EMP0548,Henry Anderson,henry.anderson2@deloitte.com,Male,2005-03-03,,2017-09-14,Yes,21,3,9,Oceania,Australia,New South Wales,Sydney,Hannah Hall,hannah.hall@deloitte.com,Tax & Legal,Legal - Regulatory,CC-TAX-367,61,1964-09-28,,,Full Time,Active,2,2,5,5,No,No,21, TRUE ,FALSE,FALSE,TRUE,55+,11+ yrs,Director/Partner,6,High
EMP0549,David Tran,david.tran@deloitte.com,Male,2022-05-16,,2024-02-23,Yes,4,3,2,Oceania,Australia,New South Wales,Sydney,Olivia Iyer,olivia.iyer@deloitte.com,Enabling Areas,Finance - Accounts Payable,CC-ENA-711,33,1992-10-05,,,Contractor,Active,4,4,4,5,No,No,4, TRUE ,FALSE,FALSE,TRUE,25-34,3-5 yrs,Consultant,0,Low
EMP0550,Ryan Patel,ryan.patel@deloitte.com,Male,2021-06-12,,,Yes,5,1,5,Oceania,Australia,Victoria,Melbourne,Adam Garcia,adam.garcia@deloitte.com,Consulting,Technology & Transformation - Data & AI,CC-CON-742,23,2003-05-19,,,Contractor,Active,3,4,4,5,No,No,5, TRUE ,FALSE,FALSE,TRUE,<25,3-5 yrs,Manager,2,Low
EMP0551,Chloe Martinez,chloe.martinez@deloitte.com,Female,2024-12-23,,,Yes,2,2,2,Oceania,Australia,Western Australia,Perth,Emily Harris,emily.harris@deloitte.com,Tax & Legal,Business Tax - Corporate Tax,CC-TAX-206,54,1971-12-26,,,Full Time,Active,4,1,1,1,No,No,2, TRUE ,FALSE,FALSE,TRUE,45-54,1-2 yrs,Consultant,4,Medium
EMP0552,Hannah Martin,hannah.martin@deloitte.com,Female,2010-03-28,2024-11-14,,Yes,15,5,15,Asia,India,Karnataka,Bengaluru,Vikram Green,vikram.green@deloitte.com,Enabling Areas,Technology - Enterprise Platforms,CC-ENA-751,35,1991-06-18,Voluntary,Better Salary,Full Time,Inactive,2,4,1,3,Yes,Yes,15, FALSE ,TRUE,FALSE,TRUE,35-44,11+ yrs,Senior Manager,5,Medium
EMP0553,Meera Wright,meera.wright@deloitte.com,Female,2013-07-21,,2023-04-01,Yes,13,3,3,Oceania,Australia,New South Wales,Sydney,Emily Singh,emily.singh@deloitte.com,Enabling Areas,Marketing - Digital Marketing,CC-ENA-851,31,1995-02-05,,,Full Time,Active,4,5,4,3,No,No,13, TRUE ,FALSE,FALSE,TRUE,25-34,11+ yrs,Senior Manager,0,Low
EMP0554,William Chen,william.chen@deloitte.com,Male,2014-10-11,,,Yes,12,2,12,Oceania,Australia,South Australia,Adelaide,Olivia Iyer,olivia.iyer@deloitte.com,Tax & Legal,Business Tax - Indirect Tax,CC-TAX-244,34,1991-12-04,,,Full Time,Active,4,4,4,5,No,No,12, TRUE ,FALSE,FALSE,TRUE,25-34,11+ yrs,Senior Manager,2,Low
EMP0555,Joshua Lopez,joshua.lopez@deloitte.com,Male,2008-12-11,,2018-01-21,Yes,18,3,9,Oceania,Australia,New South Wales,Sydney,Samuel Singh,samuel.singh@deloitte.com,Tax & Legal,Business Tax - Global Employer Services,CC-TAX-511,47,1978-08-27,,,Full Time,Active,4,4,3,3,No,No,18, TRUE ,FALSE,FALSE,TRUE,45-54,11+ yrs,Director/Partner,2,Low
EMP0556,Ella Thompson,ella.thompson@deloitte.com,Female,2023-10-20,,,Yes,3,3,3,Asia,India,Telangana,Hyderabad,Lily Taylor,lily.taylor@deloitte.com,Tax & Legal,Business Tax - Global Employer Services,CC-TAX-254,52,1974-01-09,,,Full Time,Active,5,3,2,4,No,No,3, TRUE ,FALSE,FALSE,TRUE,45-54,3-5 yrs,Consultant,1,Low
EMP0557,Sienna Joshi,sienna.joshi@deloitte.com,Female,2007-11-10,2020-07-16,2011-10-05,Yes,13,4,9,Oceania,Australia,Queensland,Brisbane,Lucas Nair,lucas.nair@deloitte.com,Tax & Legal,Business Tax - Corporate Tax,CC-TAX-779,51,1975-01-21,Involuntary,Redundancy,Full Time,Inactive,4,4,1,1,Yes,Yes,13, FALSE ,TRUE,FALSE,TRUE,45-54,11+ yrs,Senior Manager,4,Medium
EMP0558,Matthew Singh,matthew.singh@deloitte.com,Male,2025-08-27,,,Yes,1,0,1,Oceania,Australia,Victoria,Melbourne,Oscar Lopez,oscar.lopez@deloitte.com,Tax & Legal,Legal - Commercial Advisory,CC-TAX-213,49,1977-05-27,,,Full Time,Active,5,4,4,5,No,No,1, TRUE ,FALSE,TRUE,FALSE,45-54,1-2 yrs,Analyst,0,Low
EMP0559,Ruby Thomas,ruby.thomas@deloitte.com,Female,2023-08-09,,,Yes,3,0,3,Asia,India,Karnataka,Bengaluru,Ruby Adams,ruby.adams@deloitte.com,Tax & Legal,Business Tax - Corporate Tax,CC-TAX-764,43,1983-06-05,,,Full Time,Active,3,3,4,3,No,No,3, TRUE ,FALSE,FALSE,FALSE,35-44,3-5 yrs,Consultant,0,Low
EMP0560,Ella Mehta,ella.mehta@deloitte.com,Female,2014-12-07,2015-04-03,,No,0,0,0,Oceania,Australia,Queensland,Brisbane,Lucas Nair,lucas.nair@deloitte.com,Enabling Areas,Technology - Enterprise Platforms,CC-ENA-922,63,1962-09-11,Voluntary,Lack of Career Progression,Full Time,Inactive,3,5,2,2,Yes,Yes,0, FALSE ,TRUE,FALSE,FALSE,55+,<1 yr,Analyst,2,Low
EMP0561,Leo Thomas,leo.thomas@deloitte.com,Male,2003-10-21,,,Yes,23,3,23,Oceania,Australia,Victoria,Melbourne,Jacob Smith,jacob.smith@deloitte.com,Audit & Assurance,External Audit - Financial Services Audit,CC-AUD-984,49,1977-07-10,,,Full Time,Active,2,4,4,3,No,No,23, TRUE ,FALSE,FALSE,TRUE,45-54,11+ yrs,Director/Partner,4,Medium
EMP0562,Oliver Walker,oliver.walker2@deloitte.com,Male,2020-09-01,,,Yes,6,2,6,Oceania,Australia,Victoria,Melbourne,Meera Wright,meera.wright@deloitte.com,Consulting,Technology & Transformation - Enterprise Applications,CC-CON-910,58,1968-06-16,,,Full Time,Active,4,3,4,3,No,No,6, TRUE ,FALSE,FALSE,TRUE,55+,6-10 yrs,Manager,2,Low
EMP0563,Lucas Nguyen,lucas.nguyen@deloitte.com,Male,2022-09-02,2024-05-13,,Yes,2,1,2,Asia,Singapore,Singapore,Singapore,Adam Mehta,adam.mehta@deloitte.com,Audit & Assurance,External Audit - Public Sector Audit,CC-AUD-226,33,1993-07-29,Involuntary,Performance Issues,Full Time,Inactive,3,1,2,2,Yes,Yes,2, FALSE ,TRUE,FALSE,TRUE,25-34,1-2 yrs,Consultant,4,Medium
EMP0564,Ethan Gupta,ethan.gupta@deloitte.com,Male,2012-10-20,,2018-09-11,Yes,14,3,8,Oceania,Australia,Victoria,Melbourne,Jacob Smith,jacob.smith@deloitte.com,Enabling Areas,Technology - Information Security,CC-ENA-161,53,1973-06-24,,,Full Time,Active,4,4,2,4,No,No,14, TRUE ,FALSE,FALSE,TRUE,45-54,11+ yrs,Senior Manager,3,Medium
EMP0565,Liam Thomas,liam.thomas2@deloitte.com,Male,2019-08-11,,,Yes,7,1,7,Oceania,Australia,New South Wales,Sydney,Rahul Hall,rahul.hall@deloitte.com,Enabling Areas,Technology - Information Security,CC-ENA-862,41,1985-05-29,,,Full Time,Active,3,4,2,3,No,No,7, TRUE ,FALSE,FALSE,TRUE,35-44,6-10 yrs,Manager,3,Medium
EMP0566,Nisha Patel,nisha.patel2@deloitte.com,Female,2020-10-30,2025-03-27,2021-06-17,Yes,4,1,4,Oceania,Australia,New South Wales,Sydney,Adam Adams,adam.adams@deloitte.com,Audit & Assurance,External Audit - Public Sector Audit,CC-AUD-288,46,1980-03-25,Voluntary,Dissatisfied with Manager,Full Time,Inactive,2,1,1,2,Yes,Yes,4, FALSE ,TRUE,FALSE,TRUE,45-54,3-5 yrs,Consultant,8,High
EMP0567,David Green,david.green2@deloitte.com,Male,2019-09-30,,2022-01-11,Yes,7,1,5,Oceania,Australia,Western Australia,Perth,Rohan Gupta,rohan.gupta@deloitte.com,Tax & Legal,Business Tax - Corporate Tax,CC-TAX-631,35,1990-11-06,,,Full Time,Active,5,4,4,1,No,No,7, TRUE ,FALSE,FALSE,TRUE,35-44,6-10 yrs,Manager,3,Medium
EMP0568,Sophie Sharma,sophie.sharma@deloitte.com,Female,2019-03-30,,2023-07-24,Yes,7,0,3,Oceania,Australia,Victoria,Melbourne,Isla Tran,isla.tran@deloitte.com,Tax & Legal,Legal - Commercial Advisory,CC-TAX-314,61,1965-01-07,,,Full Time,Active,5,4,5,5,No,No,7, TRUE ,FALSE,FALSE,FALSE,55+,6-10 yrs,Manager,1,Low
EMP0569,Adam Nguyen,adam.nguyen@deloitte.com,Male,2013-12-27,,2017-05-01,Yes,13,1,9,Oceania,Australia,Queensland,Brisbane,Benjamin Garcia,benjamin.garcia@deloitte.com,Audit & Assurance,Risk Advisory - Regulatory Risk,CC-AUD-581,38,1988-05-11,,,Full Time,Active,5,3,5,3,No,No,13, TRUE ,FALSE,FALSE,TRUE,35-44,11+ yrs,Senior Manager,2,Low
EMP0570,Priya Thomas,priya.thomas@deloitte.com,Female,2020-10-02,,,Yes,6,2,6,Oceania,Australia,Victoria,Melbourne,Charlotte Adams,charlotte.adams@deloitte.com,Consulting,Human Capital - People Analytics,CC-CON-328,54,1972-04-08,,,Full Time,Active,4,3,5,3,No,No,6, TRUE ,FALSE,FALSE,TRUE,45-54,6-10 yrs,Manager,2,Low
EMP0571,Amelia Patel,amelia.patel@deloitte.com,Female,2024-01-21,,2026-03-22,Yes,3,1,0,Oceania,Australia,New South Wales,Sydney,Grace Park,grace.park@deloitte.com,Enabling Areas,Marketing - Client Experience,CC-ENA-938,52,1974-01-08,,,Full Time,Active,5,3,3,3,No,No,3, TRUE ,FALSE,FALSE,TRUE,45-54,3-5 yrs,Consultant,0,Low
EMP0572,Emma Gupta,emma.gupta@deloitte.com,Female,2023-04-19,,,Yes,3,1,3,Oceania,Australia,New South Wales,Sydney,Laura Harris,laura.harris@deloitte.com,Enabling Areas,Technology - IT Operations,CC-ENA-700,26,2000-02-05,,,Full Time,Active,2,5,2,5,No,No,3, TRUE ,FALSE,FALSE,TRUE,25-34,3-5 yrs,Consultant,3,Medium
EMP0573,Rahul Walker,rahul.walker@deloitte.com,Male,2004-03-28,,2012-01-21,Yes,22,3,15,Oceania,Australia,Victoria,Melbourne,Jack King,jack.king@deloitte.com,Consulting,Strategy & Operations - Customer Strategy,CC-CON-830,41,1985-02-09,,,Full Time,Active,2,2,2,2,No,No,22, TRUE ,FALSE,FALSE,TRUE,35-44,11+ yrs,Director/Partner,8,High
EMP0574,Alexander King,alexander.king@deloitte.com,Male,2022-01-28,,,Yes,5,0,5,Oceania,Australia,Victoria,Melbourne,Luke Wright,luke.wright@deloitte.com,Consulting,Technology & Transformation - Enterprise Applications,CC-CON-262,26,2000-02-01,,,Full Time,Active,2,5,3,3,No,No,5, TRUE ,FALSE,FALSE,FALSE,25-34,3-5 yrs,Manager,5,Medium
EMP0575,David Brown,david.brown@deloitte.com,Male,2022-12-31,2024-05-20,,Yes,1,0,1,Oceania,Australia,New South Wales,Sydney,Jack King,jack.king@deloitte.com,Tax & Legal,Legal - Commercial Advisory,CC-TAX-785,24,2002-06-26,Voluntary,Better Career Opportunity,Full Time,Inactive,3,2,1,1,Yes,Yes,1, FALSE ,TRUE,FALSE,FALSE,<25,1-2 yrs,Analyst,4,Medium
EMP0576,Isla Garcia,isla.garcia@deloitte.com,Female,2007-08-24,,2022-03-19,Yes,19,4,4,Oceania,Australia,Victoria,Melbourne,Rohan Gupta,rohan.gupta@deloitte.com,Tax & Legal,Legal - Commercial Advisory,CC-TAX-434,44,1982-04-18,,,Full Time,Active,5,3,4,3,No,No,19, TRUE ,FALSE,FALSE,TRUE,35-44,11+ yrs,Director/Partner,2,Low
EMP0577,Emma Lee,emma.lee@deloitte.com,Female,2008-04-16,,2013-05-24,Yes,18,3,13,Asia,India,Telangana,Hyderabad,Benjamin Garcia,benjamin.garcia@deloitte.com,Tax & Legal,Legal - Employment Law,CC-TAX-155,46,1979-11-13,,,Full Time,Active,4,3,5,4,No,No,18, TRUE ,FALSE,FALSE,TRUE,45-54,11+ yrs,Director/Partner,2,Low
EMP0578,Ava Adams,ava.adams@deloitte.com,Female,2023-11-20,2025-12-26,,Yes,2,0,2,Oceania,Australia,New South Wales,Sydney,Ryan Garcia,ryan.garcia@deloitte.com,Audit & Assurance,External Audit - Public Sector Audit,CC-AUD-209,21,2004-11-19,Involuntary,Attendance Issues,Contractor,Inactive,3,4,3,4,Yes,Yes,2, FALSE ,TRUE,FALSE,FALSE,<25,1-2 yrs,Consultant,0,Low
EMP0579,Hannah Harris,hannah.harris@deloitte.com,Female,2020-10-08,,2026-03-05,Yes,6,2,0,Oceania,Australia,Victoria,Melbourne,Matthew Lewis,matthew.lewis@deloitte.com,Tax & Legal,Legal - Commercial Advisory,CC-TAX-223,27,1998-08-28,,,Full Time,Active,5,4,4,1,No,No,6, TRUE ,FALSE,FALSE,TRUE,25-34,6-10 yrs,Manager,1,Low
EMP0580,Daniel Clark,daniel.clark@deloitte.com,Male,2023-03-18,,,Yes,3,2,3,Oceania,Australia,Queensland,Brisbane,Leo Kim,leo.kim@deloitte.com,Consulting,Human Capital - Organisation Design,CC-CON-486,21,2004-09-27,,,Full Time,Active,1,4,5,3,No,No,3, TRUE ,FALSE,FALSE,TRUE,<25,3-5 yrs,Consultant,2,Low
EMP0581,Matthew Wilson,matthew.wilson@deloitte.com,Male,2012-08-06,,2019-01-31,Yes,14,4,8,Oceania,Australia,Victoria,Melbourne,Amelia Mehta,amelia.mehta@deloitte.com,Consulting,Strategy & Operations - Operations Excellence,CC-CON-672,63,1962-09-02,,,Full Time,Active,5,4,3,4,No,No,14, TRUE ,FALSE,FALSE,TRUE,55+,11+ yrs,Senior Manager,2,Low
EMP0582,Ananya Thomas,ananya.thomas@deloitte.com,Female,2020-06-19,,2025-02-13,Yes,6,0,1,Oceania,Australia,Queensland,Brisbane,Olivia Iyer,olivia.iyer@deloitte.com,Enabling Areas,Technology - Enterprise Platforms,CC-ENA-251,59,1967-02-05,,,Full Time,Active,5,4,4,4,No,No,6, TRUE ,FALSE,FALSE,FALSE,55+,6-10 yrs,Manager,1,Low
EMP0583,Aisha Thomas,aisha.thomas2@deloitte.com,Female,2006-03-05,,2023-07-28,Yes,20,3,3,Asia,Singapore,Singapore,Singapore,Matthew Lewis,matthew.lewis@deloitte.com,Tax & Legal,Business Tax - Global Employer Services,CC-TAX-242,59,1966-12-08,,,Full Time,Active,5,4,5,3,No,No,20, TRUE ,FALSE,FALSE,TRUE,55+,11+ yrs,Director/Partner,0,Low
EMP0584,Adam Martin,adam.martin@deloitte.com,Male,2001-11-18,,2009-10-05,Yes,25,3,17,Oceania,Australia,South Australia,Adelaide,Olivia Iyer,olivia.iyer@deloitte.com,Enabling Areas,Marketing - Brand & Communications,CC-ENA-690,53,1973-05-06,,,Full Time,Active,3,3,4,2,No,No,25, TRUE ,FALSE,FALSE,TRUE,45-54,11+ yrs,Director/Partner,3,Medium
EMP0585,Kiran Walker,kiran.walker@deloitte.com,Male,2021-11-19,,,Yes,5,1,5,Oceania,Australia,Queensland,Brisbane,Benjamin Garcia,benjamin.garcia@deloitte.com,Audit & Assurance,External Audit - Financial Services Audit,CC-AUD-131,33,1992-08-01,,,Full Time,Active,3,3,5,4,No,No,5, TRUE ,FALSE,FALSE,TRUE,25-34,3-5 yrs,Manager,2,Low
EMP0586,Nisha Martin,nisha.martin@deloitte.com,Female,2018-01-28,,2022-10-09,Yes,9,1,4,Oceania,Australia,Victoria,Melbourne,Ruby Adams,ruby.adams@deloitte.com,Consulting,Human Capital - HR Transformation,CC-CON-459,48,1978-01-31,,,Full Time,Active,1,4,5,3,No,No,9, TRUE ,FALSE,FALSE,TRUE,45-54,6-10 yrs,Manager,4,Medium
EMP0587,Jack Iyer,jack.iyer@deloitte.com,Male,2015-09-30,,,Yes,11,3,11,Oceania,Australia,Victoria,Melbourne,Grace Park,grace.park@deloitte.com,Consulting,Human Capital - HR Transformation,CC-CON-867,58,1968-06-13,,,Contractor,Active,3,4,4,3,No,No,11, TRUE ,FALSE,FALSE,TRUE,55+,11+ yrs,Senior Manager,2,Low
EMP0588,Alexander Joshi,alexander.joshi@deloitte.com,Male,2019-08-21,,2020-06-11,Yes,7,0,6,Oceania,Australia,New South Wales,Sydney,Hannah Hall,hannah.hall@deloitte.com,Consulting,Human Capital - Organisation Design,CC-CON-220,34,1992-06-10,,,Full Time,Active,4,4,5,3,No,No,7, TRUE ,FALSE,FALSE,FALSE,25-34,6-10 yrs,Manager,3,Medium
EMP0589,Olivia Martinez,olivia.martinez@deloitte.com,Female,2007-01-31,,2018-05-22,Yes,20,2,8,Oceania,Australia,Western Australia,Perth,Chloe Lee,chloe.lee@deloitte.com,Tax & Legal,Business Tax - Corporate Tax,CC-TAX-448,42,1984-03-06,,,Full Time,Active,5,4,4,4,No,No,20, TRUE ,FALSE,FALSE,TRUE,35-44,11+ yrs,Director/Partner,2,Low
EMP0590,Luke Martin,luke.martin2@deloitte.com,Male,2018-05-12,,2019-02-12,Yes,8,2,7,Oceania,Australia,Queensland,Brisbane,Grace Lewis,grace.lewis@deloitte.com,Consulting,Human Capital - HR Transformation,CC-CON-134,27,1998-10-24,,,Full Time,Active,3,4,4,2,No,No,8, TRUE ,FALSE,FALSE,TRUE,25-34,6-10 yrs,Manager,3,Medium
EMP0591,Charlotte Reddy,charlotte.reddy@deloitte.com,Female,2022-09-30,,,Yes,4,2,4,Asia,Singapore,Singapore,Singapore,Olivia Iyer,olivia.iyer@deloitte.com,Tax & Legal,Legal - Commercial Advisory,CC-TAX-908,51,1975-02-22,,,Contractor,Active,4,4,2,1,No,No,4, TRUE ,FALSE,FALSE,TRUE,45-54,3-5 yrs,Consultant,4,Medium
EMP0592,Olivia Thompson,olivia.thompson@deloitte.com,Female,2016-09-05,,2024-08-21,Yes,10,3,2,Oceania,Australia,Victoria,Melbourne,Lucas Wong,lucas.wong@deloitte.com,Audit & Assurance,External Audit - Public Sector Audit,CC-AUD-586,46,1979-08-06,,,Full Time,Active,4,3,3,4,No,No,10, TRUE ,FALSE,FALSE,TRUE,45-54,6-10 yrs,Senior Manager,0,Low
EMP0593,Joshua Anderson,joshua.anderson@deloitte.com,Male,2017-05-08,2025-12-17,2023-08-07,Yes,9,3,2,Oceania,Australia,Queensland,Brisbane,Charlotte Patel,charlotte.patel@deloitte.com,Tax & Legal,Legal - Commercial Advisory,CC-TAX-870,30,1996-07-07,Involuntary,Attendance Issues,Contractor,Inactive,2,4,4,1,Yes,Yes,9, FALSE ,TRUE,FALSE,TRUE,25-34,6-10 yrs,Manager,3,Medium
EMP0594,Joshua Hall,joshua.hall@deloitte.com,Male,2024-05-11,,2026-07-13,Yes,2,1,0,Oceania,Australia,New South Wales,Sydney,Sophie Kumar,sophie.kumar@deloitte.com,Audit & Assurance,External Audit - Consumer Audit,CC-AUD-384,29,1997-04-03,,,Full Time,Active,3,3,5,5,No,No,2, TRUE ,FALSE,FALSE,TRUE,25-34,1-2 yrs,Consultant,0,Low
EMP0595,Jessica Martinez,jessica.martinez2@deloitte.com,Female,2024-01-30,,,Yes,3,0,3,Oceania,Australia,New South Wales,Sydney,Amelia Chen,amelia.chen@deloitte.com,Tax & Legal,Business Tax - Global Employer Services,CC-TAX-601,41,1985-01-05,,,Full Time,Active,5,4,4,2,No,No,3, TRUE ,FALSE,FALSE,FALSE,35-44,3-5 yrs,Consultant,1,Low
EMP0596,Luke Green,luke.green@deloitte.com,Male,2016-12-01,,2020-02-04,Yes,10,2,6,Oceania,Australia,New South Wales,Sydney,Adam Mehta,adam.mehta@deloitte.com,Enabling Areas,Finance - Commercial Finance,CC-ENA-905,39,1987-06-01,,,Full Time,Active,2,4,3,4,No,No,10, TRUE ,FALSE,FALSE,TRUE,35-44,6-10 yrs,Senior Manager,4,Medium
EMP0597,Jessica Kim,jessica.kim@deloitte.com,Female,2023-08-11,2025-04-28,,Yes,2,0,2,Oceania,Australia,New South Wales,Sydney,Grace Park,grace.park@deloitte.com,Enabling Areas,Marketing - Client Experience,CC-ENA-377,41,1984-11-13,Voluntary,Better Salary,Full Time,Inactive,4,2,2,2,Yes,Yes,2, FALSE ,TRUE,FALSE,FALSE,35-44,1-2 yrs,Consultant,4,Medium
EMP0598,Vikram Smith,vikram.smith@deloitte.com,Male,2021-09-09,,,Yes,5,2,5,Oceania,Australia,New South Wales,Sydney,Ruby Adams,ruby.adams@deloitte.com,Consulting,Human Capital - HR Transformation,CC-CON-496,25,2000-11-05,,,Contractor,Active,3,2,2,4,No,No,5, TRUE ,FALSE,FALSE,TRUE,25-34,3-5 yrs,Manager,5,Medium
EMP0599,Alex Anderson,alex.anderson@deloitte.com,Non-binary,2018-01-08,2019-03-06,,Yes,1,1,1,Oceania,Australia,New South Wales,Sydney,Mia Nair,mia.nair@deloitte.com,Tax & Legal,Legal - Employment Law,CC-TAX-346,38,1987-09-25,Voluntary,Lack of Learning Opportunities,Full Time,Inactive,2,3,3,1,Yes,Yes,1, FALSE ,TRUE,FALSE,TRUE,35-44,1-2 yrs,Analyst,3,Medium
EMP0600,Nathan Hall,nathan.hall@deloitte.com,Male,2017-08-30,2019-07-17,2019-03-12,Yes,2,0,0,Oceania,Australia,New South Wales,Sydney,Vikram Green,vikram.green@deloitte.com,Enabling Areas,Finance - Financial Planning,CC-ENA-325,31,1995-02-13,Involuntary,Probation Not Passed,Full Time,Inactive,2,1,3,2,Yes,Yes,2, FALSE ,TRUE,FALSE,FALSE,25-34,1-2 yrs,Consultant,5,Medium
EMP0601,Georgia Thomas,georgia.thomas@deloitte.com,Female,2019-12-03,,2024-09-04,Yes,7,2,2,Asia,India,Telangana,Hyderabad,Vikram Martinez,vikram.martinez@deloitte.com,Tax & Legal,Business Tax - Indirect Tax,CC-TAX-619,47,1979-07-31,,,Full Time,Active,4,5,4,3,No,No,7, TRUE ,FALSE,FALSE,TRUE,45-54,6-10 yrs,Manager,0,Low
EMP0602,Ethan Kumar,ethan.kumar2@deloitte.com,Male,2017-10-11,,2026-04-15,Yes,9,3,0,Asia,India,Karnataka,Bengaluru,Grace Park,grace.park@deloitte.com,Consulting,Human Capital - Organisation Design,CC-CON-919,31,1995-02-23,,,Full Time,Active,1,4,3,1,No,No,9, TRUE ,FALSE,FALSE,TRUE,25-34,6-10 yrs,Manager,3,Medium
EMP0603,Nisha Iyer,nisha.iyer@deloitte.com,Female,2021-01-14,,,Yes,6,3,6,Oceania,Australia,New South Wales,Sydney,Laura Harris,laura.harris@deloitte.com,Consulting,Human Capital - HR Transformation,CC-CON-149,26,2000-03-11,,,Full Time,Active,4,2,5,2,No,No,6, TRUE ,FALSE,FALSE,TRUE,25-34,6-10 yrs,Manager,5,Medium
EMP0604,Noah Wright,noah.wright@deloitte.com,Male,2021-03-01,,,Yes,5,1,5,Oceania,Australia,Victoria,Melbourne,Lily Sharma,lily.sharma@deloitte.com,Consulting,Strategy & Operations - Customer Strategy,CC-CON-901,26,2000-04-25,,,Full Time,Active,4,5,5,2,No,No,5, TRUE ,FALSE,FALSE,TRUE,25-34,3-5 yrs,Manager,3,Medium
EMP0605,Rohan Harris,rohan.harris@deloitte.com,Male,2025-09-15,,,Yes,1,0,1,Oceania,Australia,New South Wales,Sydney,Olivia Iyer,olivia.iyer@deloitte.com,Audit & Assurance,External Audit - Public Sector Audit,CC-AUD-291,36,1989-08-09,,,Contractor,Active,3,1,5,4,No,No,1, TRUE ,FALSE,TRUE,FALSE,35-44,1-2 yrs,Analyst,2,Low
EMP0606,Liam Lee,liam.lee2@deloitte.com,Male,2017-08-31,2019-06-30,,Yes,2,0,2,Oceania,Australia,New South Wales,Sydney,Sophie Kumar,sophie.kumar@deloitte.com,Consulting,Strategy & Operations - Business Transformation,CC-CON-265,53,1972-08-30,Voluntary,Lack of Career Progression,Full Time,Inactive,3,3,1,2,Yes,Yes,2, FALSE ,TRUE,FALSE,FALSE,45-54,1-2 yrs,Consultant,2,Low
EMP0607,Jessica Nair,jessica.nair2@deloitte.com,Female,2023-04-24,,,Yes,3,0,3,Oceania,Australia,New South Wales,Sydney,Laura Thomas,laura.thomas@deloitte.com,Consulting,Technology & Transformation - Data & AI,CC-CON-714,54,1972-03-26,,,Full Time,Active,5,5,2,5,No,No,3, TRUE ,FALSE,FALSE,FALSE,45-54,3-5 yrs,Consultant,1,Low
EMP0608,Olivia Singh,olivia.singh@deloitte.com,Female,2024-09-27,2026-01-15,,Yes,1,0,1,Oceania,Australia,South Australia,Adelaide,Georgia Adams,georgia.adams@deloitte.com,Audit & Assurance,External Audit - Financial Services Audit,CC-AUD-332,22,2004-01-09,Voluntary,Better Career Opportunity,Full Time,Inactive,4,2,2,3,Yes,Yes,1, FALSE ,TRUE,FALSE,FALSE,<25,1-2 yrs,Analyst,3,Medium
EMP0609,Henry Walker,henry.walker@deloitte.com,Male,2013-04-02,,,Yes,13,2,13,Oceania,Australia,New South Wales,Sydney,Chloe Lee,chloe.lee@deloitte.com,Enabling Areas,People & Culture - Learning & Development,CC-ENA-439,61,1964-09-21,,,Full Time,Active,3,5,3,5,No,No,13, TRUE ,FALSE,FALSE,TRUE,55+,11+ yrs,Senior Manager,2,Low
EMP0610,Ruby Kim,ruby.kim@deloitte.com,Female,2006-03-16,,2016-10-01,Yes,20,4,10,Oceania,Australia,Victoria,Melbourne,Isla Sharma,isla.sharma@deloitte.com,Consulting,Human Capital - HR Transformation,CC-CON-543,38,1987-08-31,,,Full Time,Active,4,1,4,4,No,No,20, TRUE ,FALSE,FALSE,TRUE,35-44,11+ yrs,Director/Partner,4,Medium
EMP0611,Oliver Walker,oliver.walker3@deloitte.com,Male,2019-09-24,,2022-06-04,Yes,7,3,4,Asia,India,Karnataka,Bengaluru,Charlotte Green,charlotte.green@deloitte.com,Enabling Areas,Finance - Accounts Payable,CC-ENA-918,45,1981-01-17,,,Full Time,Active,5,2,4,3,No,No,7, TRUE ,FALSE,FALSE,TRUE,45-54,6-10 yrs,Manager,4,Medium
EMP0612,Liam Anderson,liam.anderson@deloitte.com,Male,2018-07-30,,2020-12-04,Yes,8,1,6,Oceania,Australia,Queensland,Brisbane,Olivia Iyer,olivia.iyer@deloitte.com,Enabling Areas,Technology - Information Security,CC-ENA-671,31,1994-08-20,,,Full Time,Active,4,5,4,4,No,No,8, TRUE ,FALSE,FALSE,TRUE,25-34,6-10 yrs,Manager,2,Low
EMP0613,Emily Garcia,emily.garcia@deloitte.com,Female,2012-07-06,,2013-07-03,Yes,14,3,13,Asia,Singapore,Singapore,Singapore,Jessica Lewis,jessica.lewis@deloitte.com,Tax & Legal,Legal - Commercial Advisory,CC-TAX-943,54,1972-07-15,,,Full Time,Active,3,3,4,5,No,No,14, TRUE ,FALSE,FALSE,TRUE,45-54,11+ yrs,Senior Manager,2,Low
EMP0614,Sienna Walker,sienna.walker@deloitte.com,Female,2023-08-17,,,Yes,3,0,3,Oceania,Australia,Queensland,Brisbane,Georgia Clark,georgia.clark@deloitte.com,Tax & Legal,Business Tax - Indirect Tax,CC-TAX-515,27,1999-07-24,,,Full Time,Active,5,2,4,1,No,No,3, TRUE ,FALSE,FALSE,FALSE,25-34,3-5 yrs,Consultant,3,Medium
EMP0615,Jack Adams,jack.adams@deloitte.com,Male,2019-04-14,,2024-08-06,Yes,7,3,2,Oceania,Australia,Victoria,Melbourne,Nisha Smith,nisha.smith@deloitte.com,Consulting,Technology & Transformation - Data & AI,CC-CON-184,36,1990-04-07,,,Contractor,Active,4,1,4,3,No,No,7, TRUE ,FALSE,FALSE,TRUE,35-44,6-10 yrs,Manager,2,Low
EMP0616,Maya Walker,maya.walker@deloitte.com,Female,2024-11-09,2025-12-19,,Yes,1,0,1,Oceania,Australia,Victoria,Melbourne,Isla Kumar,isla.kumar@deloitte.com,Consulting,Strategy & Operations - Business Transformation,CC-CON-140,24,2001-08-02,Voluntary,Other Personal Reasons,Full Time,Inactive,3,4,2,1,Yes,Yes,1, FALSE ,TRUE,FALSE,FALSE,<25,1-2 yrs,Analyst,2,Low
EMP0617,Ethan Chen,ethan.chen@deloitte.com,Male,2022-08-14,,,Yes,4,1,4,Oceania,Australia,Victoria,Melbourne,Georgia Adams,georgia.adams@deloitte.com,Tax & Legal,Business Tax - Global Employer Services,CC-TAX-584,25,2001-06-10,,,Full Time,Active,5,3,4,3,No,No,4, TRUE ,FALSE,FALSE,TRUE,25-34,3-5 yrs,Consultant,2,Low
EMP0618,Vikram Gupta,vikram.gupta2@deloitte.com,Male,2022-12-11,,2024-04-21,Yes,4,3,2,Oceania,Australia,Victoria,Melbourne,Thomas Iyer,thomas.iyer@deloitte.com,Consulting,Human Capital - HR Transformation,CC-CON-804,36,1990-01-06,,,Full Time,Active,3,3,4,3,No,No,4, TRUE ,FALSE,FALSE,TRUE,35-44,3-5 yrs,Consultant,0,Low
EMP0619,Benjamin Kim,benjamin.kim@deloitte.com,Male,2009-05-29,,,Yes,17,3,17,Oceania,Australia,New South Wales,Sydney,Benjamin Garcia,benjamin.garcia@deloitte.com,Enabling Areas,Marketing - Client Experience,CC-ENA-507,58,1968-01-02,,,Contractor,Active,4,5,4,4,No,No,17, TRUE ,FALSE,FALSE,TRUE,55+,11+ yrs,Senior Manager,2,Low
EMP0620,Alexander Iyer,alexander.iyer@deloitte.com,Male,2025-05-31,2025-09-22,,No,0,0,0,Oceania,Australia,Victoria,Melbourne,Rohan Gupta,rohan.gupta@deloitte.com,Enabling Areas,Technology - IT Operations,CC-ENA-838,63,1963-01-09,Voluntary,No Work-Life Balance,Contractor,Inactive,2,2,1,2,Yes,Yes,0, FALSE ,TRUE,FALSE,FALSE,55+,<1 yr,Analyst,6,High
EMP0621,Oscar Lee,oscar.lee@deloitte.com,Male,2014-03-07,,2025-12-30,Yes,12,4,1,Oceania,Australia,Victoria,Melbourne,Mia Lee,mia.lee@deloitte.com,Consulting,Human Capital - Organisation Design,CC-CON-705,33,1992-11-17,,,Full Time,Active,4,4,4,1,No,No,12, TRUE ,FALSE,FALSE,TRUE,25-34,11+ yrs,Senior Manager,1,Low
EMP0622,Aisha Garcia,aisha.garcia@deloitte.com,Female,2021-04-14,,2025-03-10,Yes,5,2,1,Asia,India,Telangana,Hyderabad,Arjun Anderson,arjun.anderson@deloitte.com,Consulting,Technology & Transformation - Cyber,CC-CON-693,61,1964-09-02,,,Full Time,Active,3,3,4,1,No,No,5, TRUE ,FALSE,FALSE,TRUE,55+,3-5 yrs,Manager,1,Low
EMP0623,Kiran King,kiran.king@deloitte.com,Male,2019-04-16,2022-06-09,,Yes,3,1,3,Oceania,Australia,Western Australia,Perth,Laura Anderson,laura.anderson@deloitte.com,Tax & Legal,Business Tax - Indirect Tax,CC-TAX-694,46,1979-08-02,Voluntary,Other Personal Reasons,Full Time,Inactive,2,3,2,1,Yes,Yes,3, FALSE ,TRUE,FALSE,TRUE,45-54,3-5 yrs,Consultant,4,Medium
EMP0624,Jessica Lewis,jessica.lewis@deloitte.com,Female,2025-12-08,,,Yes,1,1,1,Oceania,Australia,Queensland,Brisbane,Laura Patel,laura.patel@deloitte.com,Audit & Assurance,Risk Advisory - Technology Risk,CC-AUD-846,21,2005-07-17,,,Full Time,Active,3,2,5,3,No,No,1, TRUE ,FALSE,TRUE,TRUE,<25,1-2 yrs,Analyst,2,Low
EMP0625,David Anderson,david.anderson2@deloitte.com,Male,2020-02-24,2022-12-01,2022-10-19,Yes,3,1,0,Oceania,Australia,Victoria,Melbourne,Mia Lee,mia.lee@deloitte.com,Enabling Areas,People & Culture - Learning & Development,CC-ENA-784,25,2000-10-19,Voluntary,Lack of Learning Opportunities,Contractor,Inactive,3,3,2,2,Yes,Yes,3, FALSE ,TRUE,FALSE,TRUE,25-34,3-5 yrs,Consultant,2,Low
EMP0626,Ethan Thomas,ethan.thomas@deloitte.com,Male,2020-06-07,,,Yes,6,1,6,Oceania,Australia,New South Wales,Sydney,Mia Garcia,mia.garcia@deloitte.com,Enabling Areas,People & Culture - People Operations,CC-ENA-894,25,2000-10-23,,,Full Time,Active,5,3,3,4,No,No,6, TRUE ,FALSE,FALSE,TRUE,25-34,6-10 yrs,Manager,2,Low
EMP0627,Ryan Anderson,ryan.anderson@deloitte.com,Male,2020-07-29,,2023-02-19,Yes,6,3,3,Asia,Singapore,Singapore,Singapore,Olivia Iyer,olivia.iyer@deloitte.com,Tax & Legal,Legal - Regulatory,CC-TAX-957,35,1991-07-03,,,Full Time,Active,1,3,4,2,No,No,6, TRUE ,FALSE,FALSE,TRUE,35-44,6-10 yrs,Manager,3,Medium
EMP0628,Sarah Kim,sarah.kim@deloitte.com,Female,2017-12-03,,2022-03-27,Yes,9,2,4,Oceania,Australia,New South Wales,Sydney,Liam Martin,liam.martin@deloitte.com,Tax & Legal,Business Tax - Corporate Tax,CC-TAX-156,28,1998-05-31,,,Full Time,Active,5,4,5,4,No,No,9, TRUE ,FALSE,FALSE,TRUE,25-34,6-10 yrs,Manager,2,Low
EMP0629,William Green,william.green@deloitte.com,Male,2005-06-24,,,Yes,21,4,21,Oceania,Australia,Victoria,Melbourne,Oscar Lopez,oscar.lopez@deloitte.com,Consulting,Human Capital - People Analytics,CC-CON-197,42,1984-02-27,,,Contractor,Active,5,4,3,2,No,No,21, TRUE ,FALSE,FALSE,TRUE,35-44,11+ yrs,Director/Partner,3,Medium
EMP0630,Matthew Thomas,matthew.thomas2@deloitte.com,Male,2014-11-03,,2017-02-12,Yes,12,3,9,Oceania,Australia,New South Wales,Sydney,Rahul Hall,rahul.hall@deloitte.com,Consulting,Human Capital - People Analytics,CC-CON-419,35,1990-08-26,,,Full Time,Active,5,3,4,3,No,No,12, TRUE ,FALSE,FALSE,TRUE,35-44,11+ yrs,Senior Manager,2,Low
EMP0631,Isla White,isla.white@deloitte.com,Female,2004-10-16,2023-01-11,,Yes,18,4,18,Oceania,Australia,Victoria,Melbourne,Meera Green,meera.green@deloitte.com,Audit & Assurance,External Audit - Public Sector Audit,CC-AUD-931,58,1967-08-03,Involuntary,Probation Not Passed,Contractor,Inactive,1,2,3,1,Yes,Yes,18, FALSE ,TRUE,FALSE,TRUE,55+,11+ yrs,Director/Partner,7,High
EMP0632,Alex Chen,alex.chen@deloitte.com,Non-binary,2024-03-13,,,Yes,2,0,2,Oceania,Australia,Victoria,Melbourne,Oscar Lopez,oscar.lopez@deloitte.com,Enabling Areas,Marketing - Client Experience,CC-ENA-394,38,1988-05-22,,,Full Time,Active,3,4,5,4,No,No,2, TRUE ,FALSE,FALSE,FALSE,35-44,1-2 yrs,Consultant,0,Low
EMP0633,Laura Tran,laura.tran@deloitte.com,Female,2025-01-01,,,Yes,2,0,2,Oceania,Australia,Western Australia,Perth,Chloe Wilson,chloe.wilson@deloitte.com,Audit & Assurance,External Audit - Public Sector Audit,CC-AUD-173,21,2004-09-28,,,Full Time,Active,4,2,3,5,No,No,2, TRUE ,FALSE,FALSE,FALSE,<25,1-2 yrs,Consultant,2,Low
EMP0634,Samuel Young,samuel.young@deloitte.com,Male,2016-09-12,,2018-11-03,Yes,10,2,8,Oceania,Australia,Queensland,Brisbane,Isla King,isla.king@deloitte.com,Tax & Legal,Legal - Regulatory,CC-TAX-306,28,1998-07-23,,,Full Time,Active,5,2,3,2,No,No,10, TRUE ,FALSE,FALSE,TRUE,25-34,6-10 yrs,Senior Manager,5,Medium
EMP0635,Benjamin King,benjamin.king2@deloitte.com,Male,2012-04-14,,2016-05-02,Yes,14,4,10,Oceania,Australia,New South Wales,Sydney,Sarah Wright,sarah.wright@deloitte.com,Tax & Legal,Business Tax - Indirect Tax,CC-TAX-386,52,1974-04-08,,,Full Time,Active,3,4,4,4,No,No,14, TRUE ,FALSE,FALSE,TRUE,45-54,11+ yrs,Senior Manager,2,Low
EMP0636,Nisha Reddy,nisha.reddy@deloitte.com,Female,2009-07-02,,2020-09-08,Yes,17,4,6,Oceania,Australia,South Australia,Adelaide,William Iyer,william.iyer@deloitte.com,Enabling Areas,Marketing - Brand & Communications,CC-ENA-664,40,1986-06-26,,,Full Time,Active,4,5,2,4,No,No,17, TRUE ,FALSE,FALSE,TRUE,35-44,11+ yrs,Senior Manager,3,Medium
EMP0637,Alexander White,alexander.white@deloitte.com,Male,2018-01-28,,2024-12-05,Yes,9,3,2,Asia,India,Karnataka,Bengaluru,Oliver Lee,oliver.lee@deloitte.com,Audit & Assurance,Risk Advisory - Regulatory Risk,CC-AUD-103,38,1988-07-03,,,Full Time,Active,3,1,4,4,No,No,9, TRUE ,FALSE,FALSE,TRUE,35-44,6-10 yrs,Manager,2,Low
EMP0638,Priya Smith,priya.smith2@deloitte.com,Female,2008-05-27,,2014-07-12,Yes,18,4,12,Oceania,Australia,Queensland,Brisbane,Amelia Tran,amelia.tran@deloitte.com,Tax & Legal,Business Tax - Indirect Tax,CC-TAX-583,51,1974-11-08,,,Full Time,Active,4,5,3,5,No,No,18, TRUE ,FALSE,FALSE,TRUE,45-54,11+ yrs,Director/Partner,2,Low
EMP0639,Lily King,lily.king@deloitte.com,Female,2022-02-13,,2023-01-15,Yes,4,2,4,Oceania,Australia,New South Wales,Sydney,Lucas Taylor,lucas.taylor@deloitte.com,Consulting,Technology & Transformation - Cyber,CC-CON-661,55,1971-01-18,,,Full Time,Active,4,2,4,3,No,No,4, TRUE ,FALSE,FALSE,TRUE,55+,3-5 yrs,Consultant,4,Medium
EMP0640,Amelia Smith,amelia.smith@deloitte.com,Female,2005-05-24,,,Yes,21,3,21,Oceania,Australia,Victoria,Melbourne,Charlotte Iyer,charlotte.iyer@deloitte.com,Audit & Assurance,External Audit - Consumer Audit,CC-AUD-805,58,1968-02-26,,,Contractor,Active,3,2,4,4,No,No,21, TRUE ,FALSE,FALSE,TRUE,55+,11+ yrs,Director/Partner,4,Medium
EMP0641,Daniel Young,daniel.young2@deloitte.com,Male,2004-06-27,,,Yes,22,5,22,Oceania,Australia,Queensland,Brisbane,Hannah Iyer,hannah.iyer@deloitte.com,Consulting,Strategy & Operations - Customer Strategy,CC-CON-121,47,1979-01-17,,,Full Time,Active,4,3,5,3,No,No,22, TRUE ,FALSE,FALSE,TRUE,45-54,11+ yrs,Director/Partner,2,Low
EMP0642,Sophie Lewis,sophie.lewis@deloitte.com,Female,2012-10-26,2022-12-25,2014-10-26,Yes,10,2,8,Oceania,Australia,Western Australia,Perth,Charlotte Patel,charlotte.patel@deloitte.com,Enabling Areas,Finance - Commercial Finance,CC-ENA-164,34,1991-11-10,Voluntary,Better Career Opportunity,Full Time,Inactive,4,1,2,1,Yes,Yes,10, FALSE ,TRUE,FALSE,TRUE,25-34,6-10 yrs,Senior Manager,6,High
EMP0643,Isla Harris,isla.harris@deloitte.com,Female,2013-02-12,,2017-05-03,Yes,13,3,9,Asia,India,Karnataka,Bengaluru,Henry Nguyen,henry.nguyen@deloitte.com,Tax & Legal,Legal - Commercial Advisory,CC-TAX-948,34,1991-09-07,,,Full Time,Active,5,4,4,5,No,No,13, TRUE ,FALSE,FALSE,TRUE,25-34,11+ yrs,Senior Manager,2,Low
EMP0644,Laura Joshi,laura.joshi@deloitte.com,Female,2011-11-05,,,Yes,15,3,15,Oceania,Australia,Victoria,Melbourne,Henry Nguyen,henry.nguyen@deloitte.com,Consulting,Strategy & Operations - Business Transformation,CC-CON-155,38,1988-01-09,,,Full Time,Active,3,4,5,2,No,No,15, TRUE ,FALSE,FALSE,TRUE,35-44,11+ yrs,Senior Manager,3,Medium
EMP0645,Lucy Garcia,lucy.garcia@deloitte.com,Female,2026-04-06,,,No,0,0,0,Oceania,Australia,New South Wales,Sydney,Leo Walker,leo.walker@deloitte.com,Tax & Legal,Business Tax - Indirect Tax,CC-TAX-367,29,1996-08-28,,,Full Time,Active,3,2,3,3,No,No,0, TRUE ,FALSE,TRUE,FALSE,25-34,<1 yr,Analyst,2,Low
EMP0646,Lucas Thompson,lucas.thompson2@deloitte.com,Male,2023-10-26,2025-02-19,2025-01-27,Yes,1,0,0,Oceania,Australia,New South Wales,Sydney,Ava Thomas,ava.thomas@deloitte.com,Consulting,Technology & Transformation - Cyber,CC-CON-807,35,1991-07-24,Voluntary,Lack of Learning Opportunities,Full Time,Inactive,1,4,1,1,Yes,Yes,1, FALSE ,TRUE,FALSE,FALSE,35-44,1-2 yrs,Analyst,4,Medium
EMP0647,Maya White,maya.white@deloitte.com,Female,2016-08-31,,,Yes,10,5,10,Asia,India,Karnataka,Bengaluru,William Iyer,william.iyer@deloitte.com,Tax & Legal,Legal - Employment Law,CC-TAX-263,49,1977-05-03,,,Full Time,Active,2,4,4,4,No,No,10, TRUE ,FALSE,FALSE,TRUE,45-54,6-10 yrs,Senior Manager,4,Medium
EMP0648,Kavya Chen,kavya.chen3@deloitte.com,Female,2020-10-01,,,Yes,6,3,6,Oceania,Australia,Queensland,Brisbane,Ava Green,ava.green@deloitte.com,Tax & Legal,Business Tax - Indirect Tax,CC-TAX-453,25,2000-10-17,,,Full Time,Active,4,2,4,3,No,No,6, TRUE ,FALSE,FALSE,TRUE,25-34,6-10 yrs,Manager,4,Medium
EMP0649,Meera Park,meera.park@deloitte.com,Female,2020-07-12,,2022-10-28,Yes,6,2,4,Oceania,Australia,Western Australia,Perth,Isla Wilson,isla.wilson@deloitte.com,Consulting,Strategy & Operations - Operations Excellence,CC-CON-154,28,1997-11-29,,,Full Time,Active,3,3,4,4,No,No,6, TRUE ,FALSE,FALSE,TRUE,25-34,6-10 yrs,Manager,2,Low
EMP0650,Ananya Brown,ananya.brown@deloitte.com,Female,2023-08-03,2025-03-03,,Yes,2,0,2,Asia,India,Karnataka,Bengaluru,Lucas Taylor,lucas.taylor@deloitte.com,Consulting,Human Capital - Organisation Design,CC-CON-850,60,1966-06-22,Voluntary,Flexibility,Full Time,Inactive,2,4,2,4,Yes,Yes,2, FALSE ,TRUE,FALSE,FALSE,55+,1-2 yrs,Consultant,3,Medium
EMP0651,Lily Lewis,lily.lewis2@deloitte.com,Female,2002-11-17,,2009-09-19,Yes,24,5,17,Oceania,Australia,Queensland,Brisbane,William Lewis,william.lewis@deloitte.com,Tax & Legal,Legal - Employment Law,CC-TAX-262,54,1972-06-27,,,Full Time,Active,1,5,4,2,No,No,24, TRUE ,FALSE,FALSE,TRUE,45-54,11+ yrs,Director/Partner,5,Medium
EMP0652,Joshua Chen,joshua.chen2@deloitte.com,Male,2004-09-01,,2024-10-01,Yes,22,4,2,Asia,India,Karnataka,Bengaluru,Olivia Iyer,olivia.iyer@deloitte.com,Tax & Legal,Business Tax - Corporate Tax,CC-TAX-512,48,1977-11-18,,,Full Time,Active,4,4,3,4,No,No,22, TRUE ,FALSE,FALSE,TRUE,45-54,11+ yrs,Director/Partner,0,Low
EMP0653,Grace Brown,grace.brown@deloitte.com,Female,2021-01-27,,2023-03-13,Yes,6,1,3,Oceania,Australia,Victoria,Melbourne,Ananya Reddy,ananya.reddy@deloitte.com,Tax & Legal,Business Tax - Global Employer Services,CC-TAX-814,63,1962-09-13,,,Full Time,Active,4,3,5,3,No,No,6, TRUE ,FALSE,FALSE,TRUE,55+,6-10 yrs,Manager,0,Low
EMP0654,Kiran Lopez,kiran.lopez2@deloitte.com,Male,2024-04-28,,2025-08-19,Yes,2,0,1,Oceania,Australia,South Australia,Adelaide,Lucas Tran,lucas.tran@deloitte.com,Tax & Legal,Business Tax - Indirect Tax,CC-TAX-845,24,2002-07-11,,,Full Time,Active,3,2,2,2,No,No,2, TRUE ,FALSE,FALSE,FALSE,<25,1-2 yrs,Consultant,4,Medium
EMP0655,Michael Mehta,michael.mehta@deloitte.com,Male,2016-11-14,,2024-06-09,Yes,10,1,2,Oceania,Australia,Victoria,Melbourne,Jessica Chen,jessica.chen@deloitte.com,Consulting,Strategy & Operations - Business Transformation,CC-CON-185,28,1998-05-06,,,Full Time,Active,5,4,4,4,No,No,10, TRUE ,FALSE,FALSE,TRUE,25-34,6-10 yrs,Senior Manager,0,Low
EMP0656,Meera White,meera.white@deloitte.com,Female,2018-04-07,,2018-11-07,Yes,8,3,8,Oceania,Australia,Victoria,Melbourne,Georgia Clark,georgia.clark@deloitte.com,Enabling Areas,People & Culture - People Operations,CC-ENA-230,50,1976-04-13,,,Full Time,Active,5,4,1,4,No,No,8, TRUE ,FALSE,FALSE,TRUE,45-54,6-10 yrs,Manager,3,Medium
EMP0657,Emma Tran,emma.tran@deloitte.com,Female,2025-06-05,2026-07-11,,Yes,1,0,1,Oceania,Australia,New South Wales,Sydney,Lucy Reddy,lucy.reddy@deloitte.com,Consulting,Technology & Transformation - Enterprise Applications,CC-CON-718,37,1988-12-24,Voluntary,Dissatisfied with Manager,Contractor,Inactive,1,1,1,3,Yes,Yes,1, FALSE ,TRUE,FALSE,FALSE,35-44,1-2 yrs,Analyst,5,Medium
EMP0658,Arjun Brown,arjun.brown@deloitte.com,Male,2018-04-08,,2021-03-06,Yes,8,2,5,Oceania,Australia,New South Wales,Sydney,Lily Sharma,lily.sharma@deloitte.com,Tax & Legal,Business Tax - Global Employer Services,CC-TAX-863,58,1967-10-11,,,Full Time,Active,5,3,4,3,No,No,8, TRUE ,FALSE,FALSE,TRUE,55+,6-10 yrs,Manager,2,Low
EMP0659,Oscar Singh,oscar.singh@deloitte.com,Male,2015-02-20,,2026-06-19,Yes,11,3,0,Oceania,Australia,South Australia,Adelaide,Charlotte Wong,charlotte.wong@deloitte.com,Consulting,Technology & Transformation - Data & AI,CC-CON-632,61,1964-08-11,,,Full Time,Active,5,3,3,4,No,No,11, TRUE ,FALSE,FALSE,TRUE,55+,11+ yrs,Senior Manager,0,Low
EMP0660,Nathan Brown,nathan.brown@deloitte.com,Male,2020-06-09,,2022-11-24,Yes,6,2,4,Oceania,Australia,New South Wales,Sydney,Adam Adams,adam.adams@deloitte.com,Consulting,Human Capital - Organisation Design,CC-CON-967,45,1980-10-18,,,Full Time,Active,4,4,4,2,No,No,6, TRUE ,FALSE,FALSE,TRUE,45-54,6-10 yrs,Manager,3,Medium
EMP0661,Sarah Wright,sarah.wright@deloitte.com,Female,2007-03-22,,2019-07-20,Yes,19,2,7,Asia,India,Karnataka,Bengaluru,Lucas Taylor,lucas.taylor@deloitte.com,Audit & Assurance,Risk Advisory - Technology Risk,CC-AUD-317,39,1986-08-21,,,Full Time,Active,3,3,4,1,No,No,19, TRUE ,FALSE,FALSE,TRUE,35-44,11+ yrs,Director/Partner,3,Medium
EMP0662,Kiran Brown,kiran.brown@deloitte.com,Male,2022-10-05,,,Yes,4,2,4,Asia,Singapore,Singapore,Singapore,Henry Nguyen,henry.nguyen@deloitte.com,Audit & Assurance,Risk Advisory - Regulatory Risk,CC-AUD-823,59,1966-08-25,,,Full Time,Active,4,5,4,4,No,No,4, TRUE ,FALSE,FALSE,TRUE,55+,3-5 yrs,Consultant,2,Low
EMP0663,Joshua Baker,joshua.baker@deloitte.com,Male,2020-06-18,,2025-01-22,Yes,6,1,2,Oceania,Australia,Victoria,Melbourne,Mia Lee,mia.lee@deloitte.com,Tax & Legal,Business Tax - Corporate Tax,CC-TAX-294,56,1970-06-25,,,Full Time,Active,2,5,5,3,No,No,6, TRUE ,FALSE,FALSE,TRUE,55+,6-10 yrs,Manager,2,Low
EMP0664,Nathan Iyer,nathan.iyer@deloitte.com,Male,2025-02-10,2026-01-24,,Yes,1,0,1,Asia,Singapore,Singapore,Singapore,Hannah Iyer,hannah.iyer@deloitte.com,Enabling Areas,Finance - Commercial Finance,CC-ENA-321,46,1980-05-15,Voluntary,Relocation,Contractor,Inactive,2,4,3,2,Yes,Yes,1, FALSE ,TRUE,FALSE,FALSE,45-54,1-2 yrs,Analyst,3,Medium
EMP0665,Chloe Chen,chloe.chen@deloitte.com,Female,2025-07-20,2026-01-11,,No,0,0,0,Oceania,Australia,Queensland,Brisbane,Joshua Taylor,joshua.taylor@deloitte.com,Enabling Areas,Technology - IT Operations,CC-ENA-662,29,1997-07-03,Voluntary,Better Salary,Full Time,Inactive,4,3,2,3,Yes,Yes,0, FALSE ,TRUE,FALSE,FALSE,25-34,<1 yr,Analyst,1,Low
EMP0666,Jessica Kumar,jessica.kumar@deloitte.com,Female,2015-06-18,2024-11-03,2022-04-03,Yes,9,2,3,Oceania,Australia,Victoria,Melbourne,Hannah Kim,hannah.kim@deloitte.com,Tax & Legal,Legal - Commercial Advisory,CC-TAX-357,57,1969-02-10,Voluntary,Organizational Restructure,Full Time,Inactive,4,3,2,1,Yes,Yes,9, FALSE ,TRUE,FALSE,TRUE,55+,6-10 yrs,Manager,2,Low
EMP0667,Sienna Wilson,sienna.wilson2@deloitte.com,Female,2024-06-24,2026-06-07,,Yes,2,2,2,Oceania,Australia,South Australia,Adelaide,Michael Chen,michael.chen@deloitte.com,Enabling Areas,Finance - Financial Planning,CC-ENA-183,22,2003-10-24,Involuntary,Performance Issues,Full Time,Inactive,3,4,2,5,Yes,Yes,2, FALSE ,TRUE,FALSE,TRUE,<25,1-2 yrs,Consultant,1,Low
EMP0668,Ethan Green,ethan.green@deloitte.com,Male,2025-01-15,,,Yes,2,0,2,Asia,India,Karnataka,Bengaluru,William Iyer,william.iyer@deloitte.com,Enabling Areas,Finance - Financial Planning,CC-ENA-847,26,1999-12-29,,,Full Time,Active,3,4,3,5,No,No,2, TRUE ,FALSE,FALSE,FALSE,25-34,1-2 yrs,Consultant,0,Low
EMP0669,Laura Baker,laura.baker@deloitte.com,Female,2002-08-11,,2021-03-10,Yes,24,4,5,Oceania,Australia,South Australia,Adelaide,Ella Patel,ella.patel@deloitte.com,Enabling Areas,Marketing - Digital Marketing,CC-ENA-148,46,1979-10-23,,,Full Time,Active,5,4,5,2,No,No,24, TRUE ,FALSE,FALSE,TRUE,45-54,11+ yrs,Director/Partner,3,Medium
EMP0670,Liam Nair,liam.nair@deloitte.com,Male,2023-12-07,,2025-09-11,Yes,3,0,1,Oceania,Australia,Victoria,Melbourne,Michael Wright,michael.wright@deloitte.com,Enabling Areas,People & Culture - Learning & Development,CC-ENA-657,54,1972-07-11,,,Full Time,Active,5,3,3,5,No,No,3, TRUE ,FALSE,FALSE,FALSE,45-54,3-5 yrs,Consultant,0,Low
EMP0671,Benjamin White,benjamin.white2@deloitte.com,Male,2020-03-30,2025-01-21,2023-08-13,Yes,5,0,1,Oceania,Australia,New South Wales,Sydney,Charlotte Green,charlotte.green@deloitte.com,Audit & Assurance,Risk Advisory - Technology Risk,CC-AUD-783,26,2000-06-04,Voluntary,No Work-Life Balance,Full Time,Inactive,3,1,3,3,Yes,Yes,5, FALSE ,TRUE,FALSE,FALSE,25-34,3-5 yrs,Manager,3,Medium
EMP0672,Sarah Wilson,sarah.wilson@deloitte.com,Female,2020-04-05,2025-05-29,2022-02-26,Yes,5,0,3,Oceania,Australia,Western Australia,Perth,Benjamin Singh,benjamin.singh@deloitte.com,Audit & Assurance,External Audit - Financial Services Audit,CC-AUD-114,27,1999-03-09,Voluntary,Lack of Learning Opportunities,Full Time,Inactive,4,3,4,1,Yes,Yes,5, FALSE ,TRUE,FALSE,FALSE,25-34,3-5 yrs,Manager,2,Low
EMP0673,Lucy Gupta,lucy.gupta@deloitte.com,Female,2025-08-14,,,Yes,1,0,1,Oceania,Australia,South Australia,Adelaide,Grace Park,grace.park@deloitte.com,Consulting,Strategy & Operations - Business Transformation,CC-CON-656,31,1995-05-21,,,Full Time,Active,4,3,1,3,No,No,1, TRUE ,FALSE,TRUE,FALSE,25-34,1-2 yrs,Analyst,1,Low
EMP0674,Ryan Brown,ryan.brown@deloitte.com,Male,2026-05-27,,,No,0,0,0,Oceania,Australia,New South Wales,Sydney,Emily Singh,emily.singh@deloitte.com,Audit & Assurance,External Audit - Consumer Audit,CC-AUD-882,52,1974-07-26,,,Full Time,Active,1,4,2,4,No,No,0, TRUE ,FALSE,TRUE,FALSE,45-54,<1 yr,Analyst,3,Medium
EMP0675,Emma Reddy,emma.reddy2@deloitte.com,Female,2010-08-28,,,Yes,16,4,16,Oceania,Australia,Victoria,Melbourne,Amelia Tran,amelia.tran@deloitte.com,Audit & Assurance,External Audit - Public Sector Audit,CC-AUD-766,41,1985-07-12,,,Full Time,Active,4,3,5,2,No,No,16, TRUE ,FALSE,FALSE,TRUE,35-44,11+ yrs,Senior Manager,3,Medium
EMP0676,Kiran Martinez,kiran.martinez@deloitte.com,Male,2024-08-29,,,Yes,2,0,2,Oceania,Australia,Victoria,Melbourne,Ava Thomas,ava.thomas@deloitte.com,Tax & Legal,Business Tax - Global Employer Services,CC-TAX-808,23,2003-05-13,,,Full Time,Active,4,4,4,5,No,No,2, TRUE ,FALSE,FALSE,FALSE,<25,1-2 yrs,Consultant,0,Low
EMP0677,Alexander Wright,alexander.wright@deloitte.com,Male,2005-10-30,,,Yes,21,5,21,Oceania,Australia,Queensland,Brisbane,Adam Chen,adam.chen@deloitte.com,Enabling Areas,People & Culture - People Operations,CC-ENA-770,53,1972-12-28,,,Full Time,Active,4,3,3,5,No,No,21, TRUE ,FALSE,FALSE,TRUE,45-54,11+ yrs,Director/Partner,2,Low
EMP0678,Meera Nguyen,meera.nguyen@deloitte.com,Female,2026-01-20,,,Yes,1,0,1,Oceania,Australia,New South Wales,Sydney,Joshua Taylor,joshua.taylor@deloitte.com,Enabling Areas,Marketing - Client Experience,CC-ENA-253,33,1993-05-04,,,Full Time,Active,5,4,4,3,No,No,1, TRUE ,FALSE,TRUE,FALSE,25-34,1-2 yrs,Analyst,0,Low
EMP0679,Oscar Thompson,oscar.thompson@deloitte.com,Male,2012-02-03,,,Yes,14,5,14,Oceania,Australia,South Australia,Adelaide,Olivia Iyer,olivia.iyer@deloitte.com,Consulting,Strategy & Operations - Operations Excellence,CC-CON-130,41,1985-04-22,,,Full Time,Active,4,5,4,3,No,No,14, TRUE ,FALSE,FALSE,TRUE,35-44,11+ yrs,Senior Manager,2,Low
EMP0680,Arjun Mehta,arjun.mehta2@deloitte.com,Male,2001-05-16,,,Yes,25,3,25,Oceania,Australia,New South Wales,Sydney,Lily Wong,lily.wong@deloitte.com,Enabling Areas,Finance - Financial Planning,CC-ENA-461,57,1968-08-20,,,Full Time,Active,5,4,3,3,No,No,25, TRUE ,FALSE,FALSE,TRUE,55+,11+ yrs,Director/Partner,2,Low
EMP0681,Benjamin Wong,benjamin.wong@deloitte.com,Male,2017-07-22,,,Yes,9,2,9,Oceania,Australia,Victoria,Melbourne,Isla King,isla.king@deloitte.com,Tax & Legal,Business Tax - Global Employer Services,CC-TAX-879,57,1968-12-16,,,Full Time,Active,3,5,4,5,No,No,9, TRUE ,FALSE,FALSE,TRUE,55+,6-10 yrs,Manager,2,Low
EMP0682,Sophie Park,sophie.park@deloitte.com,Female,2026-05-07,,,No,0,0,0,Oceania,Australia,Victoria,Melbourne,Sophie Kumar,sophie.kumar@deloitte.com,Enabling Areas,Technology - Enterprise Platforms,CC-ENA-126,31,1995-02-23,,,Full Time,Active,5,4,3,3,No,No,0, TRUE ,FALSE,TRUE,FALSE,25-34,<1 yr,Analyst,0,Low
EMP0683,Arjun Brown,arjun.brown2@deloitte.com,Male,2021-11-17,,2022-05-31,Yes,5,2,4,Oceania,Australia,New South Wales,Sydney,Charlotte Patel,charlotte.patel@deloitte.com,Consulting,Human Capital - Organisation Design,CC-CON-595,60,1966-01-12,,,Full Time,Active,3,3,5,3,No,No,5, TRUE ,FALSE,FALSE,TRUE,55+,3-5 yrs,Manager,2,Low
EMP0684,Maya Wilson,maya.wilson2@deloitte.com,Female,2020-06-07,2023-10-22,,Yes,3,1,3,Asia,India,Telangana,Hyderabad,Benjamin Garcia,benjamin.garcia@deloitte.com,Enabling Areas,Marketing - Client Experience,CC-ENA-966,26,2000-02-03,Voluntary,Better Salary,Full Time,Inactive,5,1,4,2,Yes,Yes,3, FALSE ,TRUE,FALSE,TRUE,25-34,3-5 yrs,Consultant,3,Medium
EMP0685,William White,william.white@deloitte.com,Male,2005-06-24,,2017-11-03,Yes,21,4,9,Oceania,Australia,Western Australia,Perth,Oliver Kim,oliver.kim@deloitte.com,Enabling Areas,People & Culture - Learning & Development,CC-ENA-469,39,1986-09-14,,,Full Time,Active,2,5,4,5,No,No,21, TRUE ,FALSE,FALSE,TRUE,35-44,11+ yrs,Director/Partner,4,Medium
EMP0686,Sophie Thompson,sophie.thompson@deloitte.com,Female,2021-07-21,,,Yes,5,0,5,Asia,India,Telangana,Hyderabad,Oscar Lopez,oscar.lopez@deloitte.com,Enabling Areas,Technology - Information Security,CC-ENA-445,42,1984-05-12,,,Full Time,Active,5,5,3,4,No,No,5, TRUE ,FALSE,FALSE,FALSE,35-44,3-5 yrs,Manager,3,Medium
EMP0687,Rohan Singh,rohan.singh3@deloitte.com,Male,2016-06-27,2023-06-17,,Yes,7,2,7,Asia,India,Telangana,Hyderabad,Sarah Wright,sarah.wright@deloitte.com,Consulting,Technology & Transformation - Data & AI,CC-CON-920,41,1985-07-31,Voluntary,Better Career Opportunity,Full Time,Inactive,2,3,3,4,Yes,Yes,7, FALSE ,TRUE,FALSE,TRUE,35-44,6-10 yrs,Manager,4,Medium
EMP0688,Oscar Martin,oscar.martin@deloitte.com,Male,2006-02-13,,2018-04-25,Yes,20,5,8,Oceania,Australia,Victoria,Melbourne,Charlotte Adams,charlotte.adams@deloitte.com,Enabling Areas,Marketing - Client Experience,CC-ENA-734,41,1985-01-10,,,Full Time,Active,5,4,4,5,No,No,20, TRUE ,FALSE,FALSE,TRUE,35-44,11+ yrs,Director/Partner,2,Low
EMP0689,Casey Iyer,casey.iyer@deloitte.com,Non-binary,2019-10-14,,2020-05-07,Yes,7,1,6,Oceania,Australia,Victoria,Melbourne,Jacob Smith,jacob.smith@deloitte.com,Audit & Assurance,External Audit - Public Sector Audit,CC-AUD-656,49,1977-06-23,,,Full Time,Active,5,2,2,4,No,No,7, TRUE ,FALSE,FALSE,TRUE,45-54,6-10 yrs,Manager,5,Medium
EMP0690,Laura Walker,laura.walker3@deloitte.com,Female,2013-09-03,2013-12-08,,No,0,0,0,Oceania,Australia,New South Wales,Sydney,Hannah Hall,hannah.hall@deloitte.com,Audit & Assurance,Risk Advisory - Internal Audit,CC-AUD-631,62,1963-08-04,Voluntary,Lack of Career Progression,Full Time,Inactive,3,3,2,2,Yes,Yes,0, FALSE ,TRUE,FALSE,FALSE,55+,<1 yr,Analyst,2,Low
EMP0691,Emma Green,emma.green@deloitte.com,Female,2016-12-30,,2019-02-01,Yes,10,1,7,Asia,India,Telangana,Hyderabad,Isla Wilson,isla.wilson@deloitte.com,Audit & Assurance,External Audit - Consumer Audit,CC-AUD-154,51,1974-10-09,,,Full Time,Active,4,3,4,2,No,No,10, TRUE ,FALSE,FALSE,TRUE,45-54,6-10 yrs,Senior Manager,3,Medium
EMP0692,Isla Mehta,isla.mehta@deloitte.com,Female,2008-11-23,,2022-01-18,Yes,18,2,5,Oceania,Australia,Victoria,Melbourne,Jessica Thompson,jessica.thompson@deloitte.com,Audit & Assurance,Risk Advisory - Technology Risk,CC-AUD-203,64,1961-11-19,,,Full Time,Active,4,4,4,4,No,No,18, TRUE ,FALSE,FALSE,TRUE,55+,11+ yrs,Director/Partner,2,Low
EMP0693,Henry Kim,henry.kim@deloitte.com,Male,2010-08-10,,,Yes,16,2,16,Asia,India,Karnataka,Bengaluru,Amelia Thompson,amelia.thompson@deloitte.com,Enabling Areas,People & Culture - Learning & Development,CC-ENA-842,56,1969-10-13,,,Contractor,Active,4,4,5,3,No,No,16, TRUE ,FALSE,FALSE,TRUE,55+,11+ yrs,Senior Manager,2,Low
EMP0694,Thomas King,thomas.king@deloitte.com,Male,2024-03-26,,,Yes,2,0,2,Oceania,Australia,South Australia,Adelaide,Nisha Lopez,nisha.lopez@deloitte.com,Enabling Areas,People & Culture - Talent Acquisition,CC-ENA-684,22,2004-05-19,,,Full Time,Active,3,2,2,3,No,No,2, TRUE ,FALSE,FALSE,FALSE,<25,1-2 yrs,Consultant,3,Medium
EMP0695,Kiran Chen,kiran.chen@deloitte.com,Male,2009-08-11,,2023-02-06,Yes,17,3,3,Oceania,Australia,Queensland,Brisbane,Isla Kumar,isla.kumar@deloitte.com,Audit & Assurance,Risk Advisory - Internal Audit,CC-AUD-846,52,1973-09-27,,,Full Time,Active,4,5,4,2,No,No,17, TRUE ,FALSE,FALSE,TRUE,45-54,11+ yrs,Senior Manager,1,Low
EMP0696,Leo Kim,leo.kim@deloitte.com,Male,2020-11-19,,2023-05-03,Yes,6,0,3,Oceania,Australia,New South Wales,Sydney,Vikram Green,vikram.green@deloitte.com,Enabling Areas,People & Culture - Talent Acquisition,CC-ENA-306,52,1974-06-07,,,Full Time,Active,1,5,3,3,No,No,6, TRUE ,FALSE,FALSE,FALSE,45-54,6-10 yrs,Manager,3,Medium
EMP0697,Hannah Park,hannah.park@deloitte.com,Female,2023-05-15,,2024-06-13,Yes,3,1,2,Oceania,Australia,Queensland,Brisbane,Meera Green,meera.green@deloitte.com,Tax & Legal,Business Tax - Corporate Tax,CC-TAX-410,41,1984-09-26,,,Full Time,Active,3,3,5,4,No,No,3, TRUE ,FALSE,FALSE,TRUE,35-44,3-5 yrs,Consultant,0,Low
EMP0698,Ivy Lewis,ivy.lewis2@deloitte.com,Female,2025-09-16,2026-06-28,,Yes,1,0,1,Oceania,Australia,Victoria,Melbourne,David Martin,david.martin@deloitte.com,Enabling Areas,Marketing - Digital Marketing,CC-ENA-870,21,2005-05-23,Voluntary,Better Salary,Contractor,Inactive,3,1,3,3,Yes,Yes,1, FALSE ,TRUE,TRUE,FALSE,<25,1-2 yrs,Analyst,2,Low
EMP0699,Sophie Wilson,sophie.wilson@deloitte.com,Female,2024-07-11,2025-07-27,,Yes,1,0,1,Oceania,Australia,Western Australia,Perth,Ava Thomas,ava.thomas@deloitte.com,Tax & Legal,Business Tax - Indirect Tax,CC-TAX-489,28,1998-06-13,Involuntary,Probation Not Passed,Full Time,Inactive,2,3,3,2,Yes,Yes,1, FALSE ,TRUE,FALSE,FALSE,25-34,1-2 yrs,Analyst,3,Medium
EMP0700,Lily Baker,lily.baker@deloitte.com,Female,2013-09-24,,2025-12-29,Yes,13,3,1,Oceania,Australia,Victoria,Melbourne,Ryan Garcia,ryan.garcia@deloitte.com,Enabling Areas,Finance - Financial Planning,CC-ENA-960,32,1993-09-21,,,Full Time,Active,5,3,5,5,No,No,13, TRUE ,FALSE,FALSE,TRUE,25-34,11+ yrs,Senior Manager,0,Low
EMP0701,Meera Anderson,meera.anderson3@deloitte.com,Female,2009-08-17,,2025-09-11,Yes,17,3,1,Oceania,Australia,Victoria,Melbourne,Charlotte Green,charlotte.green@deloitte.com,Enabling Areas,Technology - Information Security,CC-ENA-434,62,1963-08-01,,,Full Time,Active,4,3,4,2,No,No,17, TRUE ,FALSE,FALSE,TRUE,55+,11+ yrs,Senior Manager,1,Low
EMP0702,Leo Anderson,leo.anderson@deloitte.com,Male,2016-10-05,,,Yes,10,4,10,Oceania,Australia,Queensland,Brisbane,Henry Joshi,henry.joshi@deloitte.com,Enabling Areas,People & Culture - Learning & Development,CC-ENA-536,30,1995-08-14,,,Contractor,Active,5,1,3,2,No,No,10, TRUE ,FALSE,FALSE,TRUE,25-34,6-10 yrs,Senior Manager,5,Medium
EMP0703,Emma White,emma.white@deloitte.com,Female,2013-09-22,2013-12-23,,No,0,0,0,Asia,India,Karnataka,Bengaluru,Emily Singh,emily.singh@deloitte.com,Enabling Areas,Marketing - Digital Marketing,CC-ENA-533,42,1984-01-11,Involuntary,Policy Violation,Contractor,Inactive,3,2,1,2,Yes,Yes,0, FALSE ,TRUE,FALSE,FALSE,35-44,<1 yr,Analyst,4,Medium
EMP0704,Sophie King,sophie.king2@deloitte.com,Female,2026-02-12,,,No,0,0,0,Oceania,Australia,New South Wales,Sydney,Ava Thomas,ava.thomas@deloitte.com,Audit & Assurance,External Audit - Public Sector Audit,CC-AUD-911,37,1989-04-03,,,Full Time,Active,4,3,4,3,No,No,0, TRUE ,FALSE,TRUE,FALSE,35-44,<1 yr,Analyst,0,Low
EMP0705,Daniel Harris,daniel.harris@deloitte.com,Male,2001-11-29,,,Yes,25,4,25,Asia,Singapore,Singapore,Singapore,Sophie Kumar,sophie.kumar@deloitte.com,Consulting,Human Capital - People Analytics,CC-CON-300,48,1978-04-22,,,Full Time,Active,4,3,2,1,No,No,25, TRUE ,FALSE,FALSE,TRUE,45-54,11+ yrs,Director/Partner,4,Medium
EMP0706,Arjun Thomas,arjun.thomas@deloitte.com,Male,2024-01-09,,,Yes,3,2,3,Oceania,Australia,New South Wales,Sydney,Michael Wright,michael.wright@deloitte.com,Tax & Legal,Legal - Employment Law,CC-TAX-820,24,2001-12-26,,,Contractor,Active,4,3,1,2,No,No,3, TRUE ,FALSE,FALSE,TRUE,<25,3-5 yrs,Consultant,2,Low
EMP0707,Grace Lewis,grace.lewis@deloitte.com,Female,2007-01-09,,2013-03-20,Yes,20,3,13,Oceania,Australia,Victoria,Melbourne,Vikram Green,vikram.green@deloitte.com,Audit & Assurance,Risk Advisory - Technology Risk,CC-AUD-132,59,1967-02-23,,,Full Time,Active,2,3,4,2,No,No,20, TRUE ,FALSE,FALSE,TRUE,55+,11+ yrs,Director/Partner,5,Medium
EMP0708,Samuel Garcia,samuel.garcia@deloitte.com,Male,2026-02-13,,,No,0,0,0,Oceania,Australia,Victoria,Melbourne,Mia Lee,mia.lee@deloitte.com,Consulting,Strategy & Operations - Customer Strategy,CC-CON-875,22,2003-09-04,,,Full Time,Active,4,4,4,4,No,No,0, TRUE ,FALSE,TRUE,FALSE,<25,<1 yr,Analyst,0,Low
EMP0709,Charlotte Anderson,charlotte.anderson@deloitte.com,Female,2004-09-15,,2018-06-04,Yes,22,2,8,Oceania,Australia,Queensland,Brisbane,Benjamin Singh,benjamin.singh@deloitte.com,Audit & Assurance,External Audit - Financial Services Audit,CC-AUD-574,41,1984-10-28,,,Full Time,Active,4,4,5,3,No,No,22, TRUE ,FALSE,FALSE,TRUE,35-44,11+ yrs,Director/Partner,2,Low
EMP0710,Thomas White,thomas.white2@deloitte.com,Male,2004-06-19,,,Yes,22,3,22,Oceania,Australia,New South Wales,Sydney,Sophie Mehta,sophie.mehta@deloitte.com,Tax & Legal,Business Tax - Global Employer Services,CC-TAX-556,47,1979-02-12,,,Full Time,Active,5,2,5,3,No,No,22, TRUE ,FALSE,FALSE,TRUE,45-54,11+ yrs,Director/Partner,4,Medium
EMP0711,Joshua Thompson,joshua.thompson2@deloitte.com,Male,2024-06-26,,,Yes,2,0,2,Oceania,Australia,Queensland,Brisbane,Jacob White,jacob.white@deloitte.com,Tax & Legal,Business Tax - Global Employer Services,CC-TAX-918,22,2003-11-18,,,Full Time,Active,2,3,4,4,No,No,2, TRUE ,FALSE,FALSE,FALSE,<25,1-2 yrs,Consultant,2,Low
EMP0712,Michael Garcia,michael.garcia@deloitte.com,Male,2005-01-08,,2024-04-08,Yes,22,3,2,Oceania,Australia,South Australia,Adelaide,Charlotte Adams,charlotte.adams@deloitte.com,Consulting,Strategy & Operations - Operations Excellence,CC-CON-366,49,1976-10-15,,,Full Time,Active,3,2,4,3,No,No,22, TRUE ,FALSE,FALSE,TRUE,45-54,11+ yrs,Director/Partner,2,Low
EMP0713,Rahul Chen,rahul.chen2@deloitte.com,Male,2025-08-13,,,Yes,1,1,1,Oceania,Australia,New South Wales,Sydney,Lily Taylor,lily.taylor@deloitte.com,Enabling Areas,People & Culture - Talent Acquisition,CC-ENA-962,53,1972-11-28,,,Contractor,Active,3,4,3,3,No,No,1, TRUE ,FALSE,TRUE,TRUE,45-54,1-2 yrs,Analyst,0,Low
EMP0714,Benjamin Thomas,benjamin.thomas@deloitte.com,Male,2024-06-28,,,Yes,2,0,2,Oceania,Australia,New South Wales,Sydney,Jacob Kim,jacob.kim@deloitte.com,Enabling Areas,People & Culture - Learning & Development,CC-ENA-144,31,1995-04-19,,,Full Time,Active,4,3,2,5,No,No,2, TRUE ,FALSE,FALSE,FALSE,25-34,1-2 yrs,Consultant,1,Low
EMP0715,Hannah Iyer,hannah.iyer@deloitte.com,Female,2020-11-08,,,Yes,6,2,6,Oceania,Australia,New South Wales,Sydney,Nisha Smith,nisha.smith@deloitte.com,Tax & Legal,Business Tax - Indirect Tax,CC-TAX-694,28,1998-01-29,,,Full Time,Active,4,4,4,3,No,No,6, TRUE ,FALSE,FALSE,TRUE,25-34,6-10 yrs,Manager,2,Low
EMP0716,Mia Martinez,mia.martinez@deloitte.com,Female,2012-09-11,,2019-02-16,Yes,14,4,7,Oceania,Australia,New South Wales,Sydney,Mia Hall,mia.hall@deloitte.com,Tax & Legal,Business Tax - Indirect Tax,CC-TAX-245,47,1979-07-26,,,Full Time,Active,3,5,4,3,No,No,14, TRUE ,FALSE,FALSE,TRUE,45-54,11+ yrs,Senior Manager,2,Low
EMP0717,Leo Wong,leo.wong@deloitte.com,Male,2000-01-06,,,Yes,27,5,27,Asia,India,Telangana,Hyderabad,Oscar Lopez,oscar.lopez@deloitte.com,Tax & Legal,Legal - Employment Law,CC-TAX-254,55,1970-10-04,,,Full Time,Active,5,4,4,4,No,No,27, TRUE ,FALSE,FALSE,TRUE,55+,11+ yrs,Director/Partner,2,Low
EMP0718,Laura Anderson,laura.anderson2@deloitte.com,Female,2018-10-25,,2022-02-02,Yes,8,1,4,Asia,India,Telangana,Hyderabad,Meera Wright,meera.wright@deloitte.com,Enabling Areas,People & Culture - Talent Acquisition,CC-ENA-318,26,2000-01-01,,,Full Time,Active,4,3,1,2,No,No,8, TRUE ,FALSE,FALSE,TRUE,25-34,6-10 yrs,Manager,4,Medium
EMP0719,Lucy Wright,lucy.wright@deloitte.com,Female,2026-04-09,,,No,0,0,0,Oceania,Australia,Victoria,Melbourne,David Martin,david.martin@deloitte.com,Consulting,Human Capital - HR Transformation,CC-CON-765,41,1985-05-12,,,Full Time,Active,1,3,3,1,No,No,0, TRUE ,FALSE,TRUE,FALSE,35-44,<1 yr,Analyst,3,Medium
EMP0720,Vikram Anderson,vikram.anderson@deloitte.com,Male,2002-12-06,,2005-04-19,Yes,24,2,21,Oceania,Australia,New South Wales,Sydney,Isla Kumar,isla.kumar@deloitte.com,Tax & Legal,Business Tax - Indirect Tax,CC-TAX-377,51,1975-04-05,,,Full Time,Active,4,5,2,3,No,No,24, TRUE ,FALSE,FALSE,TRUE,45-54,11+ yrs,Director/Partner,3,Medium
EMP0721,Sophie Nair,sophie.nair@deloitte.com,Female,2011-11-21,,2017-12-18,Yes,15,5,9,Oceania,Australia,New South Wales,Sydney,Amelia Tran,amelia.tran@deloitte.com,Tax & Legal,Business Tax - Indirect Tax,CC-TAX-448,61,1965-02-09,,,Full Time,Active,4,5,5,1,No,No,15, TRUE ,FALSE,FALSE,TRUE,55+,11+ yrs,Senior Manager,3,Medium
EMP0722,Emily Martinez,emily.martinez@deloitte.com,Female,2002-08-17,,,Yes,24,3,24,Oceania,Australia,New South Wales,Sydney,Liam Martin,liam.martin@deloitte.com,Consulting,Technology & Transformation - Cyber,CC-CON-650,64,1961-11-01,,,Contractor,Active,4,4,3,3,No,No,24, TRUE ,FALSE,FALSE,TRUE,55+,11+ yrs,Director/Partner,2,Low
EMP0723,Ruby Thompson,ruby.thompson@deloitte.com,Female,2023-10-14,,2025-08-21,Yes,3,2,1,Oceania,Australia,Victoria,Melbourne,Henry Nguyen,henry.nguyen@deloitte.com,Tax & Legal,Business Tax - Corporate Tax,CC-TAX-400,27,1999-04-21,,,Full Time,Active,5,5,4,3,No,No,3, TRUE ,FALSE,FALSE,TRUE,25-34,3-5 yrs,Consultant,0,Low
EMP0724,Joshua Kim,joshua.kim@deloitte.com,Male,2019-05-08,2024-04-26,2019-12-03,Yes,5,0,4,Oceania,Australia,New South Wales,Sydney,Hannah Hall,hannah.hall@deloitte.com,Consulting,Strategy & Operations - Operations Excellence,CC-CON-901,60,1966-03-11,Voluntary,No Work-Life Balance,Full Time,Inactive,5,2,5,1,Yes,Yes,5, FALSE ,TRUE,FALSE,FALSE,55+,3-5 yrs,Manager,6,High
EMP0725,Rahul Wright,rahul.wright@deloitte.com,Male,2005-11-13,2015-05-05,,Yes,9,3,9,Asia,India,Karnataka,Bengaluru,Chloe Thompson,chloe.thompson@deloitte.com,Enabling Areas,Finance - Financial Planning,CC-ENA-221,46,1980-02-12,Voluntary,Company Culture,Contractor,Inactive,2,2,5,3,Yes,Yes,9, FALSE ,TRUE,FALSE,TRUE,45-54,6-10 yrs,Manager,6,High
EMP0726,Priya Lopez,priya.lopez@deloitte.com,Female,2019-06-05,,2021-01-14,Yes,7,2,6,Oceania,Australia,South Australia,Adelaide,Grace Lewis,grace.lewis@deloitte.com,Enabling Areas,People & Culture - Talent Acquisition,CC-ENA-878,25,2001-02-16,,,Full Time,Active,5,4,2,4,No,No,7, TRUE ,FALSE,FALSE,TRUE,25-34,6-10 yrs,Manager,3,Medium
EMP0727,Avery Tran,avery.tran@deloitte.com,Non-binary,2008-10-14,2022-03-23,,Yes,13,2,13,Oceania,Australia,Victoria,Melbourne,Meera Wright,meera.wright@deloitte.com,Enabling Areas,Technology - IT Operations,CC-ENA-753,56,1969-10-05,Voluntary,Dissatisfied with Manager,Contractor,Inactive,4,1,1,4,Yes,Yes,13, FALSE ,TRUE,FALSE,TRUE,55+,11+ yrs,Senior Manager,5,Medium
EMP0728,Arjun Hall,arjun.hall@deloitte.com,Male,2026-05-29,,,No,0,0,0,Asia,India,Karnataka,Bengaluru,Samuel Singh,samuel.singh@deloitte.com,Tax & Legal,Business Tax - Corporate Tax,CC-TAX-787,48,1978-01-25,,,Full Time,Active,4,4,4,5,No,No,0, TRUE ,FALSE,TRUE,FALSE,45-54,<1 yr,Analyst,0,Low
EMP0729,Lily Green,lily.green@deloitte.com,Female,2024-06-05,,,Yes,2,1,2,Oceania,Australia,Victoria,Melbourne,Charlotte Green,charlotte.green@deloitte.com,Audit & Assurance,Risk Advisory - Internal Audit,CC-AUD-888,24,2001-08-17,,,Full Time,Active,4,4,4,3,No,No,2, TRUE ,FALSE,FALSE,TRUE,<25,1-2 yrs,Consultant,0,Low
EMP0730,Ryan Thomas,ryan.thomas@deloitte.com,Male,2017-11-10,,2025-07-18,Yes,9,3,1,Oceania,Australia,New South Wales,Sydney,Isla King,isla.king@deloitte.com,Audit & Assurance,External Audit - Consumer Audit,CC-AUD-462,49,1977-03-13,,,Full Time,Active,4,4,2,4,No,No,9, TRUE ,FALSE,FALSE,TRUE,45-54,6-10 yrs,Manager,1,Low
EMP0731,Vikram King,vikram.king@deloitte.com,Male,2024-08-12,,,Yes,2,0,2,Oceania,Australia,Victoria,Melbourne,Sienna King,sienna.king@deloitte.com,Audit & Assurance,Risk Advisory - Technology Risk,CC-AUD-412,23,2002-12-09,,,Full Time,Active,1,5,5,4,No,No,2, TRUE ,FALSE,FALSE,FALSE,<25,1-2 yrs,Consultant,2,Low
EMP0732,Michael Anderson,michael.anderson@deloitte.com,Male,2021-04-08,,2024-02-22,Yes,5,2,2,Oceania,Australia,Victoria,Melbourne,Liam Martin,liam.martin@deloitte.com,Consulting,Strategy & Operations - Business Transformation,CC-CON-939,46,1980-03-13,,,Full Time,Active,4,3,2,4,No,No,5, TRUE ,FALSE,FALSE,TRUE,45-54,3-5 yrs,Manager,1,Low
EMP0733,Ruby Kim,ruby.kim2@deloitte.com,Female,2023-10-14,,,Yes,3,0,3,Oceania,Australia,New South Wales,Sydney,Georgia Anderson,georgia.anderson@deloitte.com,Tax & Legal,Legal - Regulatory,CC-TAX-681,27,1998-08-08,,,Full Time,Active,4,5,4,4,No,No,3, TRUE ,FALSE,FALSE,FALSE,25-34,3-5 yrs,Consultant,0,Low
EMP0734,Nathan Martinez,nathan.martinez2@deloitte.com,Male,2023-07-11,,,Yes,3,1,3,Oceania,Australia,South Australia,Adelaide,Nisha Lopez,nisha.lopez@deloitte.com,Enabling Areas,Technology - IT Operations,CC-ENA-374,24,2002-01-04,,,Full Time,Active,2,3,4,3,No,No,3, TRUE ,FALSE,FALSE,TRUE,<25,3-5 yrs,Consultant,2,Low
EMP0735,Sarah King,sarah.king@deloitte.com,Female,2026-02-18,,,No,0,0,0,Oceania,Australia,New South Wales,Sydney,Samuel Singh,samuel.singh@deloitte.com,Consulting,Strategy & Operations - Customer Strategy,CC-CON-670,36,1990-05-18,,,Full Time,Active,5,2,2,4,No,No,0, TRUE ,FALSE,TRUE,FALSE,35-44,<1 yr,Analyst,3,Medium
EMP0736,Chloe Clark,chloe.clark@deloitte.com,Female,2022-12-12,,,Yes,4,1,4,Oceania,Australia,New South Wales,Sydney,Hannah Martinez,hannah.martinez@deloitte.com,Enabling Areas,Marketing - Brand & Communications,CC-ENA-111,21,2004-08-09,,,Full Time,Active,4,4,3,3,No,No,4, TRUE ,FALSE,FALSE,TRUE,<25,3-5 yrs,Consultant,2,Low
EMP0737,Mia King,mia.king@deloitte.com,Female,2014-04-28,,2026-04-05,Yes,12,1,0,Oceania,Australia,New South Wales,Sydney,Oscar Lopez,oscar.lopez@deloitte.com,Audit & Assurance,Risk Advisory - Internal Audit,CC-AUD-518,56,1969-12-27,,,Full Time,Active,5,4,5,4,No,No,12, TRUE ,FALSE,FALSE,TRUE,55+,11+ yrs,Senior Manager,0,Low
EMP0738,Grace Brown,grace.brown2@deloitte.com,Female,2008-03-07,,2016-01-23,Yes,18,4,11,Oceania,Australia,Queensland,Brisbane,Adam Adams,adam.adams@deloitte.com,Enabling Areas,Marketing - Digital Marketing,CC-ENA-375,50,1976-02-23,,,Full Time,Active,2,1,4,5,No,No,18, TRUE ,FALSE,FALSE,TRUE,45-54,11+ yrs,Director/Partner,6,High
EMP0739,Isla Thomas,isla.thomas@deloitte.com,Female,2008-12-30,,2023-04-06,Yes,18,3,3,Oceania,Australia,Queensland,Brisbane,Olivia Iyer,olivia.iyer@deloitte.com,Audit & Assurance,Risk Advisory - Internal Audit,CC-AUD-661,35,1990-12-23,,,Full Time,Active,3,4,3,4,No,No,18, TRUE ,FALSE,FALSE,TRUE,35-44,11+ yrs,Director/Partner,0,Low
EMP0740,Vikram Harris,vikram.harris@deloitte.com,Male,2020-08-05,,2024-03-19,Yes,6,0,2,Oceania,Australia,Queensland,Brisbane,Ruby Adams,ruby.adams@deloitte.com,Consulting,Human Capital - People Analytics,CC-CON-479,45,1981-06-07,,,Full Time,Active,5,3,3,4,No,No,6, TRUE ,FALSE,FALSE,FALSE,45-54,6-10 yrs,Manager,1,Low
EMP0741,Adam Kumar,adam.kumar@deloitte.com,Male,2025-11-14,2026-01-05,,No,0,0,0,Oceania,Australia,New South Wales,Sydney,Charlotte Patel,charlotte.patel@deloitte.com,Audit & Assurance,Risk Advisory - Technology Risk,CC-AUD-409,22,2004-07-20,Involuntary,End of Contract,Full Time,Inactive,5,3,1,4,Yes,Yes,0, FALSE ,TRUE,TRUE,FALSE,<25,<1 yr,Analyst,1,Low
EMP0742,Nisha Singh,nisha.singh@deloitte.com,Female,2016-05-20,2021-12-03,,Yes,6,1,6,Oceania,Australia,South Australia,Adelaide,Isla Kumar,isla.kumar@deloitte.com,Audit & Assurance,Risk Advisory - Technology Risk,CC-AUD-723,42,1984-04-18,Voluntary,No Work-Life Balance,Contractor,Inactive,3,2,1,2,Yes,Yes,6, FALSE ,TRUE,FALSE,TRUE,35-44,6-10 yrs,Manager,6,High
EMP0743,Kiran Taylor,kiran.taylor@deloitte.com,Male,2013-01-21,2025-07-21,,Yes,13,3,13,Oceania,Australia,Victoria,Melbourne,Charlotte Adams,charlotte.adams@deloitte.com,Audit & Assurance,External Audit - Consumer Audit,CC-AUD-608,37,1989-02-04,Voluntary,Lack of Career Progression,Contractor,Inactive,4,3,1,2,Yes,Yes,13, FALSE ,TRUE,FALSE,TRUE,35-44,11+ yrs,Senior Manager,4,Medium
EMP0744,Kiran Harris,kiran.harris@deloitte.com,Male,2016-01-02,,2018-04-28,Yes,11,1,8,Oceania,Australia,Victoria,Melbourne,Ruby Adams,ruby.adams@deloitte.com,Audit & Assurance,External Audit - Public Sector Audit,CC-AUD-368,34,1991-10-09,,,Contractor,Active,4,3,2,3,No,No,11, TRUE ,FALSE,FALSE,TRUE,25-34,11+ yrs,Senior Manager,3,Medium
EMP0745,Lucy Wong,lucy.wong@deloitte.com,Female,2021-08-06,,,Yes,5,2,5,Oceania,Australia,Victoria,Melbourne,Samuel Singh,samuel.singh@deloitte.com,Enabling Areas,People & Culture - People Operations,CC-ENA-188,44,1981-08-04,,,Full Time,Active,3,3,4,1,No,No,5, TRUE ,FALSE,FALSE,TRUE,35-44,3-5 yrs,Manager,3,Medium
EMP0746,Ivy Joshi,ivy.joshi@deloitte.com,Female,2021-11-22,2022-05-16,,No,0,1,0,Oceania,Australia,South Australia,Adelaide,Amelia Mehta,amelia.mehta@deloitte.com,Consulting,Strategy & Operations - Customer Strategy,CC-CON-904,24,2002-05-19,Voluntary,Organizational Restructure,Full Time,Inactive,2,3,3,2,Yes,Yes,0, FALSE ,TRUE,FALSE,TRUE,<25,<1 yr,Analyst,3,Medium
EMP0747,Jessica Park,jessica.park@deloitte.com,Female,2017-11-16,,,Yes,9,1,9,Oceania,Australia,New South Wales,Sydney,Matthew Lewis,matthew.lewis@deloitte.com,Enabling Areas,Finance - Accounts Payable,CC-ENA-930,34,1992-02-28,,,Full Time,Active,4,3,4,4,No,No,9, TRUE ,FALSE,FALSE,TRUE,25-34,6-10 yrs,Manager,2,Low
EMP0748,Priya Wilson,priya.wilson@deloitte.com,Female,2023-02-08,2025-10-24,,Yes,3,0,3,Oceania,Australia,Western Australia,Perth,Luke Wright,luke.wright@deloitte.com,Audit & Assurance,Risk Advisory - Technology Risk,CC-AUD-530,30,1996-01-28,Voluntary,Lack of Career Progression,Full Time,Inactive,3,2,2,1,Yes,Yes,3, FALSE ,TRUE,FALSE,FALSE,25-34,3-5 yrs,Consultant,4,Medium
EMP0749,Ruby Wright,ruby.wright@deloitte.com,Female,2015-08-14,,2025-01-30,Yes,11,1,2,Oceania,Australia,New South Wales,Sydney,Oscar Lopez,oscar.lopez@deloitte.com,Consulting,Human Capital - HR Transformation,CC-CON-154,40,1986-05-05,,,Full Time,Active,4,3,3,1,No,No,11, TRUE ,FALSE,FALSE,TRUE,35-44,11+ yrs,Senior Manager,1,Low
EMP0750,Laura Sharma,laura.sharma@deloitte.com,Female,2017-01-06,2023-06-06,2017-08-13,Yes,6,1,6,Oceania,Australia,New South Wales,Sydney,Lucas Nair,lucas.nair@deloitte.com,Tax & Legal,Business Tax - Global Employer Services,CC-TAX-714,43,1982-09-10,Voluntary,Dissatisfied with Manager,Contractor,Inactive,1,2,2,5,Yes,Yes,6, FALSE ,TRUE,FALSE,TRUE,35-44,6-10 yrs,Manager,7,High
EMP0751,Alex Walker,alex.walker@deloitte.com,Non-binary,2021-12-13,2025-12-21,2022-07-29,Yes,4,0,3,Oceania,Australia,Victoria,Melbourne,Leo Walker,leo.walker@deloitte.com,Audit & Assurance,External Audit - Financial Services Audit,CC-AUD-782,42,1983-12-30,Voluntary,Company Culture,Full Time,Inactive,1,2,2,3,Yes,Yes,4, FALSE ,TRUE,FALSE,FALSE,35-44,3-5 yrs,Consultant,6,High
EMP0752,Nathan Taylor,nathan.taylor@deloitte.com,Male,2019-04-05,,,Yes,7,1,7,Oceania,Australia,New South Wales,Sydney,Lucy Reddy,lucy.reddy@deloitte.com,Tax & Legal,Business Tax - Indirect Tax,CC-TAX-389,26,2000-01-11,,,Full Time,Active,2,5,2,3,No,No,7, TRUE ,FALSE,FALSE,TRUE,25-34,6-10 yrs,Manager,5,Medium
EMP0753,Emily Mehta,emily.mehta@deloitte.com,Female,2002-03-22,,,Yes,24,4,24,Oceania,Australia,Victoria,Melbourne,Georgia Adams,georgia.adams@deloitte.com,Tax & Legal,Business Tax - Indirect Tax,CC-TAX-891,59,1967-05-09,,,Contractor,Active,4,3,5,2,No,No,24, TRUE ,FALSE,FALSE,TRUE,55+,11+ yrs,Director/Partner,3,Medium
EMP0754,Emily Wilson,emily.wilson2@deloitte.com,Female,2011-03-11,,2013-02-15,Yes,15,5,13,Oceania,Australia,Queensland,Brisbane,Sarah Wright,sarah.wright@deloitte.com,Audit & Assurance,Risk Advisory - Internal Audit,CC-AUD-878,34,1992-03-07,,,Full Time,Active,4,5,4,3,No,No,15, TRUE ,FALSE,FALSE,TRUE,25-34,11+ yrs,Senior Manager,2,Low
EMP0755,Meera Anderson,meera.anderson4@deloitte.com,Female,2025-03-22,,,Yes,1,0,1,Oceania,Australia,Victoria,Melbourne,Isla Taylor,isla.taylor@deloitte.com,Enabling Areas,Marketing - Digital Marketing,CC-ENA-369,23,2002-08-31,,,Contractor,Active,2,4,3,3,No,No,1, TRUE ,FALSE,FALSE,FALSE,<25,1-2 yrs,Analyst,2,Low
EMP0756,Charlotte Thompson,charlotte.thompson@deloitte.com,Female,2014-11-04,,2023-09-29,Yes,12,3,3,Asia,India,Telangana,Hyderabad,Ethan Anderson,ethan.anderson@deloitte.com,Tax & Legal,Business Tax - Corporate Tax,CC-TAX-264,34,1992-07-05,,,Full Time,Active,4,4,2,3,No,No,12, TRUE ,FALSE,FALSE,TRUE,25-34,11+ yrs,Senior Manager,1,Low
EMP0757,Amelia Thompson,amelia.thompson@deloitte.com,Female,2012-10-27,,2014-09-07,Yes,14,4,12,Oceania,Australia,Victoria,Melbourne,Ethan Anderson,ethan.anderson@deloitte.com,Consulting,Technology & Transformation - Data & AI,CC-CON-854,46,1979-11-03,,,Full Time,Active,4,4,4,5,No,No,14, TRUE ,FALSE,FALSE,TRUE,45-54,11+ yrs,Senior Manager,2,Low
EMP0758,Noah Reddy,noah.reddy2@deloitte.com,Male,2021-11-12,,,Yes,5,2,5,Oceania,Australia,New South Wales,Sydney,Charlotte Patel,charlotte.patel@deloitte.com,Audit & Assurance,External Audit - Consumer Audit,CC-AUD-794,36,1989-08-03,,,Full Time,Active,3,5,5,3,No,No,5, TRUE ,FALSE,FALSE,TRUE,35-44,3-5 yrs,Manager,2,Low
EMP0759,Matthew Kim,matthew.kim@deloitte.com,Male,2014-07-02,,2024-06-28,Yes,12,4,2,Oceania,Australia,South Australia,Adelaide,Samuel Singh,samuel.singh@deloitte.com,Consulting,Strategy & Operations - Business Transformation,CC-CON-568,55,1971-03-19,,,Contractor,Active,3,4,2,3,No,No,12, TRUE ,FALSE,FALSE,TRUE,55+,11+ yrs,Senior Manager,1,Low
EMP0760,Ava Martinez,ava.martinez2@deloitte.com,Female,2024-07-19,,,Yes,2,1,2,Oceania,Australia,Victoria,Melbourne,William Iyer,william.iyer@deloitte.com,Audit & Assurance,External Audit - Consumer Audit,CC-AUD-637,29,1996-08-01,,,Full Time,Active,4,4,5,4,No,No,2, TRUE ,FALSE,FALSE,TRUE,25-34,1-2 yrs,Consultant,0,Low
EMP0761,Matthew White,matthew.white2@deloitte.com,Male,2005-01-10,,2017-11-10,Yes,22,3,9,Asia,Singapore,Singapore,Singapore,Meera Green,meera.green@deloitte.com,Consulting,Human Capital - Organisation Design,CC-CON-629,48,1977-09-24,,,Full Time,Active,2,2,5,3,No,No,22, TRUE ,FALSE,FALSE,TRUE,45-54,11+ yrs,Director/Partner,6,High
EMP0762,Jessica Martinez,jessica.martinez3@deloitte.com,Female,2021-12-10,,2025-09-11,Yes,5,1,1,Asia,India,Telangana,Hyderabad,Georgia Anderson,georgia.anderson@deloitte.com,Consulting,Strategy & Operations - Business Transformation,CC-CON-272,34,1991-09-04,,,Contractor,Active,4,4,1,2,No,No,5, TRUE ,FALSE,FALSE,TRUE,25-34,3-5 yrs,Manager,2,Low
EMP0763,Olivia Wong,olivia.wong@deloitte.com,Female,2025-11-02,,,Yes,1,0,1,Oceania,Australia,Victoria,Melbourne,Oliver Kim,oliver.kim@deloitte.com,Consulting,Technology & Transformation - Enterprise Applications,CC-CON-468,29,1997-06-17,,,Full Time,Active,4,4,4,4,No,No,1, TRUE ,FALSE,TRUE,FALSE,25-34,1-2 yrs,Analyst,0,Low
EMP0764,Ryan Smith,ryan.smith@deloitte.com,Male,2019-04-13,,,Yes,7,3,7,Asia,India,Karnataka,Bengaluru,Lucas Nair,lucas.nair@deloitte.com,Consulting,Technology & Transformation - Enterprise Applications,CC-CON-835,29,1996-08-19,,,Contractor,Active,3,5,4,3,No,No,7, TRUE ,FALSE,FALSE,TRUE,25-34,6-10 yrs,Manager,2,Low
EMP0765,Sienna Taylor,sienna.taylor@deloitte.com,Female,2017-10-03,,,Yes,9,2,9,Oceania,Australia,New South Wales,Sydney,Henry Nguyen,henry.nguyen@deloitte.com,Consulting,Strategy & Operations - Customer Strategy,CC-CON-329,47,1978-12-08,,,Full Time,Active,2,2,1,2,No,No,9, TRUE ,FALSE,FALSE,TRUE,45-54,6-10 yrs,Manager,8,High
EMP0766,Rohan Anderson,rohan.anderson2@deloitte.com,Male,2016-12-17,2018-10-29,,Yes,2,1,2,Asia,Singapore,Singapore,Singapore,Isla Taylor,isla.taylor@deloitte.com,Tax & Legal,Business Tax - Global Employer Services,CC-TAX-496,51,1974-12-31,Involuntary,End of Contract,Contractor,Inactive,2,1,1,4,Yes,Yes,2, FALSE ,TRUE,FALSE,TRUE,45-54,1-2 yrs,Consultant,5,Medium
EMP0767,Meera Kim,meera.kim@deloitte.com,Female,2017-10-17,,,Yes,9,2,9,Oceania,Australia,New South Wales,Sydney,Nathan Sharma,nathan.sharma@deloitte.com,Consulting,Human Capital - Organisation Design,CC-CON-393,44,1982-03-02,,,Full Time,Active,4,4,3,1,No,No,9, TRUE ,FALSE,FALSE,TRUE,35-44,6-10 yrs,Manager,3,Medium
EMP0768,Vikram Lewis,vikram.lewis@deloitte.com,Male,2008-06-16,,2015-09-24,Yes,18,5,11,Oceania,Australia,Victoria,Melbourne,Sarah Wright,sarah.wright@deloitte.com,Consulting,Technology & Transformation - Enterprise Applications,CC-CON-250,64,1962-01-04,,,Full Time,Active,3,4,4,5,No,No,18, TRUE ,FALSE,FALSE,TRUE,55+,11+ yrs,Director/Partner,2,Low
EMP0769,Samuel Kim,samuel.kim@deloitte.com,Male,2009-09-23,,2011-02-06,Yes,17,3,15,Oceania,Australia,Western Australia,Perth,Jessica Chen,jessica.chen@deloitte.com,Audit & Assurance,External Audit - Public Sector Audit,CC-AUD-418,41,1984-12-15,,,Full Time,Active,5,4,4,4,No,No,17, TRUE ,FALSE,FALSE,TRUE,35-44,11+ yrs,Senior Manager,2,Low
EMP0770,Chloe Lewis,chloe.lewis@deloitte.com,Female,2010-09-27,,,Yes,16,3,16,Oceania,Australia,New South Wales,Sydney,Vikram Green,vikram.green@deloitte.com,Audit & Assurance,External Audit - Consumer Audit,CC-AUD-307,56,1970-01-21,,,Contractor,Active,5,1,4,2,No,No,16, TRUE ,FALSE,FALSE,TRUE,55+,11+ yrs,Senior Manager,5,Medium
EMP0771,Rahul Chen,rahul.chen3@deloitte.com,Male,2001-04-03,,2022-09-09,Yes,25,4,4,Oceania,Australia,South Australia,Adelaide,Emily Singh,emily.singh@deloitte.com,Tax & Legal,Legal - Commercial Advisory,CC-TAX-469,52,1974-02-24,,,Full Time,Active,5,3,4,5,No,No,25, TRUE ,FALSE,FALSE,TRUE,45-54,11+ yrs,Director/Partner,2,Low
EMP0772,Meera Martinez,meera.martinez@deloitte.com,Female,2002-11-07,,2011-04-15,Yes,24,4,15,Asia,India,Karnataka,Bengaluru,Mia Nair,mia.nair@deloitte.com,Tax & Legal,Business Tax - Indirect Tax,CC-TAX-289,53,1973-02-12,,,Full Time,Active,4,4,3,5,No,No,24, TRUE ,FALSE,FALSE,TRUE,45-54,11+ yrs,Director/Partner,2,Low
EMP0773,Vikram Adams,vikram.adams2@deloitte.com,Male,2005-01-22,,,Yes,22,2,22,Oceania,Australia,Victoria,Melbourne,Michael Clark,michael.clark@deloitte.com,Consulting,Human Capital - People Analytics,CC-CON-783,49,1976-11-02,,,Contractor,Active,5,4,4,3,No,No,22, TRUE ,FALSE,FALSE,TRUE,45-54,11+ yrs,Director/Partner,2,Low
EMP0774,Rohan Martin,rohan.martin@deloitte.com,Male,2017-11-14,,2022-12-28,Yes,9,2,4,Oceania,Australia,Victoria,Melbourne,Hannah Hall,hannah.hall@deloitte.com,Consulting,Human Capital - Organisation Design,CC-CON-941,40,1986-01-10,,,Full Time,Active,3,2,5,2,No,No,9, TRUE ,FALSE,FALSE,TRUE,35-44,6-10 yrs,Manager,5,Medium
EMP0775,Kiran Thomas,kiran.thomas2@deloitte.com,Male,2014-04-12,,,Yes,12,2,12,Oceania,Australia,Victoria,Melbourne,Charlotte Adams,charlotte.adams@deloitte.com,Enabling Areas,People & Culture - Talent Acquisition,CC-ENA-609,56,1969-12-22,,,Full Time,Active,3,5,5,5,No,No,12, TRUE ,FALSE,FALSE,TRUE,55+,11+ yrs,Senior Manager,2,Low
EMP0776,Alexander Chen,alexander.chen@deloitte.com,Male,2006-08-15,,2020-01-23,Yes,20,5,7,Oceania,Australia,Victoria,Melbourne,Henry Joshi,henry.joshi@deloitte.com,Consulting,Strategy & Operations - Customer Strategy,CC-CON-465,47,1979-01-22,,,Full Time,Active,5,4,5,2,No,No,20, TRUE ,FALSE,FALSE,TRUE,45-54,11+ yrs,Director/Partner,3,Medium
EMP0777,Rahul Patel,rahul.patel@deloitte.com,Male,2002-01-17,,2010-07-13,Yes,25,3,16,Oceania,Australia,Victoria,Melbourne,Liam Martin,liam.martin@deloitte.com,Consulting,Strategy & Operations - Operations Excellence,CC-CON-332,62,1964-04-22,,,Full Time,Active,5,4,2,5,No,No,25, TRUE ,FALSE,FALSE,TRUE,55+,11+ yrs,Director/Partner,3,Medium
EMP0778,Michael Thomas,michael.thomas@deloitte.com,Male,2001-07-28,,2017-10-23,Yes,25,3,9,Oceania,Australia,Queensland,Brisbane,Jessica Thompson,jessica.thompson@deloitte.com,Enabling Areas,Finance - Accounts Payable,CC-ENA-230,52,1973-10-24,,,Full Time,Active,4,5,3,5,No,No,25, TRUE ,FALSE,FALSE,TRUE,45-54,11+ yrs,Director/Partner,2,Low
EMP0779,Lucas King,lucas.king@deloitte.com,Male,2017-03-09,,2025-07-09,Yes,9,2,1,Asia,India,Telangana,Hyderabad,Aisha Tran,aisha.tran@deloitte.com,Audit & Assurance,Risk Advisory - Technology Risk,CC-AUD-232,30,1995-10-26,,,Full Time,Active,3,3,4,5,No,No,9, TRUE ,FALSE,FALSE,TRUE,25-34,6-10 yrs,Manager,0,Low
EMP0780,Isla Taylor,isla.taylor@deloitte.com,Female,2002-01-16,,2007-12-15,Yes,25,2,19,Oceania,Australia,Victoria,Melbourne,David Martin,david.martin@deloitte.com,Audit & Assurance,Risk Advisory - Technology Risk,CC-AUD-462,56,1970-03-24,,,Full Time,Active,4,5,5,3,No,No,25, TRUE ,FALSE,FALSE,TRUE,55+,11+ yrs,Director/Partner,2,Low
EMP0781,Benjamin Kim,benjamin.kim2@deloitte.com,Male,2004-01-08,,,Yes,23,3,23,Oceania,Australia,New South Wales,Sydney,Laura Harris,laura.harris@deloitte.com,Tax & Legal,Legal - Employment Law,CC-TAX-234,61,1964-11-02,,,Contractor,Active,3,5,5,5,No,No,23, TRUE ,FALSE,FALSE,TRUE,55+,11+ yrs,Director/Partner,2,Low
EMP0782,Taylor Harris,taylor.harris@deloitte.com,Non-binary,2004-10-04,,,Yes,22,2,22,Oceania,Australia,Queensland,Brisbane,Isla King,isla.king@deloitte.com,Audit & Assurance,External Audit - Public Sector Audit,CC-AUD-462,53,1972-08-09,,,Full Time,Active,3,3,5,4,No,No,22, TRUE ,FALSE,FALSE,TRUE,45-54,11+ yrs,Director/Partner,2,Low
EMP0783,Casey Singh,casey.singh@deloitte.com,Non-binary,2017-06-23,,,Yes,9,1,9,Oceania,Australia,Victoria,Melbourne,Isla King,isla.king@deloitte.com,Enabling Areas,Technology - IT Operations,CC-ENA-947,62,1963-08-26,,,Full Time,Active,3,4,3,5,No,No,9, TRUE ,FALSE,FALSE,TRUE,55+,6-10 yrs,Manager,2,Low
EMP0784,Nathan Martin,nathan.martin2@deloitte.com,Male,2014-07-13,,2023-08-31,Yes,12,4,3,Oceania,Australia,New South Wales,Sydney,Thomas Iyer,thomas.iyer@deloitte.com,Enabling Areas,Technology - Enterprise Platforms,CC-ENA-164,62,1964-05-14,,,Full Time,Active,3,3,4,3,No,No,12, TRUE ,FALSE,FALSE,TRUE,55+,11+ yrs,Senior Manager,0,Low
EMP0785,Isla Clark,isla.clark@deloitte.com,Female,2003-01-07,,2006-09-27,Yes,24,4,20,Oceania,Australia,New South Wales,Sydney,Jacob Kim,jacob.kim@deloitte.com,Consulting,Strategy & Operations - Customer Strategy,CC-CON-484,61,1965-07-04,,,Full Time,Active,4,3,3,4,No,No,24, TRUE ,FALSE,FALSE,TRUE,55+,11+ yrs,Director/Partner,2,Low
EMP0786,Sophie Taylor,sophie.taylor@deloitte.com,Female,2006-02-24,,,Yes,20,4,20,Oceania,Australia,Queensland,Brisbane,Mia Hall,mia.hall@deloitte.com,Tax & Legal,Business Tax - Corporate Tax,CC-TAX-685,51,1974-08-01,,,Full Time,Active,3,4,5,4,No,No,20, TRUE ,FALSE,FALSE,TRUE,45-54,11+ yrs,Director/Partner,2,Low
EMP0787,Hannah Mehta,hannah.mehta@deloitte.com,Female,2025-05-28,,,Yes,1,0,1,Oceania,Australia,Victoria,Melbourne,Mia King,mia.king@deloitte.com,Enabling Areas,People & Culture - Learning & Development,CC-ENA-447,46,1979-08-19,,,Contractor,Active,4,5,4,3,No,No,1, TRUE ,FALSE,FALSE,FALSE,45-54,1-2 yrs,Analyst,0,Low
EMP0788,Rahul King,rahul.king@deloitte.com,Male,2025-08-23,,,Yes,1,0,1,Asia,India,Karnataka,Bengaluru,Mia Wong,mia.wong@deloitte.com,Tax & Legal,Business Tax - Corporate Tax,CC-TAX-227,61,1964-11-15,,,Contractor,Active,3,2,4,3,No,No,1, TRUE ,FALSE,TRUE,FALSE,55+,1-2 yrs,Analyst,2,Low
EMP0789,Ananya Tran,ananya.tran@deloitte.com,Female,2012-09-07,,,Yes,14,4,14,Oceania,Australia,New South Wales,Sydney,Sarah Tran,sarah.tran@deloitte.com,Enabling Areas,Marketing - Digital Marketing,CC-ENA-404,45,1980-12-18,,,Full Time,Active,4,4,5,5,No,No,14, TRUE ,FALSE,FALSE,TRUE,45-54,11+ yrs,Senior Manager,2,Low
EMP0790,Ivy Lewis,ivy.lewis3@deloitte.com,Female,2019-02-19,2022-12-04,2021-11-27,Yes,4,0,1,Oceania,Australia,New South Wales,Sydney,Amelia Thompson,amelia.thompson@deloitte.com,Enabling Areas,Finance - Accounts Payable,CC-ENA-551,45,1981-01-25,Voluntary,Lack of Career Progression,Full Time,Inactive,1,4,3,2,Yes,Yes,4, FALSE ,TRUE,FALSE,FALSE,45-54,3-5 yrs,Consultant,4,Medium
EMP0791,Matthew Mehta,matthew.mehta@deloitte.com,Male,2024-11-18,,2025-12-14,Yes,2,1,1,Oceania,Australia,Victoria,Melbourne,Hannah Kim,hannah.kim@deloitte.com,Tax & Legal,Legal - Employment Law,CC-TAX-388,21,2004-10-31,,,Full Time,Active,4,3,3,3,No,No,2, TRUE ,FALSE,FALSE,TRUE,<25,1-2 yrs,Consultant,0,Low
EMP0792,Sienna Baker,sienna.baker@deloitte.com,Female,2024-11-25,2025-11-02,,Yes,1,0,1,Oceania,Australia,Western Australia,Perth,Arjun Anderson,arjun.anderson@deloitte.com,Tax & Legal,Legal - Regulatory,CC-TAX-561,35,1991-01-05,Voluntary,Job Not Meeting Expectations,Full Time,Inactive,1,3,2,2,Yes,Yes,1, FALSE ,TRUE,FALSE,FALSE,35-44,1-2 yrs,Analyst,4,Medium
EMP0793,Priya Lee,priya.lee2@deloitte.com,Female,2021-05-25,,,Yes,5,0,5,Oceania,Australia,Victoria,Melbourne,Oliver Hall,oliver.hall@deloitte.com,Consulting,Technology & Transformation - Cyber,CC-CON-556,47,1978-10-05,,,Full Time,Active,2,4,2,3,No,No,5, TRUE ,FALSE,FALSE,FALSE,45-54,3-5 yrs,Manager,6,High
EMP0794,Priya Adams,priya.adams@deloitte.com,Female,2008-08-23,,2016-09-08,Yes,18,4,10,Oceania,Australia,Victoria,Melbourne,Ella Kim,ella.kim@deloitte.com,Enabling Areas,Technology - Enterprise Platforms,CC-ENA-165,54,1972-01-26,,,Full Time,Active,3,4,4,4,No,No,18, TRUE ,FALSE,FALSE,TRUE,45-54,11+ yrs,Director/Partner,2,Low
EMP0795,Ella Reddy,ella.reddy@deloitte.com,Female,2025-06-28,,,Yes,1,0,1,Oceania,Australia,Queensland,Brisbane,Jacob White,jacob.white@deloitte.com,Enabling Areas,People & Culture - People Operations,CC-ENA-540,27,1998-10-09,,,Full Time,Active,5,2,4,3,No,No,1, TRUE ,FALSE,FALSE,FALSE,25-34,1-2 yrs,Analyst,2,Low
EMP0796,Ruby Singh,ruby.singh@deloitte.com,Female,2008-06-26,,2010-11-16,Yes,18,4,16,Asia,India,Telangana,Hyderabad,Charlotte Green,charlotte.green@deloitte.com,Enabling Areas,Finance - Commercial Finance,CC-ENA-858,56,1969-12-31,,,Full Time,Active,2,5,3,3,No,No,18, TRUE ,FALSE,FALSE,TRUE,55+,11+ yrs,Director/Partner,4,Medium
EMP0797,Aisha Young,aisha.young@deloitte.com,Female,2000-11-02,,2019-12-23,Yes,26,3,7,Oceania,Australia,South Australia,Adelaide,Ava Thomas,ava.thomas@deloitte.com,Tax & Legal,Business Tax - Global Employer Services,CC-TAX-981,62,1963-09-25,,,Full Time,Active,3,4,5,2,No,No,26, TRUE ,FALSE,FALSE,TRUE,55+,11+ yrs,Director/Partner,3,Medium
EMP0798,Oliver Tran,oliver.tran@deloitte.com,Male,2002-11-21,,2012-09-14,Yes,24,2,14,Asia,India,Karnataka,Bengaluru,Oliver Hall,oliver.hall@deloitte.com,Audit & Assurance,Risk Advisory - Internal Audit,CC-AUD-500,49,1976-12-25,,,Full Time,Active,3,3,3,5,No,No,24, TRUE ,FALSE,FALSE,TRUE,45-54,11+ yrs,Director/Partner,2,Low
EMP0799,James Lewis,james.lewis@deloitte.com,Male,2022-06-05,,,Yes,4,2,4,Asia,India,Telangana,Hyderabad,Chloe Wilson,chloe.wilson@deloitte.com,Consulting,Technology & Transformation - Data & AI,CC-CON-359,33,1992-10-08,,,Contractor,Active,3,3,4,2,No,No,4, TRUE ,FALSE,FALSE,TRUE,25-34,3-5 yrs,Consultant,3,Medium
EMP0800,Jacob Mehta,jacob.mehta@deloitte.com,Male,2019-08-17,2025-01-26,,Yes,5,2,5,Oceania,Australia,Queensland,Brisbane,Sophie Mehta,sophie.mehta@deloitte.com,Consulting,Technology & Transformation - Data & AI,CC-CON-336,44,1981-08-06,Voluntary,Better Career Opportunity,Contractor,Inactive,3,3,2,2,Yes,Yes,5, FALSE ,TRUE,FALSE,TRUE,35-44,3-5 yrs,Manager,4,Medium
EMP0801,William Wilson,william.wilson@deloitte.com,Male,2021-12-18,,,Yes,5,1,5,Oceania,Australia,Victoria,Melbourne,Oliver Hall,oliver.hall@deloitte.com,Audit & Assurance,Risk Advisory - Technology Risk,CC-AUD-482,29,1997-05-04,,,Full Time,Active,2,4,4,5,No,No,5, TRUE ,FALSE,FALSE,TRUE,25-34,3-5 yrs,Manager,4,Medium
EMP0802,Sienna Wong,sienna.wong@deloitte.com,Female,2021-05-13,,2023-04-26,Yes,5,1,3,Oceania,Australia,Victoria,Melbourne,Michael Clark,michael.clark@deloitte.com,Tax & Legal,Business Tax - Global Employer Services,CC-TAX-993,50,1975-09-22,,,Full Time,Active,5,2,4,4,No,No,5, TRUE ,FALSE,FALSE,TRUE,45-54,3-5 yrs,Manager,2,Low
EMP0803,Georgia Anderson,georgia.anderson@deloitte.com,Female,2018-11-21,,2023-03-25,Yes,8,2,3,Oceania,Australia,Western Australia,Perth,Grace Park,grace.park@deloitte.com,Enabling Areas,Finance - Commercial Finance,CC-ENA-292,32,1993-10-19,,,Full Time,Active,4,4,2,2,No,No,8, TRUE ,FALSE,FALSE,TRUE,25-34,6-10 yrs,Manager,2,Low
EMP0804,Isla Taylor,isla.taylor2@deloitte.com,Female,2021-06-12,2025-06-08,,Yes,4,0,4,Asia,India,Telangana,Hyderabad,Ruby Iyer,ruby.iyer@deloitte.com,Enabling Areas,People & Culture - Learning & Development,CC-ENA-398,28,1998-04-29,Voluntary,No Work-Life Balance,Contractor,Inactive,3,2,4,3,Yes,Yes,4, FALSE ,TRUE,FALSE,FALSE,25-34,3-5 yrs,Consultant,5,Medium
EMP0805,Priya Martin,priya.martin@deloitte.com,Female,2007-09-29,,,Yes,19,4,19,Asia,India,Telangana,Hyderabad,Mia Hall,mia.hall@deloitte.com,Audit & Assurance,External Audit - Consumer Audit,CC-AUD-280,52,1973-09-22,,,Full Time,Active,3,3,5,4,No,No,19, TRUE ,FALSE,FALSE,TRUE,45-54,11+ yrs,Director/Partner,2,Low
EMP0806,Joshua Lewis,joshua.lewis@deloitte.com,Male,2026-02-05,2026-05-20,,No,0,0,0,Oceania,Australia,New South Wales,Sydney,Henry Nguyen,henry.nguyen@deloitte.com,Tax & Legal,Business Tax - Indirect Tax,CC-TAX-575,33,1992-08-01,Voluntary,Dissatisfied with Manager,Full Time,Inactive,1,1,2,3,Yes,Yes,0, FALSE ,TRUE,TRUE,FALSE,25-34,<1 yr,Analyst,5,Medium
EMP0807,Arjun Lewis,arjun.lewis@deloitte.com,Male,2022-04-15,,2025-03-04,Yes,4,1,1,Oceania,Australia,Victoria,Melbourne,Ananya Reddy,ananya.reddy@deloitte.com,Enabling Areas,Marketing - Digital Marketing,CC-ENA-426,64,1962-03-18,,,Full Time,Active,4,2,3,2,No,No,4, TRUE ,FALSE,FALSE,TRUE,55+,3-5 yrs,Consultant,3,Medium
EMP0808,Sienna Nair,sienna.nair@deloitte.com,Female,2005-01-30,,2013-11-05,Yes,22,4,13,Asia,India,Karnataka,Bengaluru,Mia Lee,mia.lee@deloitte.com,Enabling Areas,Finance - Financial Planning,CC-ENA-255,43,1983-05-05,,,Full Time,Active,4,3,4,4,No,No,22, TRUE ,FALSE,FALSE,TRUE,35-44,11+ yrs,Director/Partner,2,Low
EMP0809,Chloe Mehta,chloe.mehta@deloitte.com,Female,2018-04-30,,2020-11-01,Yes,8,4,6,Oceania,Australia,Queensland,Brisbane,Isla Wilson,isla.wilson@deloitte.com,Tax & Legal,Business Tax - Corporate Tax,CC-TAX-309,63,1962-10-18,,,Full Time,Active,4,3,4,5,No,No,8, TRUE ,FALSE,FALSE,TRUE,55+,6-10 yrs,Manager,2,Low
EMP0810,Hannah Wong,hannah.wong@deloitte.com,Female,2013-01-28,,2016-12-21,Yes,14,3,10,Oceania,Australia,Queensland,Brisbane,Lucy Reddy,lucy.reddy@deloitte.com,Consulting,Strategy & Operations - Operations Excellence,CC-CON-651,35,1991-07-27,,,Full Time,Active,3,3,4,3,No,No,14, TRUE ,FALSE,FALSE,TRUE,35-44,11+ yrs,Senior Manager,2,Low
EMP0811,Sienna Smith,sienna.smith@deloitte.com,Female,2018-08-13,,2023-06-23,Yes,8,4,3,Oceania,Australia,South Australia,Adelaide,Samuel Singh,samuel.singh@deloitte.com,Enabling Areas,Marketing - Client Experience,CC-ENA-637,27,1999-05-26,,,Full Time,Active,4,5,4,4,No,No,8, TRUE ,FALSE,FALSE,TRUE,25-34,6-10 yrs,Manager,0,Low
EMP0812,Samuel Nair,samuel.nair@deloitte.com,Male,2021-12-04,,,Yes,5,3,5,Asia,India,Karnataka,Bengaluru,Laura Thomas,laura.thomas@deloitte.com,Audit & Assurance,External Audit - Financial Services Audit,CC-AUD-297,39,1987-02-21,,,Full Time,Active,3,3,2,3,No,No,5, TRUE ,FALSE,FALSE,TRUE,35-44,3-5 yrs,Manager,3,Medium
EMP0813,David Young,david.young@deloitte.com,Male,2024-03-07,,,Yes,2,1,2,Oceania,Australia,Victoria,Melbourne,Michael Chen,michael.chen@deloitte.com,Enabling Areas,Technology - Information Security,CC-ENA-807,28,1997-12-23,,,Full Time,Active,4,4,4,2,No,No,2, TRUE ,FALSE,FALSE,TRUE,25-34,1-2 yrs,Consultant,1,Low
EMP0814,Liam Taylor,liam.taylor@deloitte.com,Male,2018-08-24,,2019-02-28,Yes,8,5,7,Oceania,Australia,New South Wales,Sydney,Charlotte Green,charlotte.green@deloitte.com,Consulting,Technology & Transformation - Enterprise Applications,CC-CON-746,35,1991-03-10,,,Full Time,Active,2,4,3,5,No,No,8, TRUE ,FALSE,FALSE,TRUE,35-44,6-10 yrs,Manager,4,Medium
EMP0815,David Smith,david.smith@deloitte.com,Male,2008-08-08,,,Yes,18,5,18,Oceania,Australia,Queensland,Brisbane,Oliver Hall,oliver.hall@deloitte.com,Enabling Areas,Marketing - Brand & Communications,CC-ENA-978,43,1983-05-11,,,Contractor,Active,3,5,5,3,No,No,18, TRUE ,FALSE,FALSE,TRUE,35-44,11+ yrs,Director/Partner,2,Low
EMP0816,Ethan Kumar,ethan.kumar3@deloitte.com,Male,2009-08-15,,2021-06-15,Yes,17,4,5,Oceania,Australia,South Australia,Adelaide,Emily Singh,emily.singh@deloitte.com,Audit & Assurance,Risk Advisory - Internal Audit,CC-AUD-207,64,1961-11-13,,,Full Time,Active,3,4,5,2,No,No,17, TRUE ,FALSE,FALSE,TRUE,55+,11+ yrs,Senior Manager,3,Medium
EMP0817,Lucas Walker,lucas.walker2@deloitte.com,Male,2007-01-13,,2009-10-01,Yes,20,2,17,Oceania,Australia,New South Wales,Sydney,Charlotte Iyer,charlotte.iyer@deloitte.com,Consulting,Strategy & Operations - Operations Excellence,CC-CON-433,63,1963-04-16,,,Full Time,Active,4,4,5,1,No,No,20, TRUE ,FALSE,FALSE,TRUE,55+,11+ yrs,Director/Partner,3,Medium
EMP0818,Daniel Tran,daniel.tran2@deloitte.com,Male,2001-12-12,,2009-12-06,Yes,25,4,17,Oceania,Australia,Victoria,Melbourne,Mia Lee,mia.lee@deloitte.com,Consulting,Strategy & Operations - Business Transformation,CC-CON-578,45,1980-09-18,,,Full Time,Active,4,5,2,5,No,No,25, TRUE ,FALSE,FALSE,TRUE,45-54,11+ yrs,Director/Partner,3,Medium
EMP0819,Rahul Garcia,rahul.garcia@deloitte.com,Male,2023-12-02,,,Yes,3,0,3,Oceania,Australia,Victoria,Melbourne,Georgia Adams,georgia.adams@deloitte.com,Enabling Areas,Technology - Information Security,CC-ENA-941,47,1979-05-24,,,Full Time,Active,3,3,3,5,No,No,3, TRUE ,FALSE,FALSE,FALSE,45-54,3-5 yrs,Consultant,0,Low
EMP0820,Jack Thompson,jack.thompson@deloitte.com,Male,2012-05-09,,2016-06-28,Yes,14,5,10,Oceania,Australia,Western Australia,Perth,Lucas Taylor,lucas.taylor@deloitte.com,Tax & Legal,Business Tax - Global Employer Services,CC-TAX-982,41,1985-03-18,,,Full Time,Active,4,3,4,2,No,No,14, TRUE ,FALSE,FALSE,TRUE,35-44,11+ yrs,Senior Manager,3,Medium
EMP0821,Rohan Garcia,rohan.garcia@deloitte.com,Male,2023-04-20,,2023-10-20,Yes,3,0,3,Oceania,Australia,New South Wales,Sydney,Mia Nair,mia.nair@deloitte.com,Tax & Legal,Legal - Employment Law,CC-TAX-177,40,1985-09-02,,,Full Time,Active,5,3,4,3,No,No,3, TRUE ,FALSE,FALSE,FALSE,35-44,3-5 yrs,Consultant,0,Low
EMP0822,Aisha Mehta,aisha.mehta@deloitte.com,Female,2018-04-02,,2025-04-06,Yes,8,1,1,Oceania,Australia,Victoria,Melbourne,Adam Garcia,adam.garcia@deloitte.com,Tax & Legal,Business Tax - Global Employer Services,CC-TAX-270,36,1989-12-26,,,Full Time,Active,4,4,3,1,No,No,8, TRUE ,FALSE,FALSE,TRUE,35-44,6-10 yrs,Manager,1,Low
EMP0823,Jack Wilson,jack.wilson@deloitte.com,Male,2016-04-04,2020-10-29,,Yes,5,2,5,Oceania,Australia,Victoria,Melbourne,Isla Sharma,isla.sharma@deloitte.com,Consulting,Technology & Transformation - Data & AI,CC-CON-669,31,1995-02-21,Voluntary,Dissatisfied with Manager,Contractor,Inactive,4,3,1,3,Yes,Yes,5, FALSE ,TRUE,FALSE,TRUE,25-34,3-5 yrs,Manager,3,Medium
EMP0824,Leo White,leo.white@deloitte.com,Male,2018-08-29,2020-05-31,,Yes,2,3,2,Oceania,Australia,New South Wales,Sydney,Michael Clark,michael.clark@deloitte.com,Enabling Areas,People & Culture - People Operations,CC-ENA-990,56,1970-01-25,Involuntary,End of Contract,Contractor,Inactive,3,2,2,4,Yes,Yes,2, FALSE ,TRUE,FALSE,TRUE,55+,1-2 yrs,Consultant,3,Medium
EMP0825,Hannah Lewis,hannah.lewis@deloitte.com,Female,2013-03-13,,2024-06-13,Yes,13,3,2,Asia,India,Telangana,Hyderabad,Hannah Martinez,hannah.martinez@deloitte.com,Consulting,Technology & Transformation - Data & AI,CC-CON-746,49,1977-05-05,,,Full Time,Active,4,3,5,2,No,No,13, TRUE ,FALSE,FALSE,TRUE,45-54,11+ yrs,Senior Manager,1,Low
EMP0826,Lucy Baker,lucy.baker@deloitte.com,Female,2009-10-27,,2016-06-18,Yes,17,2,10,Oceania,Australia,New South Wales,Sydney,Rahul Hall,rahul.hall@deloitte.com,Consulting,Human Capital - People Analytics,CC-CON-906,40,1985-12-08,,,Full Time,Active,4,2,5,4,No,No,17, TRUE ,FALSE,FALSE,TRUE,35-44,11+ yrs,Senior Manager,4,Medium
EMP0827,Kavya Thompson,kavya.thompson2@deloitte.com,Female,2011-02-28,,2011-10-30,Yes,15,5,15,Oceania,Australia,Victoria,Melbourne,Benjamin Singh,benjamin.singh@deloitte.com,Tax & Legal,Legal - Employment Law,CC-TAX-410,41,1985-03-06,,,Full Time,Active,4,4,3,4,No,No,15, TRUE ,FALSE,FALSE,TRUE,35-44,11+ yrs,Senior Manager,2,Low
EMP0828,Arjun Harris,arjun.harris2@deloitte.com,Male,2022-11-19,2023-06-04,,Yes,1,0,1,Asia,India,Telangana,Hyderabad,Henry Joshi,henry.joshi@deloitte.com,Consulting,Strategy & Operations - Business Transformation,CC-CON-503,27,1998-11-27,Involuntary,Probation Not Passed,Full Time,Inactive,1,1,1,4,Yes,Yes,1, FALSE ,TRUE,FALSE,FALSE,25-34,1-2 yrs,Analyst,5,Medium
EMP0829,William Mehta,william.mehta2@deloitte.com,Male,2019-02-03,,2022-05-07,Yes,7,2,4,Oceania,Australia,Victoria,Melbourne,Jacob Kim,jacob.kim@deloitte.com,Tax & Legal,Business Tax - Global Employer Services,CC-TAX-961,52,1973-10-20,,,Full Time,Active,3,4,3,3,No,No,7, TRUE ,FALSE,FALSE,TRUE,45-54,6-10 yrs,Manager,2,Low
EMP0830,Arjun Tran,arjun.tran2@deloitte.com,Male,2004-03-13,2024-10-29,2023-10-16,Yes,21,5,1,Oceania,Australia,Victoria,Melbourne,Chloe Wilson,chloe.wilson@deloitte.com,Tax & Legal,Business Tax - Indirect Tax,CC-TAX-890,44,1982-06-11,Voluntary,Better Salary,Full Time,Inactive,1,2,3,3,Yes,Yes,21, FALSE ,TRUE,FALSE,TRUE,35-44,11+ yrs,Director/Partner,4,Medium
EMP0831,Ananya Garcia,ananya.garcia@deloitte.com,Female,2022-08-16,,,Yes,4,1,4,Oceania,Australia,Victoria,Melbourne,Charlotte Green,charlotte.green@deloitte.com,Consulting,Strategy & Operations - Business Transformation,CC-CON-531,40,1986-07-26,,,Contractor,Active,2,4,4,3,No,No,4, TRUE ,FALSE,FALSE,TRUE,35-44,3-5 yrs,Consultant,4,Medium
EMP0832,Luke Martinez,luke.martinez@deloitte.com,Male,2013-01-02,,,Yes,14,4,14,Oceania,Australia,Victoria,Melbourne,Ryan Garcia,ryan.garcia@deloitte.com,Enabling Areas,Finance - Accounts Payable,CC-ENA-800,32,1994-03-07,,,Full Time,Active,2,3,4,3,No,No,14, TRUE ,FALSE,FALSE,TRUE,25-34,11+ yrs,Senior Manager,4,Medium
EMP0833,Charlotte Young,charlotte.young@deloitte.com,Female,2024-07-14,,2026-06-18,Yes,2,0,0,Asia,India,Telangana,Hyderabad,Benjamin Singh,benjamin.singh@deloitte.com,Consulting,Strategy & Operations - Operations Excellence,CC-CON-553,41,1984-11-24,,,Full Time,Active,4,5,4,3,No,No,2, TRUE ,FALSE,FALSE,FALSE,35-44,1-2 yrs,Consultant,0,Low
EMP0834,Thomas Hall,thomas.hall2@deloitte.com,Male,2013-03-08,,,Yes,13,4,13,Oceania,Australia,New South Wales,Sydney,Meera Martin,meera.martin@deloitte.com,Consulting,Strategy & Operations - Business Transformation,CC-CON-214,34,1992-02-19,,,Full Time,Active,2,4,3,3,No,No,13, TRUE ,FALSE,FALSE,TRUE,25-34,11+ yrs,Senior Manager,4,Medium
EMP0835,Sienna Hall,sienna.hall3@deloitte.com,Female,2015-04-08,,2020-05-08,Yes,11,3,6,Oceania,Australia,Western Australia,Perth,Jack King,jack.king@deloitte.com,Tax & Legal,Legal - Regulatory,CC-TAX-479,64,1962-07-29,,,Full Time,Active,4,4,5,4,No,No,11, TRUE ,FALSE,FALSE,TRUE,55+,11+ yrs,Senior Manager,2,Low
EMP0836,Arjun Park,arjun.park2@deloitte.com,Male,2006-12-20,,,Yes,20,4,20,Oceania,Australia,Queensland,Brisbane,Sienna King,sienna.king@deloitte.com,Consulting,Technology & Transformation - Enterprise Applications,CC-CON-641,43,1983-04-24,,,Contractor,Active,4,4,5,3,No,No,20, TRUE ,FALSE,FALSE,TRUE,35-44,11+ yrs,Director/Partner,2,Low
EMP0837,Ava Sharma,ava.sharma@deloitte.com,Female,2013-06-03,,,Yes,13,3,13,Oceania,Australia,Victoria,Melbourne,Georgia Adams,georgia.adams@deloitte.com,Consulting,Technology & Transformation - Data & AI,CC-CON-843,58,1968-04-27,,,Contractor,Active,3,1,4,3,No,No,13, TRUE ,FALSE,FALSE,TRUE,55+,11+ yrs,Senior Manager,4,Medium
EMP0838,Jessica Martin,jessica.martin@deloitte.com,Female,2021-02-17,,,Yes,5,2,5,Oceania,Australia,Western Australia,Perth,Mia Nair,mia.nair@deloitte.com,Audit & Assurance,External Audit - Consumer Audit,CC-AUD-579,26,2000-05-22,,,Full Time,Active,4,3,3,5,No,No,5, TRUE ,FALSE,FALSE,TRUE,25-34,3-5 yrs,Manager,2,Low
EMP0839,Matthew Young,matthew.young2@deloitte.com,Male,2011-02-05,,2023-09-01,Yes,15,1,3,Oceania,Australia,Queensland,Brisbane,Charlotte Green,charlotte.green@deloitte.com,Audit & Assurance,Risk Advisory - Technology Risk,CC-AUD-864,35,1991-02-08,,,Full Time,Active,4,2,3,4,No,No,15, TRUE ,FALSE,FALSE,TRUE,35-44,11+ yrs,Senior Manager,2,Low
EMP0840,Georgia Wong,georgia.wong2@deloitte.com,Female,2026-06-01,2026-07-28,,No,0,0,0,Oceania,Australia,South Australia,Adelaide,Hannah Martinez,hannah.martinez@deloitte.com,Consulting,Strategy & Operations - Customer Strategy,CC-CON-225,29,1997-05-21,Voluntary,Better Career Opportunity,Full Time,Inactive,1,2,4,2,Yes,Yes,0, FALSE ,TRUE,TRUE,FALSE,25-34,<1 yr,Analyst,5,Medium
EMP0841,Ruby Chen,ruby.chen@deloitte.com,Female,2017-01-02,2022-01-07,2021-05-14,Yes,5,1,1,Oceania,Australia,South Australia,Adelaide,Henry Joshi,henry.joshi@deloitte.com,Consulting,Strategy & Operations - Operations Excellence,CC-CON-657,52,1973-11-14,Voluntary,No Work-Life Balance,Full Time,Inactive,2,2,4,5,Yes,Yes,5, FALSE ,TRUE,FALSE,TRUE,45-54,3-5 yrs,Manager,4,Medium
EMP0842,Emma Sharma,emma.sharma@deloitte.com,Female,2010-09-27,,2013-10-28,Yes,16,5,13,Oceania,Australia,Victoria,Melbourne,Jack King,jack.king@deloitte.com,Audit & Assurance,Risk Advisory - Internal Audit,CC-AUD-286,45,1981-02-09,,,Full Time,Active,4,5,4,3,No,No,16, TRUE ,FALSE,FALSE,TRUE,45-54,11+ yrs,Senior Manager,2,Low
EMP0843,Vikram Gupta,vikram.gupta3@deloitte.com,Male,2024-06-12,,,Yes,2,2,2,Oceania,Australia,Victoria,Melbourne,Lucas Nair,lucas.nair@deloitte.com,Enabling Areas,Technology - Information Security,CC-ENA-309,21,2005-01-23,,,Full Time,Active,3,5,4,3,No,No,2, TRUE ,FALSE,FALSE,TRUE,<25,1-2 yrs,Consultant,0,Low
EMP0844,Noah Singh,noah.singh2@deloitte.com,Male,2017-09-27,,2020-08-18,Yes,9,4,6,Oceania,Australia,New South Wales,Sydney,Ananya Reddy,ananya.reddy@deloitte.com,Tax & Legal,Legal - Regulatory,CC-TAX-377,28,1997-08-20,,,Full Time,Active,4,4,4,4,No,No,9, TRUE ,FALSE,FALSE,TRUE,25-34,6-10 yrs,Manager,2,Low
EMP0845,Luke Brown,luke.brown@deloitte.com,Male,2025-10-18,,,Yes,1,0,1,Asia,India,Karnataka,Bengaluru,Amelia Tran,amelia.tran@deloitte.com,Audit & Assurance,External Audit - Public Sector Audit,CC-AUD-649,57,1969-02-27,,,Full Time,Active,4,3,4,3,No,No,1, TRUE ,FALSE,TRUE,FALSE,55+,1-2 yrs,Analyst,0,Low
EMP0846,Priya Reddy,priya.reddy2@deloitte.com,Female,2019-03-21,,2024-10-18,Yes,7,2,2,Asia,Singapore,Singapore,Singapore,Laura Thomas,laura.thomas@deloitte.com,Consulting,Technology & Transformation - Enterprise Applications,CC-CON-959,28,1998-07-28,,,Full Time,Active,5,3,4,4,No,No,7, TRUE ,FALSE,FALSE,TRUE,25-34,6-10 yrs,Manager,0,Low
EMP0847,Grace Garcia,grace.garcia@deloitte.com,Female,2002-12-01,,2019-07-09,Yes,24,3,7,Oceania,Australia,New South Wales,Sydney,Charlotte Patel,charlotte.patel@deloitte.com,Tax & Legal,Business Tax - Corporate Tax,CC-TAX-834,53,1973-04-25,,,Full Time,Active,1,1,5,5,No,No,24, TRUE ,FALSE,FALSE,TRUE,45-54,11+ yrs,Director/Partner,6,High
EMP0848,Sarah Gupta,sarah.gupta@deloitte.com,Female,2024-11-19,2025-09-15,,Yes,1,0,1,Oceania,Australia,Victoria,Melbourne,Leo Walker,leo.walker@deloitte.com,Consulting,Strategy & Operations - Customer Strategy,CC-CON-464,22,2003-11-04,Voluntary,Relocation,Full Time,Inactive,2,1,2,2,Yes,Yes,1, FALSE ,TRUE,FALSE,FALSE,<25,1-2 yrs,Analyst,6,High
EMP0849,Alexander Green,alexander.green@deloitte.com,Male,2019-10-10,,,Yes,7,1,7,Oceania,Australia,Victoria,Melbourne,Grace Lewis,grace.lewis@deloitte.com,Audit & Assurance,External Audit - Consumer Audit,CC-AUD-657,27,1999-05-17,,,Full Time,Active,5,1,4,4,No,No,7, TRUE ,FALSE,FALSE,TRUE,25-34,6-10 yrs,Manager,4,Medium
EMP0850,Meera Wright,meera.wright2@deloitte.com,Female,2009-03-07,,,Yes,17,2,17,Oceania,Australia,Queensland,Brisbane,Mia Wong,mia.wong@deloitte.com,Audit & Assurance,External Audit - Consumer Audit,CC-AUD-202,57,1969-02-25,,,Full Time,Active,2,4,2,2,No,No,17, TRUE ,FALSE,FALSE,TRUE,55+,11+ yrs,Senior Manager,6,High
EMP0851,Aisha White,aisha.white@deloitte.com,Female,2002-04-03,,2010-05-13,Yes,24,3,16,Oceania,Australia,South Australia,Adelaide,Georgia Adams,georgia.adams@deloitte.com,Enabling Areas,Finance - Financial Planning,CC-ENA-684,45,1980-11-19,,,Full Time,Active,3,3,4,1,No,No,24, TRUE ,FALSE,FALSE,TRUE,45-54,11+ yrs,Director/Partner,3,Medium
EMP0852,Kavya Martinez,kavya.martinez3@deloitte.com,Female,2005-04-19,,2023-09-08,Yes,21,4,3,Oceania,Australia,Victoria,Melbourne,Georgia Clark,georgia.clark@deloitte.com,Consulting,Strategy & Operations - Operations Excellence,CC-CON-275,41,1984-08-16,,,Full Time,Active,3,2,4,3,No,No,21, TRUE ,FALSE,FALSE,TRUE,35-44,11+ yrs,Director/Partner,2,Low
EMP0853,Sarah Nguyen,sarah.nguyen@deloitte.com,Female,2023-11-10,2024-01-04,,No,0,0,0,Oceania,Australia,Victoria,Melbourne,Benjamin Singh,benjamin.singh@deloitte.com,Consulting,Strategy & Operations - Business Transformation,CC-CON-660,25,2001-07-02,Voluntary,Better Career Opportunity,Full Time,Inactive,4,5,3,1,Yes,Yes,0, FALSE ,TRUE,FALSE,FALSE,25-34,<1 yr,Analyst,1,Low
EMP0854,Oscar Hall,oscar.hall@deloitte.com,Male,2009-11-21,,2010-09-23,Yes,17,4,16,Asia,India,Karnataka,Bengaluru,Jacob Kim,jacob.kim@deloitte.com,Consulting,Strategy & Operations - Operations Excellence,CC-CON-412,40,1985-12-29,,,Full Time,Active,4,3,5,5,No,No,17, TRUE ,FALSE,FALSE,TRUE,35-44,11+ yrs,Senior Manager,2,Low
EMP0855,Ava Young,ava.young@deloitte.com,Female,2018-11-14,,2020-10-28,Yes,8,1,6,Oceania,Australia,Victoria,Melbourne,Mia Wong,mia.wong@deloitte.com,Audit & Assurance,Risk Advisory - Internal Audit,CC-AUD-947,64,1961-11-02,,,Full Time,Active,4,4,3,3,No,No,8, TRUE ,FALSE,FALSE,TRUE,55+,6-10 yrs,Manager,2,Low
EMP0856,Zoe Park,zoe.park@deloitte.com,Female,2014-05-04,,,Yes,12,3,12,Oceania,Australia,Victoria,Melbourne,Rohan Gupta,rohan.gupta@deloitte.com,Enabling Areas,Technology - Enterprise Platforms,CC-ENA-669,63,1962-09-26,,,Contractor,Active,4,5,5,4,No,No,12, TRUE ,FALSE,FALSE,TRUE,55+,11+ yrs,Senior Manager,2,Low
EMP0857,Nisha Kumar,nisha.kumar@deloitte.com,Female,2025-03-10,,,Yes,1,0,1,Oceania,Australia,New South Wales,Sydney,Jessica Thompson,jessica.thompson@deloitte.com,Consulting,Human Capital - HR Transformation,CC-CON-734,24,2001-08-05,,,Full Time,Active,5,2,4,1,No,No,1, TRUE ,FALSE,FALSE,FALSE,<25,1-2 yrs,Analyst,3,Medium
EMP0858,Ella Chen,ella.chen@deloitte.com,Female,2024-10-03,,,Yes,2,0,2,Oceania,Australia,New South Wales,Sydney,Chloe Lee,chloe.lee@deloitte.com,Audit & Assurance,External Audit - Financial Services Audit,CC-AUD-687,33,1993-02-18,,,Contractor,Active,5,3,3,2,No,No,2, TRUE ,FALSE,FALSE,FALSE,25-34,1-2 yrs,Consultant,1,Low
EMP0859,Liam Harris,liam.harris2@deloitte.com,Male,2021-01-14,,,Yes,6,4,6,Oceania,Australia,Victoria,Melbourne,Henry Joshi,henry.joshi@deloitte.com,Consulting,Technology & Transformation - Cyber,CC-CON-631,25,2000-10-25,,,Full Time,Active,3,4,4,5,No,No,6, TRUE ,FALSE,FALSE,TRUE,25-34,6-10 yrs,Manager,2,Low
EMP0860,Hannah Martin,hannah.martin2@deloitte.com,Female,2000-02-25,,2004-09-05,Yes,26,3,22,Asia,India,Telangana,Hyderabad,Michael Clark,michael.clark@deloitte.com,Audit & Assurance,External Audit - Financial Services Audit,CC-AUD-801,60,1965-08-03,,,Full Time,Active,4,5,4,4,No,No,26, TRUE ,FALSE,FALSE,TRUE,55+,11+ yrs,Director/Partner,2,Low
EMP0861,Nathan Park,nathan.park@deloitte.com,Male,2002-01-02,,2015-12-18,Yes,25,2,11,Oceania,Australia,New South Wales,Sydney,Adam Mehta,adam.mehta@deloitte.com,Enabling Areas,Finance - Financial Planning,CC-ENA-151,50,1976-06-12,,,Full Time,Active,1,4,5,4,No,No,25, TRUE ,FALSE,FALSE,TRUE,45-54,11+ yrs,Director/Partner,4,Medium
EMP0862,Chloe King,chloe.king2@deloitte.com,Female,2004-05-04,,2025-09-06,Yes,22,4,1,Oceania,Australia,New South Wales,Sydney,Adam Mehta,adam.mehta@deloitte.com,Tax & Legal,Business Tax - Global Employer Services,CC-TAX-924,48,1977-09-30,,,Full Time,Active,3,5,3,3,No,No,22, TRUE ,FALSE,FALSE,TRUE,45-54,11+ yrs,Director/Partner,0,Low
EMP0863,Liam Anderson,liam.anderson2@deloitte.com,Male,2014-07-13,,2025-01-13,Yes,12,3,2,Oceania,Australia,Western Australia,Perth,Nisha Lopez,nisha.lopez@deloitte.com,Enabling Areas,Marketing - Digital Marketing,CC-ENA-251,44,1981-11-13,,,Full Time,Active,4,2,4,3,No,No,12, TRUE ,FALSE,FALSE,TRUE,35-44,11+ yrs,Senior Manager,2,Low
EMP0864,Liam Thompson,liam.thompson2@deloitte.com,Male,2022-09-28,2024-01-26,,Yes,1,0,1,Oceania,Australia,Victoria,Melbourne,Hannah Kim,hannah.kim@deloitte.com,Tax & Legal,Business Tax - Indirect Tax,CC-TAX-368,55,1970-09-16,Voluntary,Other Personal Reasons,Full Time,Inactive,3,4,3,3,Yes,Yes,1, FALSE ,TRUE,FALSE,FALSE,55+,1-2 yrs,Analyst,0,Low
EMP0865,Lucy Hall,lucy.hall@deloitte.com,Female,2001-12-26,2006-04-25,,Yes,4,3,4,Oceania,Australia,New South Wales,Sydney,Jacob Smith,jacob.smith@deloitte.com,Audit & Assurance,Risk Advisory - Internal Audit,CC-AUD-678,43,1983-03-21,Voluntary,Lack of Career Progression,Full Time,Inactive,1,3,4,1,Yes,Yes,4, FALSE ,TRUE,FALSE,TRUE,35-44,3-5 yrs,Consultant,5,Medium
EMP0866,Aisha Brown,aisha.brown@deloitte.com,Female,2021-02-13,,2021-10-11,Yes,5,2,5,Oceania,Australia,New South Wales,Sydney,Jacob White,jacob.white@deloitte.com,Enabling Areas,People & Culture - Learning & Development,CC-ENA-191,24,2001-09-13,,,Full Time,Active,2,4,3,4,No,No,5, TRUE ,FALSE,FALSE,TRUE,<25,3-5 yrs,Manager,4,Medium
EMP0867,Kavya Iyer,kavya.iyer3@deloitte.com,Female,2010-01-24,,,Yes,17,3,17,Oceania,Australia,Queensland,Brisbane,Sienna King,sienna.king@deloitte.com,Audit & Assurance,Risk Advisory - Internal Audit,CC-AUD-324,48,1978-01-14,,,Contractor,Active,5,3,5,1,No,No,17, TRUE ,FALSE,FALSE,TRUE,45-54,11+ yrs,Senior Manager,3,Medium
EMP0868,Arjun King,arjun.king@deloitte.com,Male,2025-11-18,,,Yes,1,0,1,Asia,Singapore,Singapore,Singapore,Leo Walker,leo.walker@deloitte.com,Enabling Areas,Marketing - Client Experience,CC-ENA-273,21,2005-02-04,,,Full Time,Active,3,3,2,4,No,No,1, TRUE ,FALSE,TRUE,FALSE,<25,1-2 yrs,Analyst,1,Low
EMP0869,Benjamin Clark,benjamin.clark@deloitte.com,Male,2000-03-03,,2018-01-15,Yes,26,0,9,Oceania,Australia,Victoria,Melbourne,Ruby Iyer,ruby.iyer@deloitte.com,Enabling Areas,Marketing - Client Experience,CC-ENA-552,46,1980-03-19,,,Full Time,Active,4,5,4,3,No,No,26, TRUE ,FALSE,FALSE,FALSE,45-54,11+ yrs,Director/Partner,3,Medium
EMP0870,Isla Harris,isla.harris2@deloitte.com,Female,2009-04-25,2011-11-02,,Yes,3,1,3,Oceania,Australia,Victoria,Melbourne,Amelia Thompson,amelia.thompson@deloitte.com,Audit & Assurance,Risk Advisory - Technology Risk,CC-AUD-414,58,1967-08-31,Involuntary,Performance Issues,Full Time,Inactive,3,4,4,3,Yes,Yes,3, FALSE ,TRUE,FALSE,TRUE,55+,3-5 yrs,Consultant,0,Low
EMP0871,Oscar Wright,oscar.wright@deloitte.com,Male,2007-05-04,,2016-10-17,Yes,19,3,10,Oceania,Australia,Victoria,Melbourne,Sophie Kumar,sophie.kumar@deloitte.com,Enabling Areas,Finance - Commercial Finance,CC-ENA-663,59,1967-01-30,,,Full Time,Active,2,2,3,5,No,No,19, TRUE ,FALSE,FALSE,TRUE,55+,11+ yrs,Director/Partner,6,High
EMP0872,Olivia Hall,olivia.hall@deloitte.com,Female,2015-05-31,,,Yes,11,3,11,Asia,Singapore,Singapore,Singapore,Emily Singh,emily.singh@deloitte.com,Tax & Legal,Business Tax - Indirect Tax,CC-TAX-967,42,1984-07-12,,,Full Time,Active,2,2,2,2,No,No,11, TRUE ,FALSE,FALSE,TRUE,35-44,11+ yrs,Senior Manager,8,High
EMP0873,Rahul Adams,rahul.adams@deloitte.com,Male,2017-09-30,,2018-07-27,Yes,9,3,8,Oceania,Australia,Victoria,Melbourne,Vikram Green,vikram.green@deloitte.com,Enabling Areas,Finance - Financial Planning,CC-ENA-830,33,1993-07-03,,,Full Time,Active,4,5,3,5,No,No,9, TRUE ,FALSE,FALSE,TRUE,25-34,6-10 yrs,Manager,2,Low
EMP0874,Mia Lewis,mia.lewis2@deloitte.com,Female,2022-05-30,,,Yes,4,3,4,Oceania,Australia,Victoria,Melbourne,Amelia Chen,amelia.chen@deloitte.com,Consulting,Technology & Transformation - Data & AI,CC-CON-868,27,1999-06-01,,,Full Time,Active,4,4,4,3,No,No,4, TRUE ,FALSE,FALSE,TRUE,25-34,3-5 yrs,Consultant,2,Low
EMP0875,Rohan Wilson,rohan.wilson@deloitte.com,Male,2025-12-12,,,Yes,1,0,1,Oceania,Australia,New South Wales,Sydney,Isla Kumar,isla.kumar@deloitte.com,Tax & Legal,Legal - Regulatory,CC-TAX-436,27,1999-06-19,,,Full Time,Active,5,5,4,2,No,No,1, TRUE ,FALSE,TRUE,FALSE,25-34,1-2 yrs,Analyst,1,Low
EMP0876,Arjun Hall,arjun.hall2@deloitte.com,Male,2009-09-27,2013-07-21,,Yes,4,2,4,Oceania,Australia,New South Wales,Sydney,Michael Chen,michael.chen@deloitte.com,Consulting,Strategy & Operations - Business Transformation,CC-CON-579,42,1984-04-28,Voluntary,Organizational Restructure,Full Time,Inactive,1,2,2,3,Yes,Yes,4, FALSE ,TRUE,FALSE,TRUE,35-44,3-5 yrs,Consultant,7,High
EMP0877,William Lewis,william.lewis@deloitte.com,Male,2026-05-19,,,No,0,0,0,Asia,India,Telangana,Hyderabad,Oliver Lee,oliver.lee@deloitte.com,Consulting,Technology & Transformation - Data & AI,CC-CON-917,64,1962-06-02,,,Full Time,Active,3,1,4,4,No,No,0, TRUE ,FALSE,TRUE,FALSE,55+,<1 yr,Analyst,2,Low
EMP0878,Kiran Lee,kiran.lee@deloitte.com,Male,2022-06-29,,2023-09-28,Yes,4,2,3,Oceania,Australia,Queensland,Brisbane,Meera Martin,meera.martin@deloitte.com,Enabling Areas,Marketing - Client Experience,CC-ENA-460,23,2002-08-08,,,Full Time,Active,5,3,4,1,No,No,4, TRUE ,FALSE,FALSE,TRUE,<25,3-5 yrs,Consultant,1,Low
EMP0879,Benjamin Reddy,benjamin.reddy2@deloitte.com,Male,2026-02-17,,,No,0,0,0,Oceania,Australia,Victoria,Melbourne,Lucas Taylor,lucas.taylor@deloitte.com,Consulting,Human Capital - HR Transformation,CC-CON-943,25,2001-03-12,,,Full Time,Active,3,2,4,1,No,No,0, TRUE ,FALSE,TRUE,FALSE,25-34,<1 yr,Analyst,3,Medium
EMP0880,Mia Chen,mia.chen@deloitte.com,Female,2013-02-11,,,Yes,13,3,13,Oceania,Australia,New South Wales,Sydney,Charlotte Patel,charlotte.patel@deloitte.com,Consulting,Technology & Transformation - Enterprise Applications,CC-CON-209,37,1988-10-20,,,Contractor,Active,4,4,5,4,No,No,13, TRUE ,FALSE,FALSE,TRUE,35-44,11+ yrs,Senior Manager,2,Low
EMP0881,Chloe Wilson,chloe.wilson@deloitte.com,Female,2021-12-20,,,Yes,5,0,5,Oceania,Australia,South Australia,Adelaide,Isla Taylor,isla.taylor@deloitte.com,Tax & Legal,Business Tax - Indirect Tax,CC-TAX-663,30,1995-09-21,,,Contractor,Active,2,1,1,2,No,No,5, TRUE ,FALSE,FALSE,FALSE,25-34,3-5 yrs,Manager,9,High
EMP0882,Luke Tran,luke.tran@deloitte.com,Male,2006-12-22,,2016-12-26,Yes,20,4,10,Oceania,Australia,Western Australia,Perth,Nisha Lopez,nisha.lopez@deloitte.com,Consulting,Technology & Transformation - Cyber,CC-CON-888,47,1978-12-11,,,Full Time,Active,2,3,4,4,No,No,20, TRUE ,FALSE,FALSE,TRUE,45-54,11+ yrs,Director/Partner,4,Medium
EMP0883,Hannah Singh,hannah.singh@deloitte.com,Female,2022-09-23,,2023-06-23,Yes,4,0,3,Oceania,Australia,Victoria,Melbourne,Laura Anderson,laura.anderson@deloitte.com,Tax & Legal,Legal - Regulatory,CC-TAX-962,57,1969-04-12,,,Full Time,Active,5,4,4,3,No,No,4, TRUE ,FALSE,FALSE,FALSE,55+,3-5 yrs,Consultant,1,Low
EMP0884,Ananya Anderson,ananya.anderson2@deloitte.com,Female,2001-03-23,2023-09-26,2009-10-29,Yes,23,5,14,Oceania,Australia,Victoria,Melbourne,Jacob Kim,jacob.kim@deloitte.com,Consulting,Technology & Transformation - Data & AI,CC-CON-598,49,1976-09-22,Involuntary,Misconduct,Full Time,Inactive,2,5,3,3,Yes,Yes,23, FALSE ,TRUE,FALSE,TRUE,45-54,11+ yrs,Director/Partner,4,Medium
EMP0885,Georgia Patel,georgia.patel2@deloitte.com,Female,2008-02-14,,2014-06-08,Yes,18,2,12,Oceania,Australia,Victoria,Melbourne,Isla Sharma,isla.sharma@deloitte.com,Tax & Legal,Business Tax - Indirect Tax,CC-TAX-526,50,1976-07-09,,,Full Time,Active,4,2,4,5,No,No,18, TRUE ,FALSE,FALSE,TRUE,45-54,11+ yrs,Director/Partner,4,Medium
EMP0886,William Nguyen,william.nguyen@deloitte.com,Male,2021-11-15,2025-01-11,,Yes,3,1,3,Oceania,Australia,New South Wales,Sydney,Thomas Iyer,thomas.iyer@deloitte.com,Enabling Areas,People & Culture - Learning & Development,CC-ENA-787,25,2001-07-28,Involuntary,Redundancy,Contractor,Inactive,3,4,3,4,Yes,Yes,3, FALSE ,TRUE,FALSE,TRUE,25-34,3-5 yrs,Consultant,0,Low
EMP0887,Priya Singh,priya.singh@deloitte.com,Female,2008-01-25,2019-12-02,,Yes,12,4,12,Asia,India,Karnataka,Bengaluru,Charlotte Iyer,charlotte.iyer@deloitte.com,Enabling Areas,Marketing - Digital Marketing,CC-ENA-895,36,1989-12-11,Voluntary,Job Not Meeting Expectations,Full Time,Inactive,2,1,3,2,Yes,Yes,12, FALSE ,TRUE,FALSE,TRUE,35-44,11+ yrs,Senior Manager,7,High
EMP0888,Amelia Harris,amelia.harris@deloitte.com,Female,2026-04-26,2026-06-28,,No,0,0,0,Oceania,Australia,Victoria,Melbourne,Henry Joshi,henry.joshi@deloitte.com,Audit & Assurance,External Audit - Public Sector Audit,CC-AUD-250,48,1977-09-09,Voluntary,Company Culture,Full Time,Inactive,2,1,1,2,Yes,Yes,0, FALSE ,TRUE,TRUE,FALSE,45-54,<1 yr,Analyst,6,High
EMP0889,Jack Iyer,jack.iyer2@deloitte.com,Male,2019-04-03,,2022-12-26,Yes,7,2,4,Asia,India,Karnataka,Bengaluru,Charlotte Patel,charlotte.patel@deloitte.com,Enabling Areas,People & Culture - Talent Acquisition,CC-ENA-698,31,1994-08-30,,,Full Time,Active,5,3,1,2,No,No,7, TRUE ,FALSE,FALSE,TRUE,25-34,6-10 yrs,Manager,4,Medium
EMP0890,Hannah Kim,hannah.kim@deloitte.com,Female,2024-03-12,,,Yes,2,3,2,Asia,India,Telangana,Hyderabad,Charlotte Wong,charlotte.wong@deloitte.com,Audit & Assurance,External Audit - Consumer Audit,CC-AUD-298,21,2004-09-18,,,Full Time,Active,4,4,5,4,No,No,2, TRUE ,FALSE,FALSE,TRUE,<25,1-2 yrs,Consultant,0,Low
EMP0891,Thomas Garcia,thomas.garcia@deloitte.com,Male,2015-01-02,,2018-08-19,Yes,12,4,8,Oceania,Australia,Victoria,Melbourne,Mia King,mia.king@deloitte.com,Enabling Areas,Finance - Commercial Finance,CC-ENA-105,33,1992-11-15,,,Full Time,Active,4,5,1,3,No,No,12, TRUE ,FALSE,FALSE,TRUE,25-34,11+ yrs,Senior Manager,3,Medium
EMP0892,Leo Taylor,leo.taylor@deloitte.com,Male,2025-05-24,,,Yes,1,0,1,Oceania,Australia,New South Wales,Sydney,Lily Sharma,lily.sharma@deloitte.com,Audit & Assurance,External Audit - Consumer Audit,CC-AUD-327,31,1995-01-27,,,Full Time,Active,3,1,5,4,No,No,1, TRUE ,FALSE,FALSE,FALSE,25-34,1-2 yrs,Analyst,2,Low
EMP0893,Emily Iyer,emily.iyer@deloitte.com,Female,2017-09-21,,2020-01-29,Yes,9,2,7,Oceania,Australia,Western Australia,Perth,Lucas White,lucas.white@deloitte.com,Tax & Legal,Business Tax - Indirect Tax,CC-TAX-840,47,1979-03-20,,,Full Time,Active,1,5,4,4,No,No,9, TRUE ,FALSE,FALSE,TRUE,45-54,6-10 yrs,Manager,4,Medium
EMP0894,Kavya Singh,kavya.singh@deloitte.com,Female,2007-08-11,2023-09-22,,Yes,16,4,16,Oceania,Australia,Victoria,Melbourne,Olivia Iyer,olivia.iyer@deloitte.com,Tax & Legal,Business Tax - Global Employer Services,CC-TAX-133,47,1978-08-12,Voluntary,Better Salary,Full Time,Inactive,2,3,4,3,Yes,Yes,16, FALSE ,TRUE,FALSE,TRUE,45-54,11+ yrs,Senior Manager,4,Medium
EMP0895,Sophie Smith,sophie.smith@deloitte.com,Female,2020-12-05,2023-02-09,,Yes,2,0,2,Oceania,Australia,Victoria,Melbourne,Vikram Martinez,vikram.martinez@deloitte.com,Tax & Legal,Legal - Regulatory,CC-TAX-799,31,1994-12-04,Voluntary,No Work-Life Balance,Full Time,Inactive,4,1,2,2,Yes,Yes,2, FALSE ,TRUE,FALSE,FALSE,25-34,1-2 yrs,Consultant,4,Medium
EMP0896,Henry Lewis,henry.lewis@deloitte.com,Male,2018-07-03,,2019-01-28,Yes,8,1,8,Oceania,Australia,Victoria,Melbourne,Oliver Kim,oliver.kim@deloitte.com,Tax & Legal,Legal - Commercial Advisory,CC-TAX-265,31,1994-12-29,,,Full Time,Active,5,2,4,4,No,No,8, TRUE ,FALSE,FALSE,TRUE,25-34,6-10 yrs,Manager,4,Medium
EMP0897,Lucy Lopez,lucy.lopez@deloitte.com,Female,2006-01-02,2011-07-13,,Yes,6,1,6,Oceania,Australia,Victoria,Melbourne,Chloe Thompson,chloe.thompson@deloitte.com,Enabling Areas,Finance - Commercial Finance,CC-ENA-893,59,1967-06-11,Voluntary,Other Personal Reasons,Contractor,Inactive,4,3,3,4,Yes,Yes,6, FALSE ,TRUE,FALSE,TRUE,55+,6-10 yrs,Manager,2,Low
EMP0898,Meera Joshi,meera.joshi2@deloitte.com,Female,2022-02-14,,,Yes,4,2,4,Asia,India,Telangana,Hyderabad,Jacob White,jacob.white@deloitte.com,Enabling Areas,Technology - Enterprise Platforms,CC-ENA-205,25,2001-07-26,,,Full Time,Active,5,2,1,4,No,No,4, TRUE ,FALSE,FALSE,TRUE,25-34,3-5 yrs,Consultant,5,Medium
EMP0899,Maya Hall,maya.hall@deloitte.com,Female,2024-10-10,,,Yes,2,1,2,Oceania,Australia,Victoria,Melbourne,Charlotte Martin,charlotte.martin@deloitte.com,Audit & Assurance,Risk Advisory - Internal Audit,CC-AUD-110,22,2003-08-03,,,Full Time,Active,3,3,4,2,No,No,2, TRUE ,FALSE,FALSE,TRUE,<25,1-2 yrs,Consultant,1,Low
EMP0900,Jack Adams,jack.adams2@deloitte.com,Male,2009-08-11,,,Yes,17,4,17,Oceania,Australia,Western Australia,Perth,Nisha Lopez,nisha.lopez@deloitte.com,Audit & Assurance,External Audit - Financial Services Audit,CC-AUD-613,36,1990-07-08,,,Full Time,Active,4,4,3,4,No,No,17, TRUE ,FALSE,FALSE,TRUE,35-44,11+ yrs,Senior Manager,2,Low
EMP0901,Lucy Wong,lucy.wong2@deloitte.com,Female,2018-06-02,,2024-12-30,Yes,8,2,2,Asia,Singapore,Singapore,Singapore,Sarah Wright,sarah.wright@deloitte.com,Audit & Assurance,External Audit - Public Sector Audit,CC-AUD-703,28,1998-05-30,,,Full Time,Active,5,3,2,5,No,No,8, TRUE ,FALSE,FALSE,TRUE,25-34,6-10 yrs,Manager,1,Low
EMP0902,James Sharma,james.sharma@deloitte.com,Male,2012-12-31,,,Yes,14,3,14,Oceania,Australia,South Australia,Adelaide,Isla Taylor,isla.taylor@deloitte.com,Audit & Assurance,Risk Advisory - Regulatory Risk,CC-AUD-547,50,1976-05-04,,,Contractor,Active,4,4,3,2,No,No,14, TRUE ,FALSE,FALSE,TRUE,45-54,11+ yrs,Senior Manager,3,Medium
EMP0903,Leo Nair,leo.nair@deloitte.com,Male,2026-03-21,,,No,0,0,0,Oceania,Australia,New South Wales,Sydney,Oliver Lee,oliver.lee@deloitte.com,Audit & Assurance,External Audit - Financial Services Audit,CC-AUD-990,51,1974-10-04,,,Full Time,Active,3,4,4,3,No,No,0, TRUE ,FALSE,TRUE,FALSE,45-54,<1 yr,Analyst,0,Low
EMP0904,Luke Nair,luke.nair@deloitte.com,Male,2023-01-07,,,Yes,4,2,4,Oceania,Australia,Victoria,Melbourne,Ella Kim,ella.kim@deloitte.com,Consulting,Human Capital - Organisation Design,CC-CON-687,31,1995-01-01,,,Full Time,Active,3,1,1,4,No,No,4, TRUE ,FALSE,FALSE,TRUE,25-34,3-5 yrs,Consultant,5,Medium
EMP0905,Sophie Joshi,sophie.joshi3@deloitte.com,Female,2025-05-08,,,Yes,1,0,1,Oceania,Australia,Victoria,Melbourne,Amelia Nair,amelia.nair@deloitte.com,Tax & Legal,Business Tax - Corporate Tax,CC-TAX-834,23,2002-10-08,,,Full Time,Active,3,2,4,2,No,No,1, TRUE ,FALSE,FALSE,FALSE,<25,1-2 yrs,Analyst,3,Medium
EMP0906,Ananya Lewis,ananya.lewis@deloitte.com,Female,2007-12-20,,2010-05-29,Yes,19,3,16,Oceania,Australia,Victoria,Melbourne,Hannah Kim,hannah.kim@deloitte.com,Audit & Assurance,Risk Advisory - Internal Audit,CC-AUD-774,55,1971-06-14,,,Full Time,Active,1,3,3,5,No,No,19, TRUE ,FALSE,FALSE,TRUE,55+,11+ yrs,Director/Partner,4,Medium
EMP0907,Oscar Taylor,oscar.taylor@deloitte.com,Male,2005-10-27,,2014-04-02,Yes,21,5,12,Oceania,Australia,Victoria,Melbourne,Luke Wright,luke.wright@deloitte.com,Enabling Areas,Finance - Financial Planning,CC-ENA-789,51,1975-03-12,,,Full Time,Active,2,5,5,4,No,No,21, TRUE ,FALSE,FALSE,TRUE,45-54,11+ yrs,Director/Partner,4,Medium
EMP0908,Emma Lopez,emma.lopez@deloitte.com,Female,2022-12-12,,2024-07-23,Yes,4,1,2,Oceania,Australia,Western Australia,Perth,Lily Wong,lily.wong@deloitte.com,Audit & Assurance,Risk Advisory - Internal Audit,CC-AUD-774,37,1988-12-23,,,Full Time,Active,5,4,4,3,No,No,4, TRUE ,FALSE,FALSE,TRUE,35-44,3-5 yrs,Consultant,0,Low
EMP0909,Noah Iyer,noah.iyer@deloitte.com,Male,2023-06-23,,2024-09-29,Yes,3,1,2,Oceania,Australia,New South Wales,Sydney,Charlotte Wong,charlotte.wong@deloitte.com,Consulting,Human Capital - Organisation Design,CC-CON-730,34,1991-12-07,,,Full Time,Active,4,3,4,1,No,No,3, TRUE ,FALSE,FALSE,TRUE,25-34,3-5 yrs,Consultant,1,Low
EMP0910,Jessica Hall,jessica.hall@deloitte.com,Female,2011-12-17,2023-03-03,2015-06-19,Yes,11,3,8,Oceania,Australia,Victoria,Melbourne,Amelia Tran,amelia.tran@deloitte.com,Consulting,Technology & Transformation - Enterprise Applications,CC-CON-995,49,1977-01-05,Voluntary,Lack of Career Progression,Full Time,Inactive,2,3,4,1,Yes,Yes,11, FALSE ,TRUE,FALSE,TRUE,45-54,11+ yrs,Senior Manager,5,Medium
EMP0911,Grace Chen,grace.chen2@deloitte.com,Female,2011-12-10,2012-02-04,,No,0,0,0,Oceania,Australia,Victoria,Melbourne,Lily Sharma,lily.sharma@deloitte.com,Enabling Areas,Technology - IT Operations,CC-ENA-428,48,1978-07-28,Involuntary,Redundancy,Full Time,Inactive,4,3,4,1,Yes,Yes,0, FALSE ,TRUE,FALSE,FALSE,45-54,<1 yr,Analyst,1,Low
EMP0912,Noah Adams,noah.adams@deloitte.com,Male,2018-06-01,,2024-10-07,Yes,8,4,2,Oceania,Australia,Western Australia,Perth,Amelia Nair,amelia.nair@deloitte.com,Tax & Legal,Legal - Employment Law,CC-TAX-524,52,1974-06-28,,,Full Time,Active,5,2,5,4,No,No,8, TRUE ,FALSE,FALSE,TRUE,45-54,6-10 yrs,Manager,2,Low
EMP0913,Lucy Anderson,lucy.anderson@deloitte.com,Female,2013-10-23,2022-04-02,,Yes,8,1,8,Oceania,Australia,Queensland,Brisbane,Jessica Thompson,jessica.thompson@deloitte.com,Consulting,Technology & Transformation - Cyber,CC-CON-415,44,1982-07-04,Voluntary,Better Career Opportunity,Contractor,Inactive,2,3,3,4,Yes,Yes,8, FALSE ,TRUE,FALSE,TRUE,35-44,6-10 yrs,Manager,4,Medium
EMP0914,Sienna Iyer,sienna.iyer2@deloitte.com,Female,2026-01-31,,,Yes,1,0,1,Oceania,Australia,New South Wales,Sydney,Leo Kim,leo.kim@deloitte.com,Consulting,Human Capital - HR Transformation,CC-CON-817,23,2003-01-20,,,Full Time,Active,4,5,4,2,No,No,1, TRUE ,FALSE,TRUE,FALSE,<25,1-2 yrs,Analyst,1,Low
EMP0915,Rohan Gupta,rohan.gupta@deloitte.com,Male,2012-08-12,,2023-03-31,Yes,14,5,3,Oceania,Australia,Queensland,Brisbane,Luke Wright,luke.wright@deloitte.com,Consulting,Human Capital - HR Transformation,CC-CON-869,51,1975-05-22,,,Full Time,Active,3,3,3,4,No,No,14, TRUE ,FALSE,FALSE,TRUE,45-54,11+ yrs,Senior Manager,0,Low
EMP0916,Alexander Lopez,alexander.lopez@deloitte.com,Male,2017-12-07,,,Yes,9,0,9,Oceania,Australia,Victoria,Melbourne,David Martin,david.martin@deloitte.com,Enabling Areas,People & Culture - Learning & Development,CC-ENA-763,53,1973-04-04,,,Full Time,Active,5,3,4,2,No,No,9, TRUE ,FALSE,FALSE,FALSE,45-54,6-10 yrs,Manager,4,Medium
EMP0917,Benjamin Joshi,benjamin.joshi@deloitte.com,Male,2024-04-30,,,Yes,2,0,2,Oceania,Australia,New South Wales,Sydney,Laura Thomas,laura.thomas@deloitte.com,Audit & Assurance,External Audit - Public Sector Audit,CC-AUD-680,22,2004-02-25,,,Full Time,Active,5,5,4,4,No,No,2, TRUE ,FALSE,FALSE,FALSE,<25,1-2 yrs,Consultant,0,Low
EMP0918,Priya Young,priya.young@deloitte.com,Female,2011-03-31,,2021-03-22,Yes,15,4,5,Oceania,Australia,Victoria,Melbourne,Meera Wright,meera.wright@deloitte.com,Audit & Assurance,External Audit - Public Sector Audit,CC-AUD-889,35,1991-03-26,,,Full Time,Active,3,3,4,4,No,No,15, TRUE ,FALSE,FALSE,TRUE,35-44,11+ yrs,Senior Manager,2,Low
EMP0919,Jack Baker,jack.baker@deloitte.com,Male,2020-02-19,,2021-05-04,Yes,6,2,5,Oceania,Australia,Queensland,Brisbane,Oliver Hall,oliver.hall@deloitte.com,Tax & Legal,Business Tax - Global Employer Services,CC-TAX-624,43,1983-05-17,,,Full Time,Active,4,3,4,4,No,No,6, TRUE ,FALSE,FALSE,TRUE,35-44,6-10 yrs,Manager,2,Low
EMP0920,Jacob Anderson,jacob.anderson@deloitte.com,Male,2005-01-03,,,Yes,22,5,22,Oceania,Australia,New South Wales,Sydney,William Iyer,william.iyer@deloitte.com,Consulting,Technology & Transformation - Enterprise Applications,CC-CON-766,50,1976-05-02,,,Full Time,Active,5,5,4,4,No,No,22, TRUE ,FALSE,FALSE,TRUE,45-54,11+ yrs,Director/Partner,2,Low
EMP0921,Georgia Lee,georgia.lee@deloitte.com,Female,2018-01-17,,2023-11-16,Yes,9,3,3,Asia,India,Telangana,Hyderabad,Sophie Mehta,sophie.mehta@deloitte.com,Consulting,Strategy & Operations - Customer Strategy,CC-CON-652,26,2000-01-16,,,Full Time,Active,1,4,5,5,No,No,9, TRUE ,FALSE,FALSE,TRUE,25-34,6-10 yrs,Manager,2,Low
EMP0922,Meera Walker,meera.walker@deloitte.com,Female,2018-08-07,,2022-06-12,Yes,8,2,4,Oceania,Australia,Victoria,Melbourne,Adam Chen,adam.chen@deloitte.com,Tax & Legal,Business Tax - Global Employer Services,CC-TAX-762,54,1971-10-24,,,Full Time,Active,4,3,2,4,No,No,8, TRUE ,FALSE,FALSE,TRUE,45-54,6-10 yrs,Manager,3,Medium
EMP0923,Hannah Martin,hannah.martin3@deloitte.com,Female,2004-12-10,,2005-10-13,Yes,22,4,21,Oceania,Australia,Victoria,Melbourne,Mia Garcia,mia.garcia@deloitte.com,Audit & Assurance,Risk Advisory - Technology Risk,CC-AUD-788,59,1967-02-14,,,Full Time,Active,5,3,3,3,No,No,22, TRUE ,FALSE,FALSE,TRUE,55+,11+ yrs,Director/Partner,2,Low
EMP0924,Samuel Clark,samuel.clark2@deloitte.com,Male,2014-12-25,,,Yes,12,2,12,Asia,India,Karnataka,Bengaluru,Matthew Lewis,matthew.lewis@deloitte.com,Tax & Legal,Business Tax - Global Employer Services,CC-TAX-997,62,1963-12-08,,,Contractor,Active,3,3,1,2,No,No,12, TRUE ,FALSE,FALSE,TRUE,55+,11+ yrs,Senior Manager,4,Medium
EMP0925,Henry Mehta,henry.mehta2@deloitte.com,Male,2000-05-26,,2019-01-23,Yes,26,3,8,Oceania,Australia,New South Wales,Sydney,Oliver Kim,oliver.kim@deloitte.com,Tax & Legal,Business Tax - Indirect Tax,CC-TAX-425,44,1981-12-06,,,Full Time,Active,2,4,4,1,No,No,26, TRUE ,FALSE,FALSE,TRUE,35-44,11+ yrs,Director/Partner,5,Medium
EMP0926,Ruby Iyer,ruby.iyer2@deloitte.com,Female,2024-03-06,,,Yes,2,0,2,Oceania,Australia,South Australia,Adelaide,Amelia Thompson,amelia.thompson@deloitte.com,Audit & Assurance,External Audit - Consumer Audit,CC-AUD-995,37,1989-04-14,,,Full Time,Active,4,3,4,4,No,No,2, TRUE ,FALSE,FALSE,FALSE,35-44,1-2 yrs,Consultant,0,Low
EMP0927,Ruby Nair,ruby.nair@deloitte.com,Female,2008-11-11,,2018-05-26,Yes,18,4,8,Oceania,Australia,Victoria,Melbourne,Olivia Iyer,olivia.iyer@deloitte.com,Tax & Legal,Legal - Regulatory,CC-TAX-278,47,1978-10-17,,,Contractor,Active,2,2,3,4,No,No,18, TRUE ,FALSE,FALSE,TRUE,45-54,11+ yrs,Director/Partner,6,High
EMP0928,Sophie Gupta,sophie.gupta2@deloitte.com,Female,2005-10-11,,2016-06-11,Yes,21,4,10,Oceania,Australia,Queensland,Brisbane,Lucas White,lucas.white@deloitte.com,Audit & Assurance,External Audit - Financial Services Audit,CC-AUD-428,57,1969-06-14,,,Full Time,Active,4,4,5,3,No,No,21, TRUE ,FALSE,FALSE,TRUE,55+,11+ yrs,Director/Partner,2,Low
EMP0929,Alexander Tran,alexander.tran@deloitte.com,Male,2008-05-26,,2011-08-13,Yes,18,3,15,Asia,India,Telangana,Hyderabad,Benjamin Garcia,benjamin.garcia@deloitte.com,Audit & Assurance,External Audit - Consumer Audit,CC-AUD-304,49,1977-06-09,,,Full Time,Active,4,4,5,4,No,No,18, TRUE ,FALSE,FALSE,TRUE,45-54,11+ yrs,Director/Partner,2,Low
EMP0930,Emily Nair,emily.nair@deloitte.com,Female,2022-08-21,2022-12-30,,No,0,0,0,Asia,India,Karnataka,Bengaluru,Meera Martin,meera.martin@deloitte.com,Tax & Legal,Business Tax - Corporate Tax,CC-TAX-991,21,2004-08-16,Voluntary,Dissatisfied with Manager,Contractor,Inactive,2,4,2,2,Yes,Yes,0, FALSE ,TRUE,FALSE,FALSE,<25,<1 yr,Analyst,4,Medium
EMP0931,Oscar Wong,oscar.wong@deloitte.com,Male,2001-06-27,,2019-03-12,Yes,25,4,7,Oceania,Australia,Victoria,Melbourne,Mia Nair,mia.nair@deloitte.com,Audit & Assurance,External Audit - Public Sector Audit,CC-AUD-287,51,1974-10-07,,,Full Time,Active,3,5,1,5,No,No,25, TRUE ,FALSE,FALSE,TRUE,45-54,11+ yrs,Director/Partner,3,Medium
EMP0932,Jamie Martinez,jamie.martinez@deloitte.com,Non-binary,2020-05-14,,2021-03-29,Yes,6,2,5,Oceania,Australia,New South Wales,Sydney,Nathan Sharma,nathan.sharma@deloitte.com,Audit & Assurance,External Audit - Consumer Audit,CC-AUD-730,27,1999-06-15,,,Full Time,Active,3,2,4,4,No,No,6, TRUE ,FALSE,FALSE,TRUE,25-34,6-10 yrs,Manager,4,Medium
EMP0933,William Baker,william.baker@deloitte.com,Male,2024-05-23,,,Yes,2,0,2,Oceania,Australia,Queensland,Brisbane,Charlotte Adams,charlotte.adams@deloitte.com,Enabling Areas,People & Culture - Talent Acquisition,CC-ENA-153,21,2005-01-06,,,Full Time,Active,4,4,4,2,No,No,2, TRUE ,FALSE,FALSE,FALSE,<25,1-2 yrs,Consultant,1,Low
EMP0934,Riley Taylor,riley.taylor@deloitte.com,Non-binary,2011-02-01,,2012-08-02,Yes,15,4,14,Oceania,Australia,Victoria,Melbourne,Laura Harris,laura.harris@deloitte.com,Enabling Areas,Finance - Financial Planning,CC-ENA-570,35,1991-03-03,,,Full Time,Active,2,3,3,3,No,No,15, TRUE ,FALSE,FALSE,TRUE,35-44,11+ yrs,Senior Manager,4,Medium
EMP0935,Morgan Joshi,morgan.joshi@deloitte.com,Non-binary,2018-12-30,,2024-06-19,Yes,8,1,2,Oceania,Australia,Victoria,Melbourne,Lucy Reddy,lucy.reddy@deloitte.com,Consulting,Strategy & Operations - Operations Excellence,CC-CON-523,39,1987-05-09,,,Full Time,Active,3,4,4,4,No,No,8, TRUE ,FALSE,FALSE,TRUE,35-44,6-10 yrs,Manager,0,Low
EMP0936,Luke Kim,luke.kim2@deloitte.com,Male,2022-05-16,,2025-11-18,Yes,4,2,1,Oceania,Australia,Queensland,Brisbane,Ruby Iyer,ruby.iyer@deloitte.com,Tax & Legal,Business Tax - Indirect Tax,CC-TAX-454,43,1982-09-15,,,Full Time,Active,4,2,4,2,No,No,4, TRUE ,FALSE,FALSE,TRUE,35-44,3-5 yrs,Consultant,3,Medium
EMP0937,Kiran Wright,kiran.wright@deloitte.com,Male,2015-03-28,,2026-01-24,Yes,11,3,1,Oceania,Australia,Queensland,Brisbane,Sienna King,sienna.king@deloitte.com,Consulting,Strategy & Operations - Operations Excellence,CC-CON-426,38,1988-06-13,,,Full Time,Active,5,2,3,1,No,No,11, TRUE ,FALSE,FALSE,TRUE,35-44,11+ yrs,Senior Manager,3,Medium
EMP0938,Ethan Wong,ethan.wong@deloitte.com,Male,2015-08-24,2018-01-26,,Yes,2,0,2,Oceania,Australia,New South Wales,Sydney,Luke Wright,luke.wright@deloitte.com,Enabling Areas,Technology - Information Security,CC-ENA-810,30,1995-10-31,Voluntary,Better Salary,Full Time,Inactive,3,3,3,1,Yes,Yes,2, FALSE ,TRUE,FALSE,FALSE,25-34,1-2 yrs,Consultant,1,Low
EMP0939,Sienna Kumar,sienna.kumar@deloitte.com,Female,2015-05-07,,2018-06-29,Yes,11,3,8,Oceania,Australia,New South Wales,Sydney,Adam Mehta,adam.mehta@deloitte.com,Consulting,Strategy & Operations - Customer Strategy,CC-CON-154,39,1987-07-21,,,Full Time,Active,4,5,4,3,No,No,11, TRUE ,FALSE,FALSE,TRUE,35-44,11+ yrs,Senior Manager,2,Low
EMP0940,David Nguyen,david.nguyen@deloitte.com,Male,2022-05-07,,2026-04-15,Yes,4,1,0,Asia,India,Telangana,Hyderabad,Leo Walker,leo.walker@deloitte.com,Consulting,Technology & Transformation - Cyber,CC-CON-976,23,2003-06-02,,,Full Time,Active,5,4,3,2,No,No,4, TRUE ,FALSE,FALSE,TRUE,<25,3-5 yrs,Consultant,1,Low
EMP0941,David Sharma,david.sharma@deloitte.com,Male,2015-05-20,,2017-03-18,Yes,11,2,9,Oceania,Australia,Queensland,Brisbane,Oliver Hall,oliver.hall@deloitte.com,Audit & Assurance,External Audit - Consumer Audit,CC-AUD-331,56,1969-08-25,,,Full Time,Active,4,4,1,3,No,No,11, TRUE ,FALSE,FALSE,TRUE,55+,11+ yrs,Senior Manager,3,Medium
EMP0942,Ruby Green,ruby.green@deloitte.com,Female,2021-07-13,,,Yes,5,2,5,Oceania,Australia,New South Wales,Sydney,Jacob Smith,jacob.smith@deloitte.com,Tax & Legal,Legal - Regulatory,CC-TAX-175,39,1987-04-03,,,Full Time,Active,5,4,4,4,No,No,5, TRUE ,FALSE,FALSE,TRUE,35-44,3-5 yrs,Manager,2,Low
EMP0943,Maya Tran,maya.tran@deloitte.com,Female,2005-12-07,2013-05-05,,Yes,7,2,7,Oceania,Australia,New South Wales,Sydney,Lucas Taylor,lucas.taylor@deloitte.com,Tax & Legal,Business Tax - Corporate Tax,CC-TAX-482,45,1981-02-25,Voluntary,Lack of Career Progression,Contractor,Inactive,3,3,3,2,Yes,Yes,7, FALSE ,TRUE,FALSE,TRUE,45-54,6-10 yrs,Manager,3,Medium
EMP0944,Chloe Wilson,chloe.wilson2@deloitte.com,Female,2010-09-15,2011-10-10,,Yes,1,0,1,Oceania,Australia,Queensland,Brisbane,Lucas White,lucas.white@deloitte.com,Consulting,Technology & Transformation - Data & AI,CC-CON-700,46,1980-02-19,Voluntary,Better Salary,Full Time,Inactive,1,1,1,4,Yes,Yes,1, FALSE ,TRUE,FALSE,FALSE,45-54,1-2 yrs,Analyst,5,Medium
EMP0945,Amelia Sharma,amelia.sharma@deloitte.com,Female,2018-01-07,,2023-10-02,Yes,9,1,3,Asia,Singapore,Singapore,Singapore,Chloe Lee,chloe.lee@deloitte.com,Consulting,Strategy & Operations - Customer Strategy,CC-CON-646,31,1995-07-19,,,Full Time,Active,4,2,5,3,No,No,9, TRUE ,FALSE,FALSE,TRUE,25-34,6-10 yrs,Manager,2,Low
EMP0946,Daniel Baker,daniel.baker2@deloitte.com,Male,2011-07-25,,2015-02-16,Yes,15,5,11,Asia,India,Karnataka,Bengaluru,Charlotte Patel,charlotte.patel@deloitte.com,Consulting,Technology & Transformation - Cyber,CC-CON-116,63,1963-01-12,,,Full Time,Active,4,2,4,3,No,No,15, TRUE ,FALSE,FALSE,TRUE,55+,11+ yrs,Senior Manager,4,Medium
EMP0947,Michael Young,michael.young@deloitte.com,Male,2022-01-21,,2023-06-28,Yes,5,1,3,Oceania,Australia,Victoria,Melbourne,Jessica Chen,jessica.chen@deloitte.com,Enabling Areas,People & Culture - Talent Acquisition,CC-ENA-931,39,1986-12-23,,,Full Time,Active,3,4,5,3,No,No,5, TRUE ,FALSE,FALSE,TRUE,35-44,3-5 yrs,Manager,0,Low
EMP0948,Nisha Smith,nisha.smith@deloitte.com,Female,2024-07-26,,,Yes,2,0,2,Oceania,Australia,New South Wales,Sydney,Ruby Iyer,ruby.iyer@deloitte.com,Tax & Legal,Business Tax - Global Employer Services,CC-TAX-104,39,1987-03-18,,,Full Time,Active,2,3,4,5,No,No,2, TRUE ,FALSE,FALSE,FALSE,35-44,1-2 yrs,Consultant,2,Low
EMP0949,Maya White,maya.white2@deloitte.com,Female,2005-08-01,,2008-12-19,Yes,21,5,18,Oceania,Australia,New South Wales,Sydney,Henry Joshi,henry.joshi@deloitte.com,Enabling Areas,Technology - Information Security,CC-ENA-863,41,1985-03-05,,,Full Time,Active,3,2,5,4,No,No,21, TRUE ,FALSE,FALSE,TRUE,35-44,11+ yrs,Director/Partner,4,Medium
EMP0950,Avery Garcia,avery.garcia@deloitte.com,Non-binary,2025-03-06,,2026-07-28,Yes,1,0,0,Oceania,Australia,Victoria,Melbourne,Meera Wright,meera.wright@deloitte.com,Enabling Areas,Finance - Accounts Payable,CC-ENA-438,24,2002-01-11,,,Full Time,Active,3,2,3,5,No,No,1, TRUE ,FALSE,FALSE,FALSE,<25,1-2 yrs,Analyst,2,Low
EMP0951,Daniel Wright,daniel.wright2@deloitte.com,Male,2025-02-05,,2026-07-21,Yes,1,0,0,Asia,India,Telangana,Hyderabad,Hannah Martinez,hannah.martinez@deloitte.com,Consulting,Strategy & Operations - Operations Excellence,CC-CON-350,61,1965-07-10,,,Full Time,Active,5,4,2,2,No,No,1, TRUE ,FALSE,FALSE,FALSE,55+,1-2 yrs,Analyst,2,Low
EMP0952,Ananya Iyer,ananya.iyer@deloitte.com,Female,2009-09-25,,2023-10-07,Yes,17,4,3,Oceania,Australia,New South Wales,Sydney,Adam Mehta,adam.mehta@deloitte.com,Consulting,Technology & Transformation - Cyber,CC-CON-236,52,1973-12-02,,,Full Time,Active,3,4,5,5,No,No,17, TRUE ,FALSE,FALSE,TRUE,45-54,11+ yrs,Senior Manager,0,Low
EMP0953,Kiran Kumar,kiran.kumar@deloitte.com,Male,2008-05-19,,,Yes,18,4,18,Oceania,Australia,Victoria,Melbourne,Oscar Lopez,oscar.lopez@deloitte.com,Audit & Assurance,External Audit - Financial Services Audit,CC-AUD-689,60,1966-05-31,,,Full Time,Active,2,4,1,3,No,No,18, TRUE ,FALSE,FALSE,TRUE,55+,11+ yrs,Director/Partner,5,Medium
EMP0954,Lily Clark,lily.clark@deloitte.com,Female,2013-02-27,,2015-03-27,Yes,13,3,11,Oceania,Australia,New South Wales,Sydney,Emily Harris,emily.harris@deloitte.com,Consulting,Human Capital - HR Transformation,CC-CON-806,54,1971-12-21,,,Full Time,Active,3,5,2,5,No,No,13, TRUE ,FALSE,FALSE,TRUE,45-54,11+ yrs,Senior Manager,3,Medium
EMP0955,Hannah Martinez,hannah.martinez@deloitte.com,Female,2009-01-18,,2025-08-12,Yes,18,2,1,Oceania,Australia,Western Australia,Perth,Adam Adams,adam.adams@deloitte.com,Audit & Assurance,External Audit - Consumer Audit,CC-AUD-560,60,1965-09-05,,,Full Time,Active,4,3,5,3,No,No,18, TRUE ,FALSE,FALSE,TRUE,55+,11+ yrs,Director/Partner,0,Low
EMP0956,Alexander Wilson,alexander.wilson@deloitte.com,Male,2013-05-26,2023-06-01,2020-02-26,Yes,10,4,3,Oceania,Australia,Queensland,Brisbane,Meera Martin,meera.martin@deloitte.com,Tax & Legal,Business Tax - Global Employer Services,CC-TAX-394,46,1980-02-22,Voluntary,Better Salary,Full Time,Inactive,1,4,3,3,Yes,Yes,10, FALSE ,TRUE,FALSE,TRUE,45-54,6-10 yrs,Senior Manager,2,Low
EMP0957,Charlotte Iyer,charlotte.iyer2@deloitte.com,Female,2022-09-17,,2026-05-24,Yes,4,1,0,Oceania,Australia,Victoria,Melbourne,Emily Singh,emily.singh@deloitte.com,Audit & Assurance,Risk Advisory - Regulatory Risk,CC-AUD-967,51,1975-02-04,,,Full Time,Active,4,5,5,4,No,No,4, TRUE ,FALSE,FALSE,TRUE,45-54,3-5 yrs,Consultant,0,Low
EMP0958,Ryan Anderson,ryan.anderson2@deloitte.com,Male,2015-06-01,,2018-04-01,Yes,11,1,8,Oceania,Australia,New South Wales,Sydney,Jessica Thompson,jessica.thompson@deloitte.com,Tax & Legal,Business Tax - Indirect Tax,CC-TAX-713,39,1987-05-21,,,Full Time,Active,5,4,1,4,No,No,11, TRUE ,FALSE,FALSE,TRUE,35-44,11+ yrs,Senior Manager,3,Medium
EMP0959,Oscar Patel,oscar.patel@deloitte.com,Male,2026-04-25,,,No,0,0,0,Asia,Singapore,Singapore,Singapore,Lucas Tran,lucas.tran@deloitte.com,Enabling Areas,People & Culture - Talent Acquisition,CC-ENA-203,21,2004-12-23,,,Full Time,Active,3,4,4,5,No,No,0, TRUE ,FALSE,TRUE,FALSE,<25,<1 yr,Analyst,0,Low
EMP0960,Oliver White,oliver.white@deloitte.com,Male,2015-05-13,,2015-11-25,Yes,11,2,11,Asia,India,Telangana,Hyderabad,Oscar Lopez,oscar.lopez@deloitte.com,Audit & Assurance,Risk Advisory - Internal Audit,CC-AUD-407,42,1984-06-11,,,Full Time,Active,3,5,4,3,No,No,11, TRUE ,FALSE,FALSE,TRUE,35-44,11+ yrs,Senior Manager,2,Low
EMP0961,Ryan Lee,ryan.lee@deloitte.com,Male,2023-01-11,,,Yes,4,2,4,Oceania,Australia,Queensland,Brisbane,Charlotte Adams,charlotte.adams@deloitte.com,Tax & Legal,Business Tax - Indirect Tax,CC-TAX-634,52,1973-09-02,,,Full Time,Active,2,4,5,2,No,No,4, TRUE ,FALSE,FALSE,TRUE,45-54,3-5 yrs,Consultant,5,Medium
EMP0962,Matthew Singh,matthew.singh2@deloitte.com,Male,2020-12-21,,2026-05-05,Yes,6,0,0,Oceania,Australia,New South Wales,Sydney,Amelia Thompson,amelia.thompson@deloitte.com,Enabling Areas,Finance - Commercial Finance,CC-ENA-654,46,1980-01-04,,,Full Time,Active,3,1,4,5,No,No,6, TRUE ,FALSE,FALSE,FALSE,45-54,6-10 yrs,Manager,3,Medium
EMP0963,Meera Martin,meera.martin@deloitte.com,Female,2020-12-30,2021-07-19,,Yes,1,0,1,Oceania,Australia,Queensland,Brisbane,Jessica Chen,jessica.chen@deloitte.com,Tax & Legal,Legal - Employment Law,CC-TAX-781,24,2002-05-06,Voluntary,Dissatisfied with Manager,Full Time,Inactive,4,4,1,3,Yes,Yes,1, FALSE ,TRUE,FALSE,FALSE,<25,1-2 yrs,Analyst,1,Low
EMP0964,Kavya Iyer,kavya.iyer4@deloitte.com,Female,2005-09-23,,2023-11-14,Yes,21,2,3,Oceania,Australia,Victoria,Melbourne,Nisha Smith,nisha.smith@deloitte.com,Tax & Legal,Legal - Employment Law,CC-TAX-209,38,1987-08-03,,,Full Time,Active,3,5,5,3,No,No,21, TRUE ,FALSE,FALSE,TRUE,35-44,11+ yrs,Director/Partner,0,Low
EMP0965,Matthew Lopez,matthew.lopez@deloitte.com,Male,2000-03-21,,2024-06-14,Yes,26,5,2,Oceania,Australia,Victoria,Melbourne,Amelia Chen,amelia.chen@deloitte.com,Consulting,Strategy & Operations - Business Transformation,CC-CON-563,51,1974-12-30,,,Full Time,Active,1,3,3,5,No,No,26, TRUE ,FALSE,FALSE,TRUE,45-54,11+ yrs,Director/Partner,2,Low
EMP0966,Lucy Green,lucy.green2@deloitte.com,Female,2025-05-12,2025-07-04,,No,0,0,0,Oceania,Australia,Queensland,Brisbane,Isla Wong,isla.wong@deloitte.com,Tax & Legal,Business Tax - Corporate Tax,CC-TAX-375,30,1995-11-17,Involuntary,Redundancy,Full Time,Inactive,3,1,4,3,Yes,Yes,0, FALSE ,TRUE,FALSE,FALSE,25-34,<1 yr,Analyst,2,Low
EMP0967,Oscar Park,oscar.park2@deloitte.com,Male,2012-03-26,,2017-06-06,Yes,14,4,9,Oceania,Australia,New South Wales,Sydney,Charlotte Martin,charlotte.martin@deloitte.com,Enabling Areas,Marketing - Digital Marketing,CC-ENA-621,52,1973-10-09,,,Full Time,Active,5,1,3,4,No,No,14, TRUE ,FALSE,FALSE,TRUE,45-54,11+ yrs,Senior Manager,4,Medium
EMP0968,Matthew Wright,matthew.wright2@deloitte.com,Male,2015-02-08,,2017-03-03,Yes,11,3,9,Oceania,Australia,Queensland,Brisbane,Laura Thomas,laura.thomas@deloitte.com,Consulting,Technology & Transformation - Data & AI,CC-CON-462,64,1961-08-10,,,Full Time,Active,5,4,4,3,No,No,11, TRUE ,FALSE,FALSE,TRUE,55+,11+ yrs,Senior Manager,2,Low
EMP0969,Ivy Brown,ivy.brown3@deloitte.com,Female,2014-01-01,,2024-05-12,Yes,13,4,2,Asia,India,Karnataka,Bengaluru,Jacob Wilson,jacob.wilson@deloitte.com,Tax & Legal,Business Tax - Global Employer Services,CC-TAX-535,50,1975-11-06,,,Full Time,Active,4,5,4,4,No,No,13, TRUE ,FALSE,FALSE,TRUE,45-54,11+ yrs,Senior Manager,0,Low
EMP0970,Sarah Chen,sarah.chen2@deloitte.com,Female,2019-01-03,,2025-04-07,Yes,8,2,1,Oceania,Australia,Victoria,Melbourne,Sienna King,sienna.king@deloitte.com,Enabling Areas,People & Culture - People Operations,CC-ENA-758,29,1997-06-07,,,Full Time,Active,3,4,4,4,No,No,8, TRUE ,FALSE,FALSE,TRUE,25-34,6-10 yrs,Manager,0,Low
EMP0971,Aisha Nguyen,aisha.nguyen@deloitte.com,Female,2009-12-30,,2010-07-18,Yes,17,5,16,Oceania,Australia,Queensland,Brisbane,Olivia Iyer,olivia.iyer@deloitte.com,Consulting,Strategy & Operations - Business Transformation,CC-CON-579,39,1987-04-22,,,Full Time,Active,4,2,4,5,No,No,17, TRUE ,FALSE,FALSE,TRUE,35-44,11+ yrs,Senior Manager,4,Medium
EMP0972,Oscar Sharma,oscar.sharma@deloitte.com,Male,2018-08-02,,2023-10-16,Yes,8,2,3,Oceania,Australia,Victoria,Melbourne,Mia Nair,mia.nair@deloitte.com,Consulting,Technology & Transformation - Data & AI,CC-CON-333,57,1969-01-07,,,Full Time,Active,4,4,2,4,No,No,8, TRUE ,FALSE,FALSE,TRUE,55+,6-10 yrs,Manager,1,Low
EMP0973,Rohan Patel,rohan.patel2@deloitte.com,Male,2018-09-23,,2025-05-30,Yes,8,3,1,Oceania,Australia,Queensland,Brisbane,Mia King,mia.king@deloitte.com,Enabling Areas,Marketing - Digital Marketing,CC-ENA-421,38,1988-07-31,,,Full Time,Active,3,4,5,5,No,No,8, TRUE ,FALSE,FALSE,TRUE,35-44,6-10 yrs,Manager,0,Low
EMP0974,Ethan Wilson,ethan.wilson@deloitte.com,Male,2020-10-04,,2024-01-08,Yes,6,0,3,Oceania,Australia,Western Australia,Perth,Michael Clark,michael.clark@deloitte.com,Audit & Assurance,Risk Advisory - Regulatory Risk,CC-AUD-315,49,1976-11-16,,,Full Time,Active,4,4,4,3,No,No,6, TRUE ,FALSE,FALSE,FALSE,45-54,6-10 yrs,Manager,1,Low
EMP0975,Emily Brown,emily.brown@deloitte.com,Female,2017-11-17,,2019-08-04,Yes,9,1,7,Oceania,Australia,New South Wales,Sydney,Lily Sharma,lily.sharma@deloitte.com,Consulting,Technology & Transformation - Cyber,CC-CON-762,64,1962-04-03,,,Full Time,Active,4,4,3,4,No,No,9, TRUE ,FALSE,FALSE,TRUE,55+,6-10 yrs,Manager,2,Low
EMP0976,Michael Thompson,michael.thompson2@deloitte.com,Male,2025-03-20,,,Yes,1,1,1,Oceania,Australia,Victoria,Melbourne,Georgia Clark,georgia.clark@deloitte.com,Audit & Assurance,External Audit - Consumer Audit,CC-AUD-666,22,2004-06-28,,,Full Time,Active,4,3,3,4,No,No,1, TRUE ,FALSE,FALSE,TRUE,<25,1-2 yrs,Analyst,0,Low
EMP0977,Joshua Iyer,joshua.iyer2@deloitte.com,Male,2020-05-15,2023-12-31,2023-08-13,Yes,4,0,0,Oceania,Australia,Victoria,Melbourne,Charlotte Green,charlotte.green@deloitte.com,Tax & Legal,Legal - Regulatory,CC-TAX-556,63,1963-01-03,Voluntary,Lack of Learning Opportunities,Contractor,Inactive,1,2,2,1,Yes,Yes,4, FALSE ,TRUE,FALSE,FALSE,55+,3-5 yrs,Consultant,7,High
EMP0978,Emma Wilson,emma.wilson2@deloitte.com,Female,2019-09-26,2021-03-29,,Yes,2,0,2,Oceania,Australia,Western Australia,Perth,Ella Kim,ella.kim@deloitte.com,Tax & Legal,Business Tax - Indirect Tax,CC-TAX-476,64,1962-01-10,Voluntary,Company Culture,Full Time,Inactive,1,3,1,1,Yes,Yes,2, FALSE ,TRUE,FALSE,FALSE,55+,1-2 yrs,Consultant,4,Medium
EMP0979,Nathan Walker,nathan.walker@deloitte.com,Male,2016-09-17,2022-10-20,,Yes,6,1,6,Oceania,Australia,Victoria,Melbourne,Ava Thomas,ava.thomas@deloitte.com,Enabling Areas,Marketing - Client Experience,CC-ENA-557,35,1991-06-28,Voluntary,Organizational Restructure,Contractor,Inactive,3,4,1,3,Yes,Yes,6, FALSE ,TRUE,FALSE,TRUE,35-44,6-10 yrs,Manager,3,Medium
EMP0980,Olivia Wright,olivia.wright@deloitte.com,Female,2025-10-08,2026-03-05,,No,0,0,0,Oceania,Australia,Victoria,Melbourne,Oscar Lopez,oscar.lopez@deloitte.com,Tax & Legal,Legal - Commercial Advisory,CC-TAX-876,47,1979-03-31,Involuntary,End of Contract,Full Time,Inactive,3,3,4,2,Yes,Yes,0, FALSE ,TRUE,TRUE,FALSE,45-54,<1 yr,Analyst,1,Low
EMP0981,Lucy Walker,lucy.walker3@deloitte.com,Female,2010-06-23,,2015-08-23,Yes,16,3,11,Oceania,Australia,Western Australia,Perth,Rahul Hall,rahul.hall@deloitte.com,Audit & Assurance,External Audit - Financial Services Audit,CC-AUD-279,63,1963-03-13,,,Full Time,Active,3,3,5,3,No,No,16, TRUE ,FALSE,FALSE,TRUE,55+,11+ yrs,Senior Manager,2,Low
EMP0982,Samuel Wright,samuel.wright@deloitte.com,Male,2026-02-26,,,No,0,0,0,Oceania,Australia,New South Wales,Sydney,William Lewis,william.lewis@deloitte.com,Consulting,Human Capital - Organisation Design,CC-CON-747,55,1970-12-05,,,Full Time,Active,4,4,4,5,No,No,0, TRUE ,FALSE,TRUE,FALSE,55+,<1 yr,Analyst,0,Low
EMP0983,Ryan Lopez,ryan.lopez@deloitte.com,Male,2016-11-16,,,Yes,10,2,10,Oceania,Australia,Queensland,Brisbane,Ryan Garcia,ryan.garcia@deloitte.com,Consulting,Technology & Transformation - Enterprise Applications,CC-CON-957,28,1998-03-06,,,Full Time,Active,3,4,4,1,No,No,10, TRUE ,FALSE,FALSE,TRUE,25-34,6-10 yrs,Senior Manager,3,Medium
EMP0984,Oscar Kim,oscar.kim@deloitte.com,Male,2021-06-17,,,Yes,5,1,5,Oceania,Australia,Queensland,Brisbane,Vikram Green,vikram.green@deloitte.com,Audit & Assurance,External Audit - Financial Services Audit,CC-AUD-534,34,1992-07-21,,,Full Time,Active,5,4,5,4,No,No,5, TRUE ,FALSE,FALSE,TRUE,25-34,3-5 yrs,Manager,2,Low
EMP0985,Samuel Garcia,samuel.garcia2@deloitte.com,Male,2008-05-24,,2019-01-13,Yes,18,5,8,Oceania,Australia,Victoria,Melbourne,Oscar Lopez,oscar.lopez@deloitte.com,Tax & Legal,Legal - Commercial Advisory,CC-TAX-384,45,1981-07-29,,,Full Time,Active,3,5,1,4,No,No,18, TRUE ,FALSE,FALSE,TRUE,45-54,11+ yrs,Director/Partner,3,Medium
EMP0986,William Hall,william.hall@deloitte.com,Male,2019-08-17,2022-01-18,,Yes,2,0,2,Oceania,Australia,Victoria,Melbourne,Amelia Chen,amelia.chen@deloitte.com,Enabling Areas,People & Culture - Learning & Development,CC-ENA-253,38,1988-06-10,Voluntary,Better Career Opportunity,Full Time,Inactive,3,2,2,2,Yes,Yes,2, FALSE ,TRUE,FALSE,FALSE,35-44,1-2 yrs,Consultant,4,Medium
EMP0987,Oliver Mehta,oliver.mehta3@deloitte.com,Male,2024-06-27,,2026-01-13,Yes,2,0,1,Oceania,Australia,Victoria,Melbourne,Amelia Tran,amelia.tran@deloitte.com,Tax & Legal,Legal - Regulatory,CC-TAX-748,40,1986-02-19,,,Full Time,Active,3,4,3,2,No,No,2, TRUE ,FALSE,FALSE,FALSE,35-44,1-2 yrs,Consultant,1,Low
EMP0988,Vikram Wright,vikram.wright@deloitte.com,Male,2024-10-19,,,Yes,2,0,2,Oceania,Australia,New South Wales,Sydney,Jacob Smith,jacob.smith@deloitte.com,Audit & Assurance,Risk Advisory - Internal Audit,CC-AUD-799,26,1999-12-31,,,Full Time,Active,3,4,4,2,No,No,2, TRUE ,FALSE,FALSE,FALSE,25-34,1-2 yrs,Consultant,1,Low
EMP0989,Henry Park,henry.park@deloitte.com,Male,2025-08-14,,2026-05-13,Yes,1,0,0,Oceania,Australia,Queensland,Brisbane,Laura Harris,laura.harris@deloitte.com,Audit & Assurance,Risk Advisory - Technology Risk,CC-AUD-217,21,2005-01-01,,,Full Time,Active,3,4,4,4,No,No,1, TRUE ,FALSE,TRUE,FALSE,<25,1-2 yrs,Analyst,0,Low
EMP0990,Arjun Young,arjun.young2@deloitte.com,Male,2026-06-22,2026-07-27,,No,0,0,0,Oceania,Australia,New South Wales,Sydney,Olivia Iyer,olivia.iyer@deloitte.com,Consulting,Technology & Transformation - Data & AI,CC-CON-840,25,2000-10-08,Voluntary,Better Career Opportunity,Full Time,Inactive,3,2,2,2,Yes,Yes,0, FALSE ,TRUE,TRUE,FALSE,25-34,<1 yr,Analyst,4,Medium
EMP0991,Aisha Nguyen,aisha.nguyen2@deloitte.com,Female,2007-08-30,,2026-01-22,Yes,19,5,1,Oceania,Australia,New South Wales,Sydney,Liam Martin,liam.martin@deloitte.com,Tax & Legal,Business Tax - Indirect Tax,CC-TAX-879,55,1971-02-28,,,Full Time,Active,4,2,4,4,No,No,19, TRUE ,FALSE,FALSE,TRUE,55+,11+ yrs,Director/Partner,2,Low
EMP0992,Georgia Iyer,georgia.iyer@deloitte.com,Female,2008-11-16,,2015-04-10,Yes,18,4,11,Oceania,Australia,Victoria,Melbourne,Adam Chen,adam.chen@deloitte.com,Enabling Areas,Technology - Information Security,CC-ENA-807,58,1968-07-02,,,Full Time,Active,5,5,1,3,No,No,18, TRUE ,FALSE,FALSE,TRUE,55+,11+ yrs,Director/Partner,3,Medium
EMP0993,James Baker,james.baker@deloitte.com,Male,2019-12-12,2024-08-11,,Yes,5,3,5,Oceania,Australia,Victoria,Melbourne,Nisha Lopez,nisha.lopez@deloitte.com,Enabling Areas,Marketing - Brand & Communications,CC-ENA-310,27,1998-09-19,Voluntary,Better Salary,Full Time,Inactive,4,3,1,4,Yes,Yes,5, FALSE ,TRUE,FALSE,TRUE,25-34,3-5 yrs,Manager,3,Medium
EMP0994,Matthew Thompson,matthew.thompson@deloitte.com,Male,2016-06-13,,2018-01-05,Yes,10,1,9,Oceania,Australia,Victoria,Melbourne,Hannah Hall,hannah.hall@deloitte.com,Tax & Legal,Business Tax - Corporate Tax,CC-TAX-689,32,1994-07-07,,,Full Time,Active,2,3,3,2,No,No,10, TRUE ,FALSE,FALSE,TRUE,25-34,6-10 yrs,Senior Manager,5,Medium
EMP0995,Zoe Young,zoe.young@deloitte.com,Female,2026-04-25,,,No,0,0,0,Oceania,Australia,South Australia,Adelaide,Joshua Taylor,joshua.taylor@deloitte.com,Enabling Areas,Marketing - Brand & Communications,CC-ENA-277,31,1994-12-03,,,Full Time,Active,3,4,4,3,No,No,0, TRUE ,FALSE,TRUE,FALSE,25-34,<1 yr,Analyst,0,Low
EMP0996,Ryan Garcia,ryan.garcia@deloitte.com,Male,2020-07-12,,2026-02-04,Yes,6,1,0,Oceania,Australia,Victoria,Melbourne,Amelia Chen,amelia.chen@deloitte.com,Audit & Assurance,Risk Advisory - Internal Audit,CC-AUD-954,43,1982-12-05,,,Full Time,Active,4,3,3,3,No,No,6, TRUE ,FALSE,FALSE,TRUE,35-44,6-10 yrs,Manager,0,Low
EMP0997,Rahul Sharma,rahul.sharma2@deloitte.com,Male,2011-12-31,,,Yes,15,4,15,Oceania,Australia,New South Wales,Sydney,Ananya Reddy,ananya.reddy@deloitte.com,Tax & Legal,Legal - Employment Law,CC-TAX-324,57,1968-09-03,,,Full Time,Active,3,5,4,2,No,No,15, TRUE ,FALSE,FALSE,TRUE,55+,11+ yrs,Senior Manager,3,Medium
EMP0998,Nathan Green,nathan.green@deloitte.com,Male,2014-04-03,,2023-11-22,Yes,12,3,3,Oceania,Australia,Victoria,Melbourne,Adam Garcia,adam.garcia@deloitte.com,Audit & Assurance,Risk Advisory - Internal Audit,CC-AUD-706,46,1980-03-10,,,Full Time,Active,3,2,4,2,No,No,12, TRUE ,FALSE,FALSE,TRUE,45-54,11+ yrs,Senior Manager,3,Medium
EMP0999,Emma Gupta,emma.gupta2@deloitte.com,Female,2023-09-19,,,Yes,3,0,3,Oceania,Australia,New South Wales,Sydney,Jessica Chen,jessica.chen@deloitte.com,Consulting,Human Capital - Organisation Design,CC-CON-651,33,1993-06-17,,,Contractor,Active,3,4,4,3,No,No,3, TRUE ,FALSE,FALSE,FALSE,25-34,3-5 yrs,Consultant,0,Low
EMP1000,Adam Wong,adam.wong@deloitte.com,Male,2018-08-17,,2024-09-22,Yes,8,2,2,Oceania,Australia,Victoria,Melbourne,Grace Park,grace.park@deloitte.com,Consulting,Human Capital - People Analytics,CC-CON-585,63,1962-09-09,,,Full Time,Active,2,2,4,4,No,No,8, TRUE ,FALSE,FALSE,TRUE,55+,6-10 yrs,Manager,4,Medium
EMP1001,Jack Green,jack.green3@deloitte.com,Male,2019-01-01,,,Yes,8,3,8,Oceania,Australia,Victoria,Melbourne,David Martin,david.martin@deloitte.com,Tax & Legal,Legal - Commercial Advisory,CC-TAX-706,55,1971-06-11,,,Full Time,Active,4,4,4,2,No,No,8, TRUE ,FALSE,FALSE,TRUE,55+,6-10 yrs,Manager,3,Medium
EMP1002,Oscar Walker,oscar.walker2@deloitte.com,Male,2007-05-18,,2016-12-17,Yes,19,3,10,Oceania,Australia,Queensland,Brisbane,Laura Thomas,laura.thomas@deloitte.com,Tax & Legal,Business Tax - Corporate Tax,CC-TAX-504,58,1968-06-20,,,Full Time,Active,5,3,5,2,No,No,19, TRUE ,FALSE,FALSE,TRUE,55+,11+ yrs,Director/Partner,3,Medium
EMP1003,James Gupta,james.gupta@deloitte.com,Male,2025-06-10,,,Yes,1,0,1,Oceania,Australia,Queensland,Brisbane,Ava Thomas,ava.thomas@deloitte.com,Consulting,Human Capital - People Analytics,CC-CON-273,45,1980-12-28,,,Full Time,Active,3,4,1,3,No,No,1, TRUE ,FALSE,FALSE,FALSE,45-54,1-2 yrs,Analyst,1,Low
EMP1004,Matthew Martinez,matthew.martinez@deloitte.com,Male,2007-02-23,2012-04-21,2009-02-28,Yes,5,1,3,Asia,India,Karnataka,Bengaluru,Ella Kim,ella.kim@deloitte.com,Consulting,Human Capital - People Analytics,CC-CON-945,38,1988-05-26,Involuntary,Attendance Issues,Full Time,Inactive,3,4,2,3,Yes,Yes,5, FALSE ,TRUE,FALSE,TRUE,35-44,3-5 yrs,Manager,1,Low
EMP1005,Isla Wright,isla.wright@deloitte.com,Female,2004-08-26,,2021-01-28,Yes,22,4,6,Asia,India,Telangana,Hyderabad,Oliver Hall,oliver.hall@deloitte.com,Consulting,Technology & Transformation - Cyber,CC-CON-675,55,1970-09-16,,,Full Time,Active,5,3,4,2,No,No,22, TRUE ,FALSE,FALSE,TRUE,55+,11+ yrs,Director/Partner,3,Medium
EMP1006,Noah Anderson,noah.anderson@deloitte.com,Male,2001-10-10,,,Yes,25,2,25,Oceania,Australia,Victoria,Melbourne,Mia Hall,mia.hall@deloitte.com,Consulting,Technology & Transformation - Enterprise Applications,CC-CON-302,60,1966-06-05,,,Full Time,Active,2,2,4,5,No,No,25, TRUE ,FALSE,FALSE,TRUE,55+,11+ yrs,Director/Partner,6,High
EMP1007,Ivy Garcia,ivy.garcia2@deloitte.com,Female,2022-12-14,2025-09-23,2025-05-30,Yes,3,1,0,Oceania,Australia,Victoria,Melbourne,Isla King,isla.king@deloitte.com,Tax & Legal,Business Tax - Corporate Tax,CC-TAX-410,27,1998-11-14,Voluntary,Lack of Learning Opportunities,Full Time,Inactive,4,3,1,1,Yes,Yes,3, FALSE ,TRUE,FALSE,TRUE,25-34,3-5 yrs,Consultant,2,Low
EMP1008,Ivy Wong,ivy.wong@deloitte.com,Female,2013-06-01,,,Yes,13,3,13,Oceania,Australia,New South Wales,Sydney,Nisha Smith,nisha.smith@deloitte.com,Tax & Legal,Legal - Commercial Advisory,CC-TAX-719,50,1976-06-19,,,Full Time,Active,2,4,5,1,No,No,13, TRUE ,FALSE,FALSE,TRUE,45-54,11+ yrs,Senior Manager,5,Medium
EMP1009,Thomas Lopez,thomas.lopez@deloitte.com,Male,2020-09-27,,2022-08-18,Yes,6,3,4,Oceania,Australia,Victoria,Melbourne,Ethan Anderson,ethan.anderson@deloitte.com,Audit & Assurance,Risk Advisory - Technology Risk,CC-AUD-520,28,1998-07-03,,,Full Time,Active,4,3,4,3,No,No,6, TRUE ,FALSE,FALSE,TRUE,25-34,6-10 yrs,Manager,2,Low
EMP1010,Amelia Reddy,amelia.reddy@deloitte.com,Female,2016-04-18,,2017-08-18,Yes,10,3,9,Oceania,Australia,Western Australia,Perth,Henry Nguyen,henry.nguyen@deloitte.com,Tax & Legal,Legal - Employment Law,CC-TAX-499,42,1983-10-25,,,Full Time,Active,4,4,5,4,No,No,10, TRUE ,FALSE,FALSE,TRUE,35-44,6-10 yrs,Senior Manager,2,Low
EMP1011,Alex Singh,alex.singh@deloitte.com,Non-binary,2024-06-12,,,Yes,2,0,2,Asia,India,Telangana,Hyderabad,Arjun Anderson,arjun.anderson@deloitte.com,Audit & Assurance,Risk Advisory - Regulatory Risk,CC-AUD-841,27,1999-05-30,,,Full Time,Active,2,2,3,4,No,No,2, TRUE ,FALSE,FALSE,FALSE,25-34,1-2 yrs,Consultant,4,Medium
EMP1012,Ananya Brown,ananya.brown2@deloitte.com,Female,2007-04-14,,2022-06-10,Yes,19,3,4,Oceania,Australia,Queensland,Brisbane,Laura Patel,laura.patel@deloitte.com,Audit & Assurance,Risk Advisory - Technology Risk,CC-AUD-906,37,1989-02-12,,,Full Time,Active,4,3,5,5,No,No,19, TRUE ,FALSE,FALSE,TRUE,35-44,11+ yrs,Director/Partner,2,Low
EMP1013,Emma Gupta,emma.gupta3@deloitte.com,Female,2002-08-24,,,Yes,24,5,24,Oceania,Australia,New South Wales,Sydney,Jacob Wilson,jacob.wilson@deloitte.com,Consulting,Human Capital - Organisation Design,CC-CON-265,47,1979-05-05,,,Full Time,Active,3,2,3,2,No,No,24, TRUE ,FALSE,FALSE,TRUE,45-54,11+ yrs,Director/Partner,5,Medium
EMP1014,Ava Wong,ava.wong2@deloitte.com,Female,2013-07-22,,,Yes,13,5,13,Oceania,Australia,Western Australia,Perth,Amelia Thompson,amelia.thompson@deloitte.com,Enabling Areas,People & Culture - Talent Acquisition,CC-ENA-481,38,1988-03-29,,,Contractor,Active,5,2,2,3,No,No,13, TRUE ,FALSE,FALSE,TRUE,35-44,11+ yrs,Senior Manager,5,Medium
EMP1015,Oscar Patel,oscar.patel2@deloitte.com,Male,2020-12-14,2024-08-22,,Yes,4,2,4,Oceania,Australia,Western Australia,Perth,Jacob Kim,jacob.kim@deloitte.com,Tax & Legal,Legal - Regulatory,CC-TAX-141,33,1993-01-11,Voluntary,Company Culture,Contractor,Inactive,1,2,2,1,Yes,Yes,4, FALSE ,TRUE,FALSE,TRUE,25-34,3-5 yrs,Consultant,8,High
EMP1016,Olivia Sharma,olivia.sharma@deloitte.com,Female,2009-09-21,,2021-08-31,Yes,17,4,5,Oceania,Australia,South Australia,Adelaide,Ryan Garcia,ryan.garcia@deloitte.com,Audit & Assurance,External Audit - Financial Services Audit,CC-AUD-187,36,1990-01-02,,,Full Time,Active,4,4,5,3,No,No,17, TRUE ,FALSE,FALSE,TRUE,35-44,11+ yrs,Senior Manager,2,Low
EMP1017,Lily Reddy,lily.reddy@deloitte.com,Female,2001-02-12,,2006-10-14,Yes,25,3,20,Oceania,Australia,New South Wales,Sydney,Vikram Green,vikram.green@deloitte.com,Enabling Areas,People & Culture - Learning & Development,CC-ENA-933,52,1974-05-14,,,Full Time,Active,3,3,3,3,No,No,25, TRUE ,FALSE,FALSE,TRUE,45-54,11+ yrs,Director/Partner,2,Low
EMP1018,Hannah Adams,hannah.adams@deloitte.com,Female,2023-11-21,,2025-07-22,Yes,3,0,1,Oceania,Australia,Victoria,Melbourne,Rohan Gupta,rohan.gupta@deloitte.com,Enabling Areas,People & Culture - Learning & Development,CC-ENA-168,22,2004-05-05,,,Full Time,Active,4,3,4,3,No,No,3, TRUE ,FALSE,FALSE,FALSE,<25,3-5 yrs,Consultant,0,Low
EMP1019,Amelia Singh,amelia.singh2@deloitte.com,Female,2003-09-21,,2024-12-28,Yes,23,5,2,Oceania,Australia,Victoria,Melbourne,Charlotte Patel,charlotte.patel@deloitte.com,Consulting,Strategy & Operations - Operations Excellence,CC-CON-299,49,1976-08-23,,,Full Time,Active,4,3,4,4,No,No,23, TRUE ,FALSE,FALSE,TRUE,45-54,11+ yrs,Director/Partner,0,Low
EMP1020,Thomas Green,thomas.green2@deloitte.com,Male,2021-07-27,,2026-07-24,Yes,5,2,0,Asia,India,Karnataka,Bengaluru,Samuel Singh,samuel.singh@deloitte.com,Audit & Assurance,Risk Advisory - Regulatory Risk,CC-AUD-104,40,1986-03-24,,,Full Time,Active,4,3,4,2,No,No,5, TRUE ,FALSE,FALSE,TRUE,35-44,3-5 yrs,Manager,1,Low
EMP1021,Priya Sharma,priya.sharma@deloitte.com,Female,2021-08-04,,2023-08-31,Yes,5,2,3,Oceania,Australia,South Australia,Adelaide,Chloe Thompson,chloe.thompson@deloitte.com,Audit & Assurance,Risk Advisory - Technology Risk,CC-AUD-477,36,1990-02-20,,,Full Time,Active,4,3,4,3,No,No,5, TRUE ,FALSE,FALSE,TRUE,35-44,3-5 yrs,Manager,0,Low
EMP1022,Maya Sharma,maya.sharma@deloitte.com,Female,2013-01-21,,,Yes,14,4,14,Oceania,Australia,Victoria,Melbourne,Charlotte Patel,charlotte.patel@deloitte.com,Audit & Assurance,Risk Advisory - Internal Audit,CC-AUD-288,64,1962-06-04,,,Full Time,Active,5,4,4,3,No,No,14, TRUE ,FALSE,FALSE,TRUE,55+,11+ yrs,Senior Manager,2,Low
EMP1023,Olivia Harris,olivia.harris@deloitte.com,Female,2005-11-16,2016-05-13,2014-12-29,Yes,10,2,1,Oceania,Australia,New South Wales,Sydney,Sophie Mehta,sophie.mehta@deloitte.com,Enabling Areas,People & Culture - Learning & Development,CC-ENA-326,59,1966-10-11,Voluntary,Better Career Opportunity,Full Time,Inactive,5,4,4,5,Yes,Yes,10, FALSE ,TRUE,FALSE,TRUE,55+,6-10 yrs,Senior Manager,0,Low
EMP1024,Jessica Reddy,jessica.reddy@deloitte.com,Female,2023-09-04,2024-01-11,,No,0,0,0,Oceania,Australia,Victoria,Melbourne,Henry Joshi,henry.joshi@deloitte.com,Consulting,Technology & Transformation - Cyber,CC-CON-122,21,2004-11-03,Voluntary,Lack of Learning Opportunities,Full Time,Inactive,2,3,2,2,Yes,Yes,0, FALSE ,TRUE,FALSE,FALSE,<25,<1 yr,Analyst,4,Medium
EMP1025,Alexander Tran,alexander.tran2@deloitte.com,Male,2023-06-04,,2025-03-05,Yes,3,0,1,Oceania,Australia,Western Australia,Perth,William Lewis,william.lewis@deloitte.com,Audit & Assurance,External Audit - Public Sector Audit,CC-AUD-339,25,2001-04-21,,,Full Time,Active,2,3,4,3,No,No,3, TRUE ,FALSE,FALSE,FALSE,25-34,3-5 yrs,Consultant,2,Low
EMP1026,Nathan Anderson,nathan.anderson@deloitte.com,Male,2013-06-26,,,Yes,13,3,13,Oceania,Australia,Victoria,Melbourne,Joshua Taylor,joshua.taylor@deloitte.com,Consulting,Technology & Transformation - Cyber,CC-CON-562,39,1987-01-17,,,Full Time,Active,5,3,4,3,No,No,13, TRUE ,FALSE,FALSE,TRUE,35-44,11+ yrs,Senior Manager,2,Low
EMP1027,Sophie Nguyen,sophie.nguyen@deloitte.com,Female,2003-01-01,,2007-05-17,Yes,24,4,19,Oceania,Australia,South Australia,Adelaide,Mia Nair,mia.nair@deloitte.com,Consulting,Technology & Transformation - Data & AI,CC-CON-351,62,1964-03-02,,,Full Time,Active,2,2,4,4,No,No,24, TRUE ,FALSE,FALSE,TRUE,55+,11+ yrs,Director/Partner,6,High
EMP1028,Liam Kumar,liam.kumar@deloitte.com,Male,2019-03-07,,2025-02-14,Yes,7,3,1,Oceania,Australia,Queensland,Brisbane,Thomas Iyer,thomas.iyer@deloitte.com,Tax & Legal,Legal - Employment Law,CC-TAX-325,61,1965-04-02,,,Full Time,Active,5,2,3,2,No,No,7, TRUE ,FALSE,FALSE,TRUE,55+,6-10 yrs,Manager,3,Medium
EMP1029,Ava Wilson,ava.wilson@deloitte.com,Female,2024-06-14,,,Yes,2,0,2,Oceania,Australia,Victoria,Melbourne,Matthew Lewis,matthew.lewis@deloitte.com,Tax & Legal,Legal - Employment Law,CC-TAX-713,22,2003-12-04,,,Full Time,Active,4,4,3,4,No,No,2, TRUE ,FALSE,FALSE,FALSE,<25,1-2 yrs,Consultant,0,Low
EMP1030,Kavya Wong,kavya.wong2@deloitte.com,Female,2017-09-21,,2022-11-04,Yes,9,2,4,Oceania,Australia,Victoria,Melbourne,Isla Kumar,isla.kumar@deloitte.com,Consulting,Human Capital - Organisation Design,CC-CON-991,37,1988-09-22,,,Full Time,Active,1,3,3,4,No,No,9, TRUE ,FALSE,FALSE,TRUE,35-44,6-10 yrs,Manager,4,Medium
EMP1031,Sophie Iyer,sophie.iyer@deloitte.com,Female,2016-07-17,2018-09-04,,Yes,2,0,2,Oceania,Australia,South Australia,Adelaide,Mia Wong,mia.wong@deloitte.com,Enabling Areas,Technology - Enterprise Platforms,CC-ENA-728,49,1976-11-21,Voluntary,Better Salary,Full Time,Inactive,2,2,3,2,Yes,Yes,2, FALSE ,TRUE,FALSE,FALSE,45-54,1-2 yrs,Consultant,5,Medium
EMP1032,Thomas Singh,thomas.singh@deloitte.com,Male,2019-01-15,2019-03-09,,No,0,0,0,Asia,India,Telangana,Hyderabad,Matthew Lewis,matthew.lewis@deloitte.com,Consulting,Human Capital - People Analytics,CC-CON-868,28,1997-08-12,Voluntary,Better Career Opportunity,Full Time,Inactive,2,2,3,3,Yes,Yes,0, FALSE ,TRUE,FALSE,FALSE,25-34,<1 yr,Analyst,4,Medium
EMP1033,Lily Young,lily.young@deloitte.com,Female,2013-07-27,2026-07-23,2023-11-12,Yes,13,1,3,Oceania,Australia,Victoria,Melbourne,Benjamin Singh,benjamin.singh@deloitte.com,Enabling Areas,People & Culture - Learning & Development,CC-ENA-453,37,1989-07-17,Voluntary,Company Culture,Contractor,Inactive,2,3,3,4,Yes,Yes,13, FALSE ,TRUE,FALSE,TRUE,35-44,11+ yrs,Senior Manager,2,Low
EMP1034,Ava Young,ava.young2@deloitte.com,Female,2023-03-08,2025-10-20,,Yes,3,0,3,Oceania,Australia,Queensland,Brisbane,Sarah Wright,sarah.wright@deloitte.com,Audit & Assurance,External Audit - Public Sector Audit,CC-AUD-815,35,1991-06-29,Voluntary,Job Not Meeting Expectations,Full Time,Inactive,1,2,3,2,Yes,Yes,3, FALSE ,TRUE,FALSE,FALSE,35-44,3-5 yrs,Consultant,5,Medium
EMP1035,Chloe Thompson,chloe.thompson@deloitte.com,Female,2008-12-28,2012-03-05,,Yes,3,2,3,Oceania,Australia,Queensland,Brisbane,Adam Garcia,adam.garcia@deloitte.com,Tax & Legal,Business Tax - Indirect Tax,CC-TAX-936,54,1972-03-06,Voluntary,Lack of Career Progression,Full Time,Inactive,2,5,3,2,Yes,Yes,3, FALSE ,TRUE,FALSE,TRUE,45-54,3-5 yrs,Consultant,3,Medium
EMP1036,Maya Lee,maya.lee@deloitte.com,Female,2025-08-26,,,Yes,1,1,1,Oceania,Australia,Queensland,Brisbane,Ryan Garcia,ryan.garcia@deloitte.com,Enabling Areas,Finance - Financial Planning,CC-ENA-675,31,1995-07-20,,,Full Time,Active,5,5,3,4,No,No,1, TRUE ,FALSE,TRUE,TRUE,25-34,1-2 yrs,Analyst,0,Low
EMP1037,Georgia Lewis,georgia.lewis@deloitte.com,Female,2022-03-22,2025-06-18,,Yes,3,1,3,Asia,India,Telangana,Hyderabad,Adam Garcia,adam.garcia@deloitte.com,Enabling Areas,People & Culture - Learning & Development,CC-ENA-453,30,1995-12-12,Voluntary,Company Culture,Full Time,Inactive,1,3,3,3,Yes,Yes,3, FALSE ,TRUE,FALSE,TRUE,25-34,3-5 yrs,Consultant,2,Low
EMP1038,Matthew Wilson,matthew.wilson2@deloitte.com,Male,2019-03-27,,2020-06-10,Yes,7,3,6,Oceania,Australia,New South Wales,Sydney,Isla Sharma,isla.sharma@deloitte.com,Consulting,Human Capital - Organisation Design,CC-CON-761,39,1986-12-09,,,Full Time,Active,3,3,3,3,No,No,7, TRUE ,FALSE,FALSE,TRUE,35-44,6-10 yrs,Manager,2,Low
EMP1039,Laura Smith,laura.smith@deloitte.com,Female,2022-12-03,,,Yes,4,1,4,Oceania,Australia,Queensland,Brisbane,Mia Hall,mia.hall@deloitte.com,Enabling Areas,People & Culture - Learning & Development,CC-ENA-720,27,1999-02-23,,,Contractor,Active,4,4,4,3,No,No,4, TRUE ,FALSE,FALSE,TRUE,25-34,3-5 yrs,Consultant,2,Low
EMP1040,Isla White,isla.white2@deloitte.com,Female,2017-10-02,,,Yes,9,2,9,Oceania,Australia,New South Wales,Sydney,Meera Wright,meera.wright@deloitte.com,Audit & Assurance,External Audit - Financial Services Audit,CC-AUD-523,44,1982-04-22,,,Full Time,Active,2,5,4,5,No,No,9, TRUE ,FALSE,FALSE,TRUE,35-44,6-10 yrs,Manager,4,Medium
EMP1041,Jessica Young,jessica.young@deloitte.com,Female,2011-06-19,,2021-06-02,Yes,15,3,5,Asia,Singapore,Singapore,Singapore,Henry Nguyen,henry.nguyen@deloitte.com,Audit & Assurance,Risk Advisory - Technology Risk,CC-AUD-497,44,1981-11-06,,,Full Time,Active,3,2,4,4,No,No,15, TRUE ,FALSE,FALSE,TRUE,35-44,11+ yrs,Senior Manager,4,Medium
EMP1042,David Wilson,david.wilson@deloitte.com,Male,2023-03-24,,,Yes,3,0,3,Oceania,Australia,Victoria,Melbourne,Laura Anderson,laura.anderson@deloitte.com,Tax & Legal,Business Tax - Corporate Tax,CC-TAX-945,25,2001-07-15,,,Full Time,Active,4,4,3,4,No,No,3, TRUE ,FALSE,FALSE,FALSE,25-34,3-5 yrs,Consultant,0,Low
EMP1043,Henry Wright,henry.wright@deloitte.com,Male,2019-04-23,,2021-03-18,Yes,7,3,5,Oceania,Australia,South Australia,Adelaide,Emily Nguyen,emily.nguyen@deloitte.com,Audit & Assurance,External Audit - Public Sector Audit,CC-AUD-677,41,1984-09-05,,,Full Time,Active,5,2,4,1,No,No,7, TRUE ,FALSE,FALSE,TRUE,35-44,6-10 yrs,Manager,5,Medium
EMP1044,Ivy Hall,ivy.hall@deloitte.com,Female,2021-09-13,,,Yes,5,2,5,Oceania,Australia,Victoria,Melbourne,William Lewis,william.lewis@deloitte.com,Enabling Areas,Marketing - Brand & Communications,CC-ENA-101,56,1969-10-25,,,Full Time,Active,4,2,4,2,No,No,5, TRUE ,FALSE,FALSE,TRUE,55+,3-5 yrs,Manager,5,Medium
EMP1045,Ivy Walker,ivy.walker@deloitte.com,Female,2010-02-07,,2025-10-18,Yes,16,3,1,Oceania,Australia,New South Wales,Sydney,Amelia Chen,amelia.chen@deloitte.com,Consulting,Strategy & Operations - Customer Strategy,CC-CON-537,38,1987-10-12,,,Full Time,Active,5,4,4,3,No,No,16, TRUE ,FALSE,FALSE,TRUE,35-44,11+ yrs,Senior Manager,0,Low
EMP1046,Ruby Lopez,ruby.lopez2@deloitte.com,Female,2017-11-20,,2025-03-10,Yes,9,2,1,Oceania,Australia,Victoria,Melbourne,Charlotte Wong,charlotte.wong@deloitte.com,Tax & Legal,Business Tax - Corporate Tax,CC-TAX-943,48,1978-01-27,,,Full Time,Active,5,5,5,3,No,No,9, TRUE ,FALSE,FALSE,TRUE,45-54,6-10 yrs,Manager,0,Low
EMP1047,Lucas Mehta,lucas.mehta@deloitte.com,Male,2008-03-05,2009-12-17,,Yes,2,2,2,Oceania,Australia,New South Wales,Sydney,Grace Park,grace.park@deloitte.com,Enabling Areas,People & Culture - Talent Acquisition,CC-ENA-442,60,1965-11-11,Voluntary,Job Not Meeting Expectations,Full Time,Inactive,1,3,1,4,Yes,Yes,2, FALSE ,TRUE,FALSE,TRUE,55+,1-2 yrs,Consultant,3,Medium
EMP1048,Ivy Walker,ivy.walker2@deloitte.com,Female,2001-05-18,,2011-03-30,Yes,25,2,15,Asia,India,Karnataka,Bengaluru,Sophie Mehta,sophie.mehta@deloitte.com,Audit & Assurance,Risk Advisory - Internal Audit,CC-AUD-619,47,1978-08-05,,,Full Time,Active,4,3,4,2,No,No,25, TRUE ,FALSE,FALSE,TRUE,45-54,11+ yrs,Director/Partner,3,Medium
EMP1049,Olivia Park,olivia.park@deloitte.com,Female,2025-07-29,,,Yes,1,0,1,Oceania,Australia,Queensland,Brisbane,Vikram Green,vikram.green@deloitte.com,Audit & Assurance,External Audit - Financial Services Audit,CC-AUD-193,46,1980-03-29,,,Full Time,Active,5,5,4,4,No,No,1, TRUE ,FALSE,FALSE,FALSE,45-54,1-2 yrs,Analyst,0,Low
EMP1050,Ananya Walker,ananya.walker@deloitte.com,Female,2013-12-03,,,Yes,13,3,13,Oceania,Australia,Victoria,Melbourne,Ava Thomas,ava.thomas@deloitte.com,Audit & Assurance,External Audit - Public Sector Audit,CC-AUD-500,54,1971-10-12,,,Full Time,Active,4,2,4,3,No,No,13, TRUE ,FALSE,FALSE,TRUE,45-54,11+ yrs,Senior Manager,4,Medium
EMP1051,Isla Garcia,isla.garcia2@deloitte.com,Female,2024-03-31,,,Yes,2,2,2,Oceania,Australia,Western Australia,Perth,Vikram Green,vikram.green@deloitte.com,Tax & Legal,Legal - Regulatory,CC-TAX-322,22,2004-05-13,,,Full Time,Active,3,4,5,3,No,No,2, TRUE ,FALSE,FALSE,TRUE,<25,1-2 yrs,Consultant,0,Low
EMP1052,Lucy Taylor,lucy.taylor@deloitte.com,Female,2026-03-25,,,No,0,1,0,Asia,India,Telangana,Hyderabad,Hannah Hall,hannah.hall@deloitte.com,Consulting,Technology & Transformation - Cyber,CC-CON-759,24,2001-08-20,,,Full Time,Active,5,3,4,3,No,No,0, TRUE ,FALSE,TRUE,TRUE,<25,<1 yr,Analyst,0,Low
EMP1053,Sienna Martinez,sienna.martinez@deloitte.com,Female,2013-07-30,,,Yes,13,3,13,Oceania,Australia,New South Wales,Sydney,Hannah Hall,hannah.hall@deloitte.com,Consulting,Strategy & Operations - Business Transformation,CC-CON-243,32,1994-06-16,,,Full Time,Active,5,4,4,2,No,No,13, TRUE ,FALSE,FALSE,TRUE,25-34,11+ yrs,Senior Manager,3,Medium
EMP1054,Joshua Park,joshua.park@deloitte.com,Male,2024-04-06,,,Yes,2,2,2,Asia,Singapore,Singapore,Singapore,Ava Thomas,ava.thomas@deloitte.com,Tax & Legal,Business Tax - Global Employer Services,CC-TAX-898,40,1986-03-23,,,Full Time,Active,4,1,4,3,No,No,2, TRUE ,FALSE,FALSE,TRUE,35-44,1-2 yrs,Consultant,2,Low
EMP1055,Nisha Lopez,nisha.lopez2@deloitte.com,Female,2006-04-04,,2013-08-31,Yes,20,3,13,Oceania,Australia,New South Wales,Sydney,Hannah Iyer,hannah.iyer@deloitte.com,Consulting,Human Capital - HR Transformation,CC-CON-537,53,1972-12-27,,,Full Time,Active,4,5,4,3,No,No,20, TRUE ,FALSE,FALSE,TRUE,45-54,11+ yrs,Director/Partner,2,Low
EMP1056,William Chen,william.chen2@deloitte.com,Male,2018-05-09,,,Yes,8,2,8,Oceania,Australia,South Australia,Adelaide,Oliver Hall,oliver.hall@deloitte.com,Enabling Areas,Marketing - Brand & Communications,CC-ENA-706,55,1970-11-19,,,Contractor,Active,3,3,4,4,No,No,8, TRUE ,FALSE,FALSE,TRUE,55+,6-10 yrs,Manager,2,Low
EMP1057,Liam Park,liam.park@deloitte.com,Male,2025-08-19,,,Yes,1,0,1,Oceania,Australia,New South Wales,Sydney,Rohan Gupta,rohan.gupta@deloitte.com,Consulting,Human Capital - HR Transformation,CC-CON-694,33,1993-03-18,,,Full Time,Active,4,4,4,2,No,No,1, TRUE ,FALSE,TRUE,FALSE,25-34,1-2 yrs,Analyst,1,Low
EMP1058,Laura Nguyen,laura.nguyen@deloitte.com,Female,2006-10-31,,,Yes,20,3,20,Oceania,Australia,Western Australia,Perth,Hannah Iyer,hannah.iyer@deloitte.com,Tax & Legal,Business Tax - Corporate Tax,CC-TAX-827,51,1975-03-27,,,Full Time,Active,5,3,4,2,No,No,20, TRUE ,FALSE,FALSE,TRUE,45-54,11+ yrs,Director/Partner,3,Medium
EMP1059,Vikram Sharma,vikram.sharma@deloitte.com,Male,2026-02-20,2026-04-26,,No,0,0,0,Oceania,Australia,New South Wales,Sydney,William Iyer,william.iyer@deloitte.com,Consulting,Human Capital - Organisation Design,CC-CON-538,51,1975-05-10,Voluntary,Better Career Opportunity,Full Time,Inactive,1,4,2,1,Yes,Yes,0, FALSE ,TRUE,TRUE,FALSE,45-54,<1 yr,Analyst,4,Medium
EMP1060,James Chen,james.chen2@deloitte.com,Male,2022-01-14,,2023-11-02,Yes,5,2,3,Asia,India,Telangana,Hyderabad,Vikram Martinez,vikram.martinez@deloitte.com,Consulting,Technology & Transformation - Cyber,CC-CON-619,49,1977-05-15,,,Full Time,Active,3,4,4,2,No,No,5, TRUE ,FALSE,FALSE,TRUE,45-54,3-5 yrs,Manager,1,Low
EMP1061,Liam Nair,liam.nair2@deloitte.com,Male,2015-06-17,,2018-01-26,Yes,11,4,9,Asia,India,Telangana,Hyderabad,Chloe Thompson,chloe.thompson@deloitte.com,Enabling Areas,Finance - Financial Planning,CC-ENA-239,63,1963-06-26,,,Full Time,Active,5,4,5,4,No,No,11, TRUE ,FALSE,FALSE,TRUE,55+,11+ yrs,Senior Manager,2,Low
EMP1062,Amelia Park,amelia.park2@deloitte.com,Female,2010-09-24,,2011-10-12,Yes,16,3,15,Oceania,Australia,Western Australia,Perth,Sarah Tran,sarah.tran@deloitte.com,Enabling Areas,Technology - Enterprise Platforms,CC-ENA-794,49,1977-02-03,,,Full Time,Active,4,4,2,3,No,No,16, TRUE ,FALSE,FALSE,TRUE,45-54,11+ yrs,Senior Manager,3,Medium
EMP1063,Jacob Young,jacob.young@deloitte.com,Male,2014-02-08,,2016-01-26,Yes,12,1,11,Oceania,Australia,New South Wales,Sydney,Isla Wong,isla.wong@deloitte.com,Audit & Assurance,Risk Advisory - Regulatory Risk,CC-AUD-303,44,1982-06-27,,,Full Time,Active,4,4,5,4,No,No,12, TRUE ,FALSE,FALSE,TRUE,35-44,11+ yrs,Senior Manager,2,Low
EMP1064,Samuel Kim,samuel.kim2@deloitte.com,Male,2007-03-06,,2016-06-14,Yes,19,4,10,Oceania,Australia,New South Wales,Sydney,Nathan Sharma,nathan.sharma@deloitte.com,Enabling Areas,People & Culture - People Operations,CC-ENA-723,48,1978-06-19,,,Contractor,Active,3,2,5,3,No,No,19, TRUE ,FALSE,FALSE,TRUE,45-54,11+ yrs,Director/Partner,4,Medium
EMP1065,David Young,david.young2@deloitte.com,Male,2011-04-18,,2025-03-06,Yes,15,3,1,Oceania,Australia,Victoria,Melbourne,Hannah Martinez,hannah.martinez@deloitte.com,Consulting,Human Capital - Organisation Design,CC-CON-132,63,1963-06-29,,,Full Time,Active,4,4,3,2,No,No,15, TRUE ,FALSE,FALSE,TRUE,55+,11+ yrs,Senior Manager,1,Low
EMP1066,Noah Mehta,noah.mehta@deloitte.com,Male,2014-10-28,,,Yes,12,3,12,Oceania,Australia,Victoria,Melbourne,Lucas White,lucas.white@deloitte.com,Tax & Legal,Legal - Regulatory,CC-TAX-907,33,1992-12-22,,,Contractor,Active,5,4,5,1,No,No,12, TRUE ,FALSE,FALSE,TRUE,25-34,11+ yrs,Senior Manager,3,Medium
EMP1067,Liam Anderson,liam.anderson3@deloitte.com,Male,2015-01-11,,2023-02-09,Yes,12,3,3,Oceania,Australia,Victoria,Melbourne,Oliver Lee,oliver.lee@deloitte.com,Consulting,Human Capital - People Analytics,CC-CON-451,47,1978-10-10,,,Full Time,Active,3,2,5,4,No,No,12, TRUE ,FALSE,FALSE,TRUE,45-54,11+ yrs,Senior Manager,2,Low
EMP1068,Benjamin Hall,benjamin.hall@deloitte.com,Male,2023-03-04,,,Yes,3,2,3,Oceania,Australia,New South Wales,Sydney,Ella Kim,ella.kim@deloitte.com,Audit & Assurance,Risk Advisory - Internal Audit,CC-AUD-289,35,1991-04-09,,,Contractor,Active,5,4,3,3,No,No,3, TRUE ,FALSE,FALSE,TRUE,35-44,3-5 yrs,Consultant,0,Low
EMP1069,Adam Clark,adam.clark@deloitte.com,Male,2004-12-23,,2017-04-28,Yes,22,3,9,Oceania,Australia,Victoria,Melbourne,Mia Garcia,mia.garcia@deloitte.com,Enabling Areas,People & Culture - People Operations,CC-ENA-943,63,1963-01-24,,,Full Time,Active,5,2,3,2,No,No,22, TRUE ,FALSE,FALSE,TRUE,55+,11+ yrs,Director/Partner,5,Medium
EMP1070,Sienna Adams,sienna.adams@deloitte.com,Female,2015-02-04,,2015-12-09,Yes,11,4,11,Oceania,Australia,New South Wales,Sydney,Grace Park,grace.park@deloitte.com,Enabling Areas,Technology - Enterprise Platforms,CC-ENA-197,43,1983-01-31,,,Full Time,Active,5,2,2,3,No,No,11, TRUE ,FALSE,FALSE,TRUE,35-44,11+ yrs,Senior Manager,5,Medium
EMP1071,Aisha Harris,aisha.harris@deloitte.com,Female,2004-07-21,,2016-11-01,Yes,22,4,10,Oceania,Australia,Queensland,Brisbane,Henry Joshi,henry.joshi@deloitte.com,Enabling Areas,Finance - Financial Planning,CC-ENA-717,48,1977-12-10,,,Full Time,Active,5,3,4,3,No,No,22, TRUE ,FALSE,FALSE,TRUE,45-54,11+ yrs,Director/Partner,2,Low
EMP1072,Arjun Anderson,arjun.anderson@deloitte.com,Male,2002-08-29,2017-07-16,2016-05-21,Yes,15,3,1,Oceania,Australia,New South Wales,Sydney,Mia Wong,mia.wong@deloitte.com,Consulting,Technology & Transformation - Data & AI,CC-CON-387,48,1978-04-10,Involuntary,Misconduct,Full Time,Inactive,3,4,3,3,Yes,Yes,15, FALSE ,TRUE,FALSE,TRUE,45-54,11+ yrs,Senior Manager,0,Low
EMP1073,Benjamin Baker,benjamin.baker@deloitte.com,Male,2002-07-25,,2016-05-30,Yes,24,3,10,Oceania,Australia,Victoria,Melbourne,Lucas Tran,lucas.tran@deloitte.com,Audit & Assurance,Risk Advisory - Internal Audit,CC-AUD-885,62,1963-10-17,,,Full Time,Active,3,3,3,4,No,No,24, TRUE ,FALSE,FALSE,TRUE,55+,11+ yrs,Director/Partner,2,Low
EMP1074,Priya Baker,priya.baker@deloitte.com,Female,2012-10-17,,2017-11-03,Yes,14,3,9,Oceania,Australia,Victoria,Melbourne,Ava Thomas,ava.thomas@deloitte.com,Audit & Assurance,Risk Advisory - Internal Audit,CC-AUD-221,58,1967-08-13,,,Full Time,Active,4,2,1,2,No,No,14, TRUE ,FALSE,FALSE,TRUE,55+,11+ yrs,Senior Manager,6,High
EMP1075,Benjamin Mehta,benjamin.mehta@deloitte.com,Male,2017-06-26,,,Yes,9,4,9,Oceania,Australia,Queensland,Brisbane,Leo Walker,leo.walker@deloitte.com,Consulting,Strategy & Operations - Customer Strategy,CC-CON-600,59,1966-10-04,,,Contractor,Active,3,4,3,4,No,No,9, TRUE ,FALSE,FALSE,TRUE,55+,6-10 yrs,Manager,2,Low
EMP1076,Hannah Anderson,hannah.anderson@deloitte.com,Female,2012-12-16,,2014-01-20,Yes,14,4,13,Oceania,Australia,Victoria,Melbourne,Charlotte Adams,charlotte.adams@deloitte.com,Consulting,Human Capital - People Analytics,CC-CON-157,41,1985-03-15,,,Full Time,Active,3,3,1,5,No,No,14, TRUE ,FALSE,FALSE,TRUE,35-44,11+ yrs,Senior Manager,3,Medium
EMP1077,Lily Kumar,lily.kumar@deloitte.com,Female,2025-02-20,,,Yes,1,1,1,Oceania,Australia,New South Wales,Sydney,Isla Tran,isla.tran@deloitte.com,Enabling Areas,People & Culture - Talent Acquisition,CC-ENA-764,54,1971-12-03,,,Full Time,Active,4,3,4,4,No,No,1, TRUE ,FALSE,FALSE,TRUE,45-54,1-2 yrs,Analyst,0,Low
EMP1078,Aisha Mehta,aisha.mehta2@deloitte.com,Female,2013-05-07,,2019-03-23,Yes,13,4,7,Oceania,Australia,New South Wales,Sydney,Oliver Kim,oliver.kim@deloitte.com,Enabling Areas,Finance - Financial Planning,CC-ENA-149,64,1962-01-26,,,Full Time,Active,5,3,3,3,No,No,13, TRUE ,FALSE,FALSE,TRUE,55+,11+ yrs,Senior Manager,2,Low
EMP1079,Jessica Adams,jessica.adams@deloitte.com,Female,2012-11-03,,2021-06-11,Yes,14,2,5,Oceania,Australia,Victoria,Melbourne,Mia Garcia,mia.garcia@deloitte.com,Enabling Areas,People & Culture - People Operations,CC-ENA-898,31,1994-10-16,,,Full Time,Active,4,3,5,3,No,No,14, TRUE ,FALSE,FALSE,TRUE,25-34,11+ yrs,Senior Manager,2,Low
EMP1080,Benjamin Thomas,benjamin.thomas2@deloitte.com,Male,2021-06-25,,,Yes,5,0,5,Oceania,Australia,Victoria,Melbourne,Chloe Lee,chloe.lee@deloitte.com,Consulting,Human Capital - People Analytics,CC-CON-182,62,1964-07-25,,,Contractor,Active,3,4,4,5,No,No,5, TRUE ,FALSE,FALSE,FALSE,55+,3-5 yrs,Manager,3,Medium
EMP1081,Kiran Martin,kiran.martin2@deloitte.com,Male,2012-01-25,,2024-07-07,Yes,15,4,2,Oceania,Australia,Victoria,Melbourne,Jacob Wilson,jacob.wilson@deloitte.com,Consulting,Strategy & Operations - Operations Excellence,CC-CON-917,48,1977-12-02,,,Full Time,Active,4,3,5,3,No,No,15, TRUE ,FALSE,FALSE,TRUE,45-54,11+ yrs,Senior Manager,0,Low
EMP1082,Laura Nair,laura.nair@deloitte.com,Female,2018-07-07,,2024-08-05,Yes,8,1,2,Oceania,Australia,Queensland,Brisbane,Adam Chen,adam.chen@deloitte.com,Enabling Areas,Finance - Accounts Payable,CC-ENA-346,43,1983-01-21,,,Full Time,Active,4,3,2,3,No,No,8, TRUE ,FALSE,FALSE,TRUE,35-44,6-10 yrs,Manager,1,Low
EMP1083,Luke Joshi,luke.joshi@deloitte.com,Male,2001-02-17,,2010-05-25,Yes,25,3,16,Oceania,Australia,Victoria,Melbourne,Oscar Lopez,oscar.lopez@deloitte.com,Audit & Assurance,Risk Advisory - Regulatory Risk,CC-AUD-489,55,1970-11-21,,,Full Time,Active,5,3,4,5,No,No,25, TRUE ,FALSE,FALSE,TRUE,55+,11+ yrs,Director/Partner,2,Low
EMP1084,Aisha Young,aisha.young2@deloitte.com,Female,2016-03-23,2025-05-04,,Yes,9,2,9,Oceania,Australia,Victoria,Melbourne,Chloe Wilson,chloe.wilson@deloitte.com,Consulting,Strategy & Operations - Operations Excellence,CC-CON-644,34,1991-08-01,Voluntary,Better Career Opportunity,Contractor,Inactive,3,2,4,2,Yes,Yes,9, FALSE ,TRUE,FALSE,TRUE,25-34,6-10 yrs,Manager,5,Medium
EMP1085,Matthew Kumar,matthew.kumar@deloitte.com,Male,2021-09-01,2024-11-02,,Yes,3,1,3,Asia,India,Karnataka,Bengaluru,Chloe Wilson,chloe.wilson@deloitte.com,Enabling Areas,Finance - Commercial Finance,CC-ENA-963,58,1968-04-18,Voluntary,Flexibility,Contractor,Inactive,1,2,5,3,Yes,Yes,3, FALSE ,TRUE,FALSE,TRUE,55+,3-5 yrs,Consultant,4,Medium
EMP1086,Benjamin Harris,benjamin.harris3@deloitte.com,Male,2017-03-12,,2020-08-25,Yes,9,2,6,Oceania,Australia,New South Wales,Sydney,Oliver Kim,oliver.kim@deloitte.com,Audit & Assurance,Risk Advisory - Internal Audit,CC-AUD-227,51,1974-08-30,,,Full Time,Active,4,1,4,3,No,No,9, TRUE ,FALSE,FALSE,TRUE,45-54,6-10 yrs,Manager,4,Medium
EMP1087,Vikram Taylor,vikram.taylor@deloitte.com,Male,2020-02-08,,,Yes,6,1,6,Oceania,Australia,New South Wales,Sydney,Charlotte Iyer,charlotte.iyer@deloitte.com,Consulting,Human Capital - People Analytics,CC-CON-989,51,1975-01-19,,,Full Time,Active,2,4,2,4,No,No,6, TRUE ,FALSE,FALSE,TRUE,45-54,6-10 yrs,Manager,5,Medium
EMP1088,Priya Gupta,priya.gupta2@deloitte.com,Female,2005-07-20,,2026-01-13,Yes,21,4,1,Asia,India,Karnataka,Bengaluru,Sophie Kumar,sophie.kumar@deloitte.com,Tax & Legal,Legal - Commercial Advisory,CC-TAX-196,43,1983-04-22,,,Full Time,Active,5,3,2,4,No,No,21, TRUE ,FALSE,FALSE,TRUE,35-44,11+ yrs,Director/Partner,1,Low
EMP1089,Riley Reddy,riley.reddy@deloitte.com,Non-binary,2018-08-03,,2021-07-10,Yes,8,1,5,Oceania,Australia,New South Wales,Sydney,Aisha Tran,aisha.tran@deloitte.com,Consulting,Human Capital - Organisation Design,CC-CON-270,49,1976-10-31,,,Full Time,Active,4,2,3,4,No,No,8, TRUE ,FALSE,FALSE,TRUE,45-54,6-10 yrs,Manager,4,Medium
EMP1090,Rohan Tran,rohan.tran@deloitte.com,Male,2008-07-14,,,Yes,18,3,18,Asia,India,Telangana,Hyderabad,Ethan Anderson,ethan.anderson@deloitte.com,Tax & Legal,Business Tax - Corporate Tax,CC-TAX-417,43,1982-11-05,,,Full Time,Active,4,5,3,4,No,No,18, TRUE ,FALSE,FALSE,TRUE,35-44,11+ yrs,Director/Partner,2,Low
EMP1091,Ryan Baker,ryan.baker@deloitte.com,Male,2015-03-24,,2026-07-27,Yes,11,1,0,Oceania,Australia,Victoria,Melbourne,Lucas Wong,lucas.wong@deloitte.com,Tax & Legal,Business Tax - Global Employer Services,CC-TAX-747,44,1982-04-22,,,Full Time,Active,3,5,4,5,No,No,11, TRUE ,FALSE,FALSE,TRUE,35-44,11+ yrs,Senior Manager,0,Low
EMP1092,Maya Green,maya.green@deloitte.com,Female,2021-06-23,,2026-02-10,Yes,5,0,0,Asia,India,Telangana,Hyderabad,Ananya Reddy,ananya.reddy@deloitte.com,Audit & Assurance,External Audit - Consumer Audit,CC-AUD-930,25,2001-06-04,,,Full Time,Active,1,4,3,4,No,No,5, TRUE ,FALSE,FALSE,FALSE,25-34,3-5 yrs,Manager,3,Medium
EMP1093,Amelia White,amelia.white@deloitte.com,Female,2015-12-28,2020-06-09,2016-10-10,Yes,4,1,4,Oceania,Australia,Queensland,Brisbane,Vikram Martinez,vikram.martinez@deloitte.com,Consulting,Strategy & Operations - Customer Strategy,CC-CON-538,34,1992-05-11,Voluntary,No Work-Life Balance,Full Time,Inactive,3,1,4,3,Yes,Yes,4, FALSE ,TRUE,FALSE,TRUE,25-34,3-5 yrs,Consultant,4,Medium
EMP1094,Ethan Clark,ethan.clark@deloitte.com,Male,2022-08-20,,2023-08-25,Yes,4,1,3,Oceania,Australia,New South Wales,Sydney,Liam Martin,liam.martin@deloitte.com,Enabling Areas,People & Culture - Learning & Development,CC-ENA-809,27,1999-03-24,,,Full Time,Active,2,4,3,3,No,No,4, TRUE ,FALSE,FALSE,TRUE,25-34,3-5 yrs,Consultant,2,Low
EMP1095,Lucy Clark,lucy.clark@deloitte.com,Female,2011-06-15,,,Yes,15,3,15,Oceania,Australia,South Australia,Adelaide,Jessica Chen,jessica.chen@deloitte.com,Audit & Assurance,External Audit - Public Sector Audit,CC-AUD-340,40,1985-10-07,,,Full Time,Active,4,3,1,5,No,No,15, TRUE ,FALSE,FALSE,TRUE,35-44,11+ yrs,Senior Manager,3,Medium
EMP1096,Maya Adams,maya.adams3@deloitte.com,Female,2008-09-18,,,Yes,18,5,18,Oceania,Australia,South Australia,Adelaide,Mia Garcia,mia.garcia@deloitte.com,Tax & Legal,Business Tax - Global Employer Services,CC-TAX-715,39,1986-12-16,,,Full Time,Active,3,3,4,5,No,No,18, TRUE ,FALSE,FALSE,TRUE,35-44,11+ yrs,Director/Partner,2,Low
EMP1097,Ella Lee,ella.lee@deloitte.com,Female,2002-12-03,,,Yes,24,5,24,Oceania,Australia,New South Wales,Sydney,Sophie Kumar,sophie.kumar@deloitte.com,Consulting,Technology & Transformation - Enterprise Applications,CC-CON-139,48,1978-07-03,,,Contractor,Active,3,5,2,4,No,No,24, TRUE ,FALSE,FALSE,TRUE,45-54,11+ yrs,Director/Partner,3,Medium
EMP1098,Alex Lee,alex.lee@deloitte.com,Non-binary,2013-10-25,,2018-10-14,Yes,13,4,8,Oceania,Australia,Victoria,Melbourne,Grace Lewis,grace.lewis@deloitte.com,Audit & Assurance,External Audit - Consumer Audit,CC-AUD-491,32,1994-02-14,,,Full Time,Active,4,3,4,5,No,No,13, TRUE ,FALSE,FALSE,TRUE,25-34,11+ yrs,Senior Manager,2,Low
EMP1099,Nathan Harris,nathan.harris@deloitte.com,Male,2010-06-26,,2013-01-21,Yes,16,3,14,Oceania,Australia,Victoria,Melbourne,Mia Nair,mia.nair@deloitte.com,Audit & Assurance,Risk Advisory - Technology Risk,CC-AUD-387,57,1969-01-25,,,Full Time,Active,4,5,3,3,No,No,16, TRUE ,FALSE,FALSE,TRUE,55+,11+ yrs,Senior Manager,2,Low
EMP1100,Michael Lewis,michael.lewis@deloitte.com,Male,2010-06-07,,2024-06-25,Yes,16,4,2,Oceania,Australia,Western Australia,Perth,Nisha Smith,nisha.smith@deloitte.com,Enabling Areas,Technology - Information Security,CC-ENA-138,38,1988-02-26,,,Full Time,Active,4,4,3,3,No,No,16, TRUE ,FALSE,FALSE,TRUE,35-44,11+ yrs,Senior Manager,0,Low
EMP1101,Ella Kim,ella.kim2@deloitte.com,Female,2026-01-06,,,Yes,1,1,1,Oceania,Australia,Victoria,Melbourne,Michael Chen,michael.chen@deloitte.com,Tax & Legal,Legal - Employment Law,CC-TAX-963,32,1994-02-13,,,Contractor,Active,4,1,4,4,No,No,1, TRUE ,FALSE,TRUE,TRUE,25-34,1-2 yrs,Analyst,2,Low
EMP1102,Rohan Baker,rohan.baker@deloitte.com,Male,2017-05-04,,2021-07-06,Yes,9,3,5,Oceania,Australia,Western Australia,Perth,Hannah Martinez,hannah.martinez@deloitte.com,Tax & Legal,Legal - Commercial Advisory,CC-TAX-663,41,1984-11-16,,,Full Time,Active,4,3,5,5,No,No,9, TRUE ,FALSE,FALSE,TRUE,35-44,6-10 yrs,Manager,2,Low
EMP1103,Ethan Nair,ethan.nair@deloitte.com,Male,2023-02-28,,,Yes,3,1,3,Asia,India,Telangana,Hyderabad,William Iyer,william.iyer@deloitte.com,Consulting,Human Capital - Organisation Design,CC-CON-152,63,1963-02-10,,,Contractor,Active,2,3,4,2,No,No,3, TRUE ,FALSE,FALSE,TRUE,55+,3-5 yrs,Consultant,3,Medium
EMP1104,Lily Young,lily.young2@deloitte.com,Female,2020-02-05,,,Yes,6,1,6,Oceania,Australia,New South Wales,Sydney,Charlotte Wong,charlotte.wong@deloitte.com,Consulting,Human Capital - HR Transformation,CC-CON-778,54,1971-12-12,,,Full Time,Active,3,4,4,2,No,No,6, TRUE ,FALSE,FALSE,TRUE,45-54,6-10 yrs,Manager,3,Medium
EMP1105,Grace Singh,grace.singh@deloitte.com,Female,2019-07-06,,,Yes,7,3,7,Oceania,Australia,New South Wales,Sydney,Arjun Anderson,arjun.anderson@deloitte.com,Audit & Assurance,Risk Advisory - Internal Audit,CC-AUD-418,60,1966-06-24,,,Full Time,Active,2,4,4,3,No,No,7, TRUE ,FALSE,FALSE,TRUE,55+,6-10 yrs,Manager,4,Medium
EMP1106,Jessica Iyer,jessica.iyer@deloitte.com,Female,2025-04-02,,,Yes,1,0,1,Oceania,Australia,Queensland,Brisbane,Vikram Green,vikram.green@deloitte.com,Tax & Legal,Legal - Employment Law,CC-TAX-862,25,2001-03-30,,,Full Time,Active,3,3,5,4,No,No,1, TRUE ,FALSE,FALSE,FALSE,25-34,1-2 yrs,Analyst,0,Low
EMP1107,Samuel Gupta,samuel.gupta@deloitte.com,Male,2022-10-19,,,Yes,4,0,4,Oceania,Australia,Victoria,Melbourne,Thomas Iyer,thomas.iyer@deloitte.com,Consulting,Technology & Transformation - Data & AI,CC-CON-970,36,1990-04-22,,,Full Time,Active,4,3,4,4,No,No,4, TRUE ,FALSE,FALSE,FALSE,35-44,3-5 yrs,Consultant,3,Medium
EMP1108,Maya Lopez,maya.lopez@deloitte.com,Female,2000-01-26,,2017-02-08,Yes,27,3,9,Oceania,Australia,Western Australia,Perth,Jessica Lewis,jessica.lewis@deloitte.com,Audit & Assurance,Risk Advisory - Internal Audit,CC-AUD-524,62,1963-11-15,,,Full Time,Active,3,5,4,3,No,No,27, TRUE ,FALSE,FALSE,TRUE,55+,11+ yrs,Director/Partner,2,Low
EMP1109,Olivia Young,olivia.young@deloitte.com,Female,2011-07-31,,2017-07-22,Yes,15,5,9,Oceania,Australia,New South Wales,Sydney,Laura Patel,laura.patel@deloitte.com,Consulting,Human Capital - Organisation Design,CC-CON-962,61,1965-06-01,,,Full Time,Active,4,1,5,4,No,No,15, TRUE ,FALSE,FALSE,TRUE,55+,11+ yrs,Senior Manager,4,Medium
EMP1110,Thomas Green,thomas.green3@deloitte.com,Male,2021-12-02,2024-04-26,,Yes,2,1,2,Oceania,Australia,Queensland,Brisbane,Isla Wilson,isla.wilson@deloitte.com,Enabling Areas,Marketing - Digital Marketing,CC-ENA-902,43,1983-03-25,Voluntary,Better Career Opportunity,Contractor,Inactive,3,3,2,2,Yes,Yes,2, FALSE ,TRUE,FALSE,TRUE,35-44,1-2 yrs,Consultant,2,Low
EMP1111,Arjun Thompson,arjun.thompson2@deloitte.com,Male,2008-07-14,,2009-08-23,Yes,18,3,17,Oceania,Australia,Victoria,Melbourne,Adam Mehta,adam.mehta@deloitte.com,Audit & Assurance,External Audit - Consumer Audit,CC-AUD-531,58,1968-01-29,,,Full Time,Active,4,2,4,3,No,No,18, TRUE ,FALSE,FALSE,TRUE,55+,11+ yrs,Director/Partner,4,Medium
EMP1112,Isla Patel,isla.patel2@deloitte.com,Female,2009-04-30,,,Yes,17,2,17,Oceania,Australia,New South Wales,Sydney,Charlotte Martin,charlotte.martin@deloitte.com,Audit & Assurance,External Audit - Public Sector Audit,CC-AUD-397,51,1974-11-15,,,Full Time,Active,4,3,4,5,No,No,17, TRUE ,FALSE,FALSE,TRUE,45-54,11+ yrs,Senior Manager,2,Low
EMP1113,Charlotte Iyer,charlotte.iyer3@deloitte.com,Female,2015-05-04,,,Yes,11,2,11,Oceania,Australia,Queensland,Brisbane,Chloe Thompson,chloe.thompson@deloitte.com,Consulting,Human Capital - HR Transformation,CC-CON-129,44,1981-12-04,,,Contractor,Active,5,4,2,1,No,No,11, TRUE ,FALSE,FALSE,TRUE,35-44,11+ yrs,Senior Manager,4,Medium
EMP1114,Olivia Garcia,olivia.garcia@deloitte.com,Female,2018-11-26,,2025-01-08,Yes,8,1,2,Oceania,Australia,Victoria,Melbourne,Lucy Reddy,lucy.reddy@deloitte.com,Tax & Legal,Business Tax - Global Employer Services,CC-TAX-558,63,1963-02-02,,,Full Time,Active,4,3,4,3,No,No,8, TRUE ,FALSE,FALSE,TRUE,55+,6-10 yrs,Manager,0,Low
EMP1115,Nisha Iyer,nisha.iyer2@deloitte.com,Female,2025-06-29,,,Yes,1,1,1,Asia,India,Telangana,Hyderabad,Charlotte Patel,charlotte.patel@deloitte.com,Enabling Areas,Finance - Commercial Finance,CC-ENA-728,26,2000-04-18,,,Full Time,Active,1,3,2,3,No,No,1, TRUE ,FALSE,FALSE,TRUE,25-34,1-2 yrs,Analyst,3,Medium
EMP1116,Matthew Singh,matthew.singh3@deloitte.com,Male,2025-11-26,,,Yes,1,0,1,Oceania,Australia,New South Wales,Sydney,Ryan Garcia,ryan.garcia@deloitte.com,Consulting,Human Capital - HR Transformation,CC-CON-958,22,2004-04-26,,,Full Time,Active,4,3,4,2,No,No,1, TRUE ,FALSE,TRUE,FALSE,<25,1-2 yrs,Analyst,1,Low
EMP1117,Amelia Taylor,amelia.taylor@deloitte.com,Female,2010-05-13,,,Yes,16,4,16,Oceania,Australia,Victoria,Melbourne,Lily Wong,lily.wong@deloitte.com,Tax & Legal,Business Tax - Indirect Tax,CC-TAX-566,43,1982-09-04,,,Contractor,Active,3,3,2,2,No,No,16, TRUE ,FALSE,FALSE,TRUE,35-44,11+ yrs,Senior Manager,4,Medium
EMP1118,Thomas White,thomas.white3@deloitte.com,Male,2023-06-11,2026-05-09,,Yes,3,1,3,Oceania,Australia,Western Australia,Perth,Jessica Chen,jessica.chen@deloitte.com,Enabling Areas,Technology - Enterprise Platforms,CC-ENA-590,22,2004-07-10,Voluntary,Relocation,Contractor,Inactive,2,2,5,4,Yes,Yes,3, FALSE ,TRUE,FALSE,TRUE,<25,3-5 yrs,Consultant,4,Medium
EMP1119,Ananya Lewis,ananya.lewis2@deloitte.com,Female,2023-06-24,,,Yes,3,0,3,Oceania,Australia,Victoria,Melbourne,Isla Wilson,isla.wilson@deloitte.com,Tax & Legal,Legal - Regulatory,CC-TAX-926,38,1988-03-02,,,Full Time,Active,4,4,4,4,No,No,3, TRUE ,FALSE,FALSE,FALSE,35-44,3-5 yrs,Consultant,0,Low
EMP1120,Oliver Harris,oliver.harris@deloitte.com,Male,2014-10-25,,,Yes,12,3,12,Oceania,Australia,Victoria,Melbourne,Arjun Anderson,arjun.anderson@deloitte.com,Consulting,Strategy & Operations - Business Transformation,CC-CON-418,56,1970-02-09,,,Full Time,Active,4,5,2,5,No,No,12, TRUE ,FALSE,FALSE,TRUE,55+,11+ yrs,Senior Manager,3,Medium
EMP1121,Ryan Taylor,ryan.taylor@deloitte.com,Male,2012-10-09,,2016-02-12,Yes,14,2,10,Oceania,Australia,Queensland,Brisbane,Olivia Iyer,olivia.iyer@deloitte.com,Enabling Areas,Finance - Financial Planning,CC-ENA-960,33,1993-04-30,,,Full Time,Active,4,5,3,4,No,No,14, TRUE ,FALSE,FALSE,TRUE,25-34,11+ yrs,Senior Manager,2,Low
EMP1122,Sienna Lewis,sienna.lewis@deloitte.com,Female,2006-08-25,,2009-01-07,Yes,20,3,18,Oceania,Australia,Victoria,Melbourne,Ava Thomas,ava.thomas@deloitte.com,Audit & Assurance,External Audit - Consumer Audit,CC-AUD-403,39,1986-09-16,,,Full Time,Active,1,3,2,4,No,No,20, TRUE ,FALSE,FALSE,TRUE,35-44,11+ yrs,Director/Partner,5,Medium
EMP1123,Ethan Gupta,ethan.gupta2@deloitte.com,Male,2025-01-21,,,Yes,2,0,2,Asia,Singapore,Singapore,Singapore,Rahul Hall,rahul.hall@deloitte.com,Consulting,Strategy & Operations - Customer Strategy,CC-CON-288,44,1982-06-11,,,Full Time,Active,4,2,3,4,No,No,2, TRUE ,FALSE,FALSE,FALSE,35-44,1-2 yrs,Consultant,2,Low
EMP1124,Leo Sharma,leo.sharma@deloitte.com,Male,2022-12-30,2026-07-17,,Yes,4,1,4,Asia,Singapore,Singapore,Singapore,Nisha Smith,nisha.smith@deloitte.com,Consulting,Technology & Transformation - Data & AI,CC-CON-871,30,1995-08-29,Voluntary,Better Career Opportunity,Full Time,Inactive,4,4,3,3,Yes,Yes,4, FALSE ,TRUE,FALSE,TRUE,25-34,3-5 yrs,Consultant,2,Low
EMP1125,Jessica Walker,jessica.walker@deloitte.com,Female,2005-08-25,2023-11-29,2020-06-13,Yes,18,4,3,Asia,India,Karnataka,Bengaluru,Hannah Iyer,hannah.iyer@deloitte.com,Audit & Assurance,Risk Advisory - Internal Audit,CC-AUD-686,47,1979-04-15,Voluntary,Better Salary,Full Time,Inactive,4,3,4,1,Yes,Yes,18, FALSE ,TRUE,FALSE,TRUE,45-54,11+ yrs,Director/Partner,1,Low
EMP1126,Luke Reddy,luke.reddy@deloitte.com,Male,2005-12-13,,2009-12-25,Yes,21,4,17,Oceania,Australia,New South Wales,Sydney,Joshua Taylor,joshua.taylor@deloitte.com,Enabling Areas,Finance - Accounts Payable,CC-ENA-924,52,1973-10-06,,,Full Time,Active,3,3,2,4,No,No,21, TRUE ,FALSE,FALSE,TRUE,45-54,11+ yrs,Director/Partner,3,Medium
EMP1127,Priya Clark,priya.clark@deloitte.com,Female,2024-10-29,,,Yes,2,1,2,Oceania,Australia,South Australia,Adelaide,Chloe Lee,chloe.lee@deloitte.com,Tax & Legal,Business Tax - Corporate Tax,CC-TAX-910,23,2003-01-17,,,Contractor,Active,5,3,1,4,No,No,2, TRUE ,FALSE,FALSE,TRUE,<25,1-2 yrs,Consultant,1,Low
EMP1128,Adam Nguyen,adam.nguyen2@deloitte.com,Male,2025-03-31,,,Yes,1,1,1,Oceania,Australia,Western Australia,Perth,Adam Chen,adam.chen@deloitte.com,Tax & Legal,Legal - Employment Law,CC-TAX-804,37,1989-03-19,,,Full Time,Active,3,1,5,3,No,No,1, TRUE ,FALSE,FALSE,TRUE,35-44,1-2 yrs,Analyst,2,Low
EMP1129,Rohan Thompson,rohan.thompson@deloitte.com,Male,2021-10-28,,,Yes,5,0,5,Oceania,Australia,Queensland,Brisbane,Vikram Green,vikram.green@deloitte.com,Consulting,Technology & Transformation - Enterprise Applications,CC-CON-774,35,1991-04-21,,,Full Time,Active,5,3,2,5,No,No,5, TRUE ,FALSE,FALSE,FALSE,35-44,3-5 yrs,Manager,4,Medium
EMP1130,Liam Thomas,liam.thomas3@deloitte.com,Male,2023-01-28,,,Yes,4,0,4,Oceania,Australia,Queensland,Brisbane,Leo Kim,leo.kim@deloitte.com,Consulting,Technology & Transformation - Enterprise Applications,CC-CON-224,27,1998-11-08,,,Full Time,Active,4,4,5,4,No,No,4, TRUE ,FALSE,FALSE,FALSE,25-34,3-5 yrs,Consultant,3,Medium
EMP1131,Nathan Patel,nathan.patel2@deloitte.com,Male,2012-02-18,,,Yes,14,2,14,Asia,India,Karnataka,Bengaluru,Chloe Wilson,chloe.wilson@deloitte.com,Tax & Legal,Legal - Commercial Advisory,CC-TAX-674,36,1990-05-14,,,Contractor,Active,3,3,2,4,No,No,14, TRUE ,FALSE,FALSE,TRUE,35-44,11+ yrs,Senior Manager,3,Medium
EMP1132,Emma Taylor,emma.taylor@deloitte.com,Female,2009-11-30,,2022-11-21,Yes,17,4,4,Oceania,Australia,Western Australia,Perth,Charlotte Patel,charlotte.patel@deloitte.com,Tax & Legal,Legal - Regulatory,CC-TAX-776,57,1969-01-17,,,Full Time,Active,3,5,3,4,No,No,17, TRUE ,FALSE,FALSE,TRUE,55+,11+ yrs,Senior Manager,2,Low
EMP1133,Benjamin Clark,benjamin.clark2@deloitte.com,Male,2016-12-31,,2018-09-25,Yes,10,3,8,Oceania,Australia,New South Wales,Sydney,Liam Martin,liam.martin@deloitte.com,Tax & Legal,Legal - Employment Law,CC-TAX-519,31,1995-04-27,,,Full Time,Active,4,4,4,3,No,No,10, TRUE ,FALSE,FALSE,TRUE,25-34,6-10 yrs,Senior Manager,2,Low
EMP1134,Jessica Hall,jessica.hall2@deloitte.com,Female,2012-08-04,,2016-05-15,Yes,14,4,10,Oceania,Australia,New South Wales,Sydney,Laura Anderson,laura.anderson@deloitte.com,Tax & Legal,Business Tax - Global Employer Services,CC-TAX-816,51,1974-12-16,,,Full Time,Active,4,3,4,5,No,No,14, TRUE ,FALSE,FALSE,TRUE,45-54,11+ yrs,Senior Manager,2,Low
EMP1135,Charlotte Anderson,charlotte.anderson2@deloitte.com,Female,2023-08-15,,,Yes,3,2,3,Oceania,Australia,Queensland,Brisbane,Benjamin Singh,benjamin.singh@deloitte.com,Enabling Areas,Technology - Enterprise Platforms,CC-ENA-329,61,1964-12-28,,,Full Time,Active,3,3,4,2,No,No,3, TRUE ,FALSE,FALSE,TRUE,55+,3-5 yrs,Consultant,1,Low
EMP1136,Emma Iyer,emma.iyer@deloitte.com,Female,2021-10-25,,2026-05-11,Yes,5,2,0,Oceania,Australia,South Australia,Adelaide,Henry Joshi,henry.joshi@deloitte.com,Consulting,Human Capital - People Analytics,CC-CON-957,40,1985-09-27,,,Full Time,Active,1,4,3,3,No,No,5, TRUE ,FALSE,FALSE,TRUE,35-44,3-5 yrs,Manager,2,Low
EMP1137,James Green,james.green@deloitte.com,Male,2025-07-03,,,Yes,1,0,1,Oceania,Australia,New South Wales,Sydney,Isla Sharma,isla.sharma@deloitte.com,Tax & Legal,Legal - Regulatory,CC-TAX-810,30,1995-10-04,,,Full Time,Active,2,2,4,3,No,No,1, TRUE ,FALSE,FALSE,FALSE,25-34,1-2 yrs,Analyst,4,Medium
EMP1138,Ava Young,ava.young3@deloitte.com,Female,2023-05-28,,,Yes,3,0,3,Asia,Singapore,Singapore,Singapore,Ruby Adams,ruby.adams@deloitte.com,Consulting,Human Capital - HR Transformation,CC-CON-367,33,1993-01-01,,,Full Time,Active,3,5,3,4,No,No,3, TRUE ,FALSE,FALSE,FALSE,25-34,3-5 yrs,Consultant,0,Low
EMP1139,Noah Lopez,noah.lopez@deloitte.com,Male,2011-12-28,,,Yes,15,4,15,Asia,India,Karnataka,Bengaluru,Arjun Anderson,arjun.anderson@deloitte.com,Tax & Legal,Business Tax - Corporate Tax,CC-TAX-713,48,1978-04-06,,,Contractor,Active,4,4,5,3,No,No,15, TRUE ,FALSE,FALSE,TRUE,45-54,11+ yrs,Senior Manager,2,Low
EMP1140,Emma Walker,emma.walker@deloitte.com,Female,2001-11-28,2018-01-08,,Yes,16,3,16,Asia,India,Telangana,Hyderabad,Mia Wong,mia.wong@deloitte.com,Enabling Areas,Marketing - Digital Marketing,CC-ENA-995,53,1973-02-03,Voluntary,Better Career Opportunity,Full Time,Inactive,2,1,4,2,Yes,Yes,16, FALSE ,TRUE,FALSE,TRUE,45-54,11+ yrs,Senior Manager,7,High
EMP1141,Emma Lee,emma.lee2@deloitte.com,Female,2022-10-03,,,Yes,4,1,4,Oceania,Australia,New South Wales,Sydney,Amelia Tran,amelia.tran@deloitte.com,Consulting,Strategy & Operations - Customer Strategy,CC-CON-166,38,1987-12-26,,,Full Time,Active,4,3,2,4,No,No,4, TRUE ,FALSE,FALSE,TRUE,35-44,3-5 yrs,Consultant,3,Medium
EMP1142,Thomas White,thomas.white4@deloitte.com,Male,2021-12-04,,2023-12-18,Yes,5,1,3,Oceania,Australia,Queensland,Brisbane,Georgia Anderson,georgia.anderson@deloitte.com,Enabling Areas,Technology - Enterprise Platforms,CC-ENA-555,40,1986-06-06,,,Full Time,Active,4,3,3,5,No,No,5, TRUE ,FALSE,FALSE,TRUE,35-44,3-5 yrs,Manager,0,Low
EMP1143,Rahul Patel,rahul.patel2@deloitte.com,Male,2010-05-02,,2017-09-08,Yes,16,4,9,Asia,India,Telangana,Hyderabad,Hannah Martinez,hannah.martinez@deloitte.com,Audit & Assurance,External Audit - Public Sector Audit,CC-AUD-102,40,1986-06-10,,,Full Time,Active,5,3,4,5,No,No,16, TRUE ,FALSE,FALSE,TRUE,35-44,11+ yrs,Senior Manager,2,Low
EMP1144,Alexander King,alexander.king2@deloitte.com,Male,2019-03-28,,2020-04-19,Yes,7,1,6,Asia,India,Telangana,Hyderabad,Mia Lee,mia.lee@deloitte.com,Tax & Legal,Legal - Commercial Advisory,CC-TAX-779,40,1985-09-27,,,Full Time,Active,2,5,3,4,No,No,7, TRUE ,FALSE,FALSE,TRUE,35-44,6-10 yrs,Manager,4,Medium
EMP1145,Ananya Singh,ananya.singh@deloitte.com,Female,2015-02-08,2022-11-14,2022-09-15,Yes,8,2,0,Oceania,Australia,Victoria,Melbourne,Jacob Kim,jacob.kim@deloitte.com,Tax & Legal,Business Tax - Corporate Tax,CC-TAX-981,50,1976-04-13,Involuntary,Position Eliminated,Full Time,Inactive,1,2,2,3,Yes,Yes,8, FALSE ,TRUE,FALSE,TRUE,45-54,6-10 yrs,Manager,5,Medium
EMP1146,Rahul Tran,rahul.tran@deloitte.com,Male,2021-11-18,,,Yes,5,1,5,Oceania,Australia,Queensland,Brisbane,David Martin,david.martin@deloitte.com,Audit & Assurance,Risk Advisory - Technology Risk,CC-AUD-344,59,1967-01-02,,,Full Time,Active,3,4,4,4,No,No,5, TRUE ,FALSE,FALSE,TRUE,55+,3-5 yrs,Manager,2,Low
EMP1147,Olivia Brown,olivia.brown@deloitte.com,Female,2011-04-15,,,Yes,15,4,15,Oceania,Australia,Western Australia,Perth,Laura Thomas,laura.thomas@deloitte.com,Audit & Assurance,Risk Advisory - Technology Risk,CC-AUD-669,50,1975-09-22,,,Full Time,Active,3,3,3,1,No,No,15, TRUE ,FALSE,FALSE,TRUE,45-54,11+ yrs,Senior Manager,3,Medium
EMP1148,Daniel Baker,daniel.baker3@deloitte.com,Male,2001-10-18,2019-04-18,2004-01-13,Yes,18,3,15,Oceania,Australia,New South Wales,Sydney,Ava Thomas,ava.thomas@deloitte.com,Enabling Areas,Marketing - Client Experience,CC-ENA-909,44,1982-02-23,Voluntary,Flexibility,Full Time,Inactive,3,3,3,2,Yes,Yes,18, FALSE ,TRUE,FALSE,TRUE,35-44,11+ yrs,Director/Partner,3,Medium
EMP1149,Vikram Walker,vikram.walker@deloitte.com,Male,2022-07-25,,,Yes,4,0,4,Oceania,Australia,Victoria,Melbourne,Liam Martin,liam.martin@deloitte.com,Enabling Areas,Finance - Accounts Payable,CC-ENA-789,28,1998-02-03,,,Full Time,Active,4,4,4,1,No,No,4, TRUE ,FALSE,FALSE,FALSE,25-34,3-5 yrs,Consultant,4,Medium
EMP1150,Emily Thompson,emily.thompson@deloitte.com,Female,2009-08-13,2014-06-28,2012-01-17,Yes,5,2,2,Oceania,Australia,Queensland,Brisbane,Arjun Anderson,arjun.anderson@deloitte.com,Tax & Legal,Business Tax - Indirect Tax,CC-TAX-750,55,1971-05-03,Involuntary,Misconduct,Full Time,Inactive,2,3,2,4,Yes,Yes,5, FALSE ,TRUE,FALSE,TRUE,55+,3-5 yrs,Manager,3,Medium
EMP1151,Rohan Joshi,rohan.joshi2@deloitte.com,Male,2022-07-19,2026-07-28,,Yes,4,0,4,Oceania,Australia,Victoria,Melbourne,Nathan Sharma,nathan.sharma@deloitte.com,Enabling Areas,Technology - Information Security,CC-ENA-933,25,2001-07-22,Voluntary,Flexibility,Full Time,Inactive,1,4,3,5,Yes,Yes,4, FALSE ,TRUE,FALSE,FALSE,25-34,3-5 yrs,Consultant,5,Medium
EMP1152,Ella Nguyen,ella.nguyen@deloitte.com,Female,2003-01-24,,2021-01-24,Yes,24,5,6,Oceania,Australia,Victoria,Melbourne,Hannah Martinez,hannah.martinez@deloitte.com,Audit & Assurance,External Audit - Consumer Audit,CC-AUD-741,58,1967-12-14,,,Full Time,Active,4,3,3,3,No,No,24, TRUE ,FALSE,FALSE,TRUE,55+,11+ yrs,Director/Partner,2,Low
EMP1153,Matthew Tran,matthew.tran@deloitte.com,Male,2025-06-17,2026-01-03,,Yes,1,0,1,Oceania,Australia,Queensland,Brisbane,Amelia Thompson,amelia.thompson@deloitte.com,Enabling Areas,Technology - Information Security,CC-ENA-319,62,1964-05-06,Voluntary,Dissatisfied with Manager,Full Time,Inactive,2,3,2,2,Yes,Yes,1, FALSE ,TRUE,FALSE,FALSE,55+,1-2 yrs,Analyst,4,Medium
EMP1154,Nisha Lewis,nisha.lewis@deloitte.com,Female,2015-03-02,,,Yes,11,2,11,Oceania,Australia,New South Wales,Sydney,Rahul Hall,rahul.hall@deloitte.com,Consulting,Strategy & Operations - Operations Excellence,CC-CON-982,53,1972-08-10,,,Full Time,Active,4,2,3,2,No,No,11, TRUE ,FALSE,FALSE,TRUE,45-54,11+ yrs,Senior Manager,5,Medium
EMP1155,Isla Wright,isla.wright2@deloitte.com,Female,2010-12-08,,,Yes,16,3,16,Oceania,Australia,Victoria,Melbourne,Ava Green,ava.green@deloitte.com,Enabling Areas,Marketing - Digital Marketing,CC-ENA-579,63,1963-04-25,,,Full Time,Active,5,1,4,5,No,No,16, TRUE ,FALSE,FALSE,TRUE,55+,11+ yrs,Senior Manager,4,Medium
EMP1156,Daniel Iyer,daniel.iyer@deloitte.com,Male,2019-12-28,,,Yes,7,1,7,Oceania,Australia,New South Wales,Sydney,Isla Kumar,isla.kumar@deloitte.com,Enabling Areas,Finance - Financial Planning,CC-ENA-388,27,1999-05-06,,,Full Time,Active,4,5,3,1,No,No,7, TRUE ,FALSE,FALSE,TRUE,25-34,6-10 yrs,Manager,3,Medium
EMP1157,Sarah Kumar,sarah.kumar@deloitte.com,Female,2002-01-02,,2015-11-02,Yes,25,4,11,Oceania,Australia,Queensland,Brisbane,Leo Walker,leo.walker@deloitte.com,Enabling Areas,People & Culture - Learning & Development,CC-ENA-835,57,1968-11-22,,,Full Time,Active,5,4,4,1,No,No,25, TRUE ,FALSE,FALSE,TRUE,55+,11+ yrs,Director/Partner,3,Medium
EMP1158,Leo Park,leo.park@deloitte.com,Male,2025-05-24,,2026-02-04,Yes,1,0,0,Oceania,Australia,Queensland,Brisbane,David Martin,david.martin@deloitte.com,Consulting,Strategy & Operations - Operations Excellence,CC-CON-672,23,2003-05-17,,,Full Time,Active,4,3,5,2,No,No,1, TRUE ,FALSE,FALSE,FALSE,<25,1-2 yrs,Analyst,1,Low
EMP1159,Ava Mehta,ava.mehta2@deloitte.com,Female,2008-06-15,,2014-07-13,Yes,18,3,12,Oceania,Australia,New South Wales,Sydney,Ava Green,ava.green@deloitte.com,Audit & Assurance,External Audit - Financial Services Audit,CC-AUD-533,38,1987-10-29,,,Contractor,Active,4,5,1,4,No,No,18, TRUE ,FALSE,FALSE,TRUE,35-44,11+ yrs,Director/Partner,3,Medium
EMP1160,Maya Green,maya.green2@deloitte.com,Female,2006-05-08,,2024-03-03,Yes,20,2,2,Oceania,Australia,South Australia,Adelaide,Grace Lewis,grace.lewis@deloitte.com,Consulting,Technology & Transformation - Enterprise Applications,CC-CON-470,53,1972-08-06,,,Contractor,Active,4,5,3,2,No,No,20, TRUE ,FALSE,FALSE,TRUE,45-54,11+ yrs,Director/Partner,1,Low
EMP1161,Lucy Wright,lucy.wright2@deloitte.com,Female,2009-10-06,,2013-11-28,Yes,17,2,13,Oceania,Australia,New South Wales,Sydney,Charlotte Green,charlotte.green@deloitte.com,Consulting,Strategy & Operations - Operations Excellence,CC-CON-476,45,1981-05-21,,,Full Time,Active,4,4,4,4,No,No,17, TRUE ,FALSE,FALSE,TRUE,45-54,11+ yrs,Senior Manager,2,Low
EMP1162,Chloe Sharma,chloe.sharma@deloitte.com,Female,2004-06-25,,,Yes,22,4,22,Asia,India,Telangana,Hyderabad,Rahul Hall,rahul.hall@deloitte.com,Consulting,Technology & Transformation - Enterprise Applications,CC-CON-815,59,1967-03-21,,,Full Time,Active,3,3,5,3,No,No,22, TRUE ,FALSE,FALSE,TRUE,55+,11+ yrs,Director/Partner,2,Low
EMP1163,Nathan Kim,nathan.kim2@deloitte.com,Male,2009-05-14,,2022-05-11,Yes,17,3,4,Oceania,Australia,Victoria,Melbourne,Michael Clark,michael.clark@deloitte.com,Tax & Legal,Business Tax - Indirect Tax,CC-TAX-432,58,1968-01-12,,,Full Time,Active,5,4,4,4,No,No,17, TRUE ,FALSE,FALSE,TRUE,55+,11+ yrs,Senior Manager,2,Low
EMP1164,Benjamin Hall,benjamin.hall2@deloitte.com,Male,2023-10-06,2024-06-23,,Yes,1,0,1,Oceania,Australia,Western Australia,Perth,Benjamin Singh,benjamin.singh@deloitte.com,Tax & Legal,Legal - Commercial Advisory,CC-TAX-898,26,2000-06-23,Voluntary,Relocation,Full Time,Inactive,1,3,4,4,Yes,Yes,1, FALSE ,TRUE,FALSE,FALSE,25-34,1-2 yrs,Analyst,2,Low
EMP1165,Lucas Martin,lucas.martin@deloitte.com,Male,2015-06-14,,,Yes,11,2,11,Oceania,Australia,New South Wales,Sydney,Henry Nguyen,henry.nguyen@deloitte.com,Tax & Legal,Legal - Employment Law,CC-TAX-951,55,1970-09-17,,,Full Time,Active,2,2,4,5,No,No,11, TRUE ,FALSE,FALSE,TRUE,55+,11+ yrs,Senior Manager,6,High
EMP1166,Olivia Joshi,olivia.joshi@deloitte.com,Female,2015-10-01,,2025-02-06,Yes,11,4,1,Oceania,Australia,Victoria,Melbourne,Isla King,isla.king@deloitte.com,Consulting,Technology & Transformation - Cyber,CC-CON-110,44,1981-12-27,,,Full Time,Active,4,3,4,4,No,No,11, TRUE ,FALSE,FALSE,TRUE,35-44,11+ yrs,Senior Manager,0,Low
EMP1167,Aisha Smith,aisha.smith@deloitte.com,Female,2026-06-21,2026-07-27,,No,0,0,0,Asia,India,Telangana,Hyderabad,Lucy Reddy,lucy.reddy@deloitte.com,Enabling Areas,Marketing - Digital Marketing,CC-ENA-710,48,1978-02-11,Involuntary,End of Contract,Full Time,Inactive,2,1,3,3,Yes,Yes,0, FALSE ,TRUE,TRUE,FALSE,45-54,<1 yr,Analyst,4,Medium
EMP1168,Matthew Clark,matthew.clark2@deloitte.com,Male,2003-10-31,,2012-05-05,Yes,23,4,14,Oceania,Australia,New South Wales,Sydney,Amelia Mehta,amelia.mehta@deloitte.com,Audit & Assurance,Risk Advisory - Technology Risk,CC-AUD-267,49,1976-09-05,,,Full Time,Active,3,4,4,1,No,No,23, TRUE ,FALSE,FALSE,TRUE,45-54,11+ yrs,Director/Partner,3,Medium
EMP1169,Laura Garcia,laura.garcia2@deloitte.com,Female,2015-03-15,,,Yes,11,1,11,Oceania,Australia,Victoria,Melbourne,Chloe Wilson,chloe.wilson@deloitte.com,Consulting,Human Capital - Organisation Design,CC-CON-452,35,1990-12-08,,,Full Time,Active,4,3,4,5,No,No,11, TRUE ,FALSE,FALSE,TRUE,35-44,11+ yrs,Senior Manager,2,Low
EMP1170,Emily Martinez,emily.martinez2@deloitte.com,Female,2009-10-27,,2011-05-27,Yes,17,3,15,Oceania,Australia,New South Wales,Sydney,Ryan Garcia,ryan.garcia@deloitte.com,Enabling Areas,Technology - IT Operations,CC-ENA-209,40,1985-09-16,,,Full Time,Active,2,4,4,4,No,No,17, TRUE ,FALSE,FALSE,TRUE,35-44,11+ yrs,Senior Manager,4,Medium
EMP1171,Leo Harris,leo.harris@deloitte.com,Male,2014-01-04,,2020-01-21,Yes,13,2,7,Oceania,Australia,South Australia,Adelaide,Lucas Wong,lucas.wong@deloitte.com,Enabling Areas,Marketing - Client Experience,CC-ENA-506,44,1982-01-27,,,Contractor,Active,1,3,3,4,No,No,13, TRUE ,FALSE,FALSE,TRUE,35-44,11+ yrs,Senior Manager,4,Medium
EMP1172,Zoe King,zoe.king@deloitte.com,Female,2019-08-18,2023-05-14,,Yes,4,0,4,Oceania,Australia,New South Wales,Sydney,Amelia Chen,amelia.chen@deloitte.com,Enabling Areas,Finance - Commercial Finance,CC-ENA-608,25,2001-04-04,Involuntary,Redundancy,Contractor,Inactive,2,4,1,4,Yes,Yes,4, FALSE ,TRUE,FALSE,FALSE,25-34,3-5 yrs,Consultant,6,High
EMP1173,Ivy Martin,ivy.martin@deloitte.com,Female,2025-11-25,,,Yes,1,0,1,Oceania,Australia,Victoria,Melbourne,Leo Walker,leo.walker@deloitte.com,Consulting,Technology & Transformation - Cyber,CC-CON-599,51,1975-07-08,,,Full Time,Active,3,4,3,1,No,No,1, TRUE ,FALSE,TRUE,FALSE,45-54,1-2 yrs,Analyst,1,Low
EMP1174,Ryan Smith,ryan.smith2@deloitte.com,Male,2022-04-20,,2024-05-03,Yes,4,1,2,Asia,India,Telangana,Hyderabad,Emily Singh,emily.singh@deloitte.com,Enabling Areas,Finance - Accounts Payable,CC-ENA-427,26,2000-04-07,,,Full Time,Active,4,1,2,2,No,No,4, TRUE ,FALSE,FALSE,TRUE,25-34,3-5 yrs,Consultant,4,Medium
EMP1175,Matthew Joshi,matthew.joshi@deloitte.com,Male,2010-10-15,,2012-07-09,Yes,16,2,14,Oceania,Australia,South Australia,Adelaide,Laura Harris,laura.harris@deloitte.com,Consulting,Strategy & Operations - Operations Excellence,CC-CON-619,37,1988-12-20,,,Full Time,Active,5,2,3,4,No,No,16, TRUE ,FALSE,FALSE,TRUE,35-44,11+ yrs,Senior Manager,4,Medium
EMP1176,Ruby Smith,ruby.smith@deloitte.com,Female,2003-12-11,,,Yes,23,5,23,Oceania,Australia,New South Wales,Sydney,Sophie Kumar,sophie.kumar@deloitte.com,Consulting,Strategy & Operations - Customer Strategy,CC-CON-571,48,1977-08-26,,,Contractor,Active,1,3,4,4,No,No,23, TRUE ,FALSE,FALSE,TRUE,45-54,11+ yrs,Director/Partner,4,Medium
EMP1177,Joshua Nguyen,joshua.nguyen@deloitte.com,Male,2001-03-29,,2003-10-22,Yes,25,4,23,Oceania,Australia,Victoria,Melbourne,Mia Hall,mia.hall@deloitte.com,Enabling Areas,People & Culture - Learning & Development,CC-ENA-689,63,1962-10-07,,,Full Time,Active,4,3,4,3,No,No,25, TRUE ,FALSE,FALSE,TRUE,55+,11+ yrs,Director/Partner,2,Low
EMP1178,Lucy White,lucy.white2@deloitte.com,Female,2019-01-02,,2021-11-11,Yes,8,1,5,Asia,India,Karnataka,Bengaluru,Emily Nguyen,emily.nguyen@deloitte.com,Tax & Legal,Legal - Employment Law,CC-TAX-812,42,1984-05-01,,,Contractor,Active,5,5,5,5,No,No,8, TRUE ,FALSE,FALSE,TRUE,35-44,6-10 yrs,Manager,2,Low
EMP1179,Maya Mehta,maya.mehta@deloitte.com,Female,2017-08-17,2024-06-13,2024-03-27,Yes,7,3,0,Oceania,Australia,South Australia,Adelaide,Amelia Chen,amelia.chen@deloitte.com,Enabling Areas,Finance - Commercial Finance,CC-ENA-544,36,1990-05-26,Voluntary,No Work-Life Balance,Full Time,Inactive,3,1,2,3,Yes,Yes,7, FALSE ,TRUE,FALSE,TRUE,35-44,6-10 yrs,Manager,3,Medium
EMP1180,Olivia Lopez,olivia.lopez@deloitte.com,Female,2022-03-22,,2025-05-20,Yes,4,1,1,Oceania,Australia,New South Wales,Sydney,Mia Wong,mia.wong@deloitte.com,Consulting,Technology & Transformation - Cyber,CC-CON-685,50,1976-04-22,,,Full Time,Active,2,4,3,4,No,No,4, TRUE ,FALSE,FALSE,TRUE,45-54,3-5 yrs,Consultant,2,Low
EMP1181,Olivia Thompson,olivia.thompson2@deloitte.com,Female,2018-04-07,,,Yes,8,2,8,Oceania,Australia,New South Wales,Sydney,Lucas Wong,lucas.wong@deloitte.com,Enabling Areas,Finance - Accounts Payable,CC-ENA-271,39,1987-03-30,,,Contractor,Active,3,4,5,4,No,No,8, TRUE ,FALSE,FALSE,TRUE,35-44,6-10 yrs,Manager,2,Low
EMP1182,Amelia Martinez,amelia.martinez@deloitte.com,Female,2018-07-25,,2020-01-02,Yes,8,1,7,Oceania,Australia,Queensland,Brisbane,Matthew Lewis,matthew.lewis@deloitte.com,Enabling Areas,Finance - Financial Planning,CC-ENA-827,30,1995-08-17,,,Full Time,Active,2,3,5,3,No,No,8, TRUE ,FALSE,FALSE,TRUE,25-34,6-10 yrs,Manager,4,Medium
EMP1183,Leo Tran,leo.tran@deloitte.com,Male,2002-09-23,,,Yes,24,4,24,Asia,Singapore,Singapore,Singapore,Amelia Thompson,amelia.thompson@deloitte.com,Enabling Areas,Technology - IT Operations,CC-ENA-261,42,1984-03-03,,,Contractor,Active,4,4,5,5,No,No,24, TRUE ,FALSE,FALSE,TRUE,35-44,11+ yrs,Director/Partner,2,Low
EMP1184,Arjun Lopez,arjun.lopez2@deloitte.com,Male,2018-08-20,,,Yes,8,1,8,Oceania,Australia,Victoria,Melbourne,Mia Lee,mia.lee@deloitte.com,Audit & Assurance,Risk Advisory - Internal Audit,CC-AUD-846,47,1979-07-17,,,Contractor,Active,4,3,1,4,No,No,8, TRUE ,FALSE,FALSE,TRUE,45-54,6-10 yrs,Manager,3,Medium
EMP1185,Hannah Brown,hannah.brown@deloitte.com,Female,2002-06-29,,2016-12-19,Yes,24,3,10,Oceania,Australia,Victoria,Melbourne,Georgia Anderson,georgia.anderson@deloitte.com,Consulting,Strategy & Operations - Operations Excellence,CC-CON-280,57,1968-08-20,,,Full Time,Active,4,2,4,4,No,No,24, TRUE ,FALSE,FALSE,TRUE,55+,11+ yrs,Director/Partner,4,Medium
EMP1186,Ryan Taylor,ryan.taylor2@deloitte.com,Male,2016-04-24,,2023-10-12,Yes,10,3,3,Oceania,Australia,Victoria,Melbourne,Leo Kim,leo.kim@deloitte.com,Audit & Assurance,Risk Advisory - Technology Risk,CC-AUD-625,48,1978-03-15,,,Full Time,Active,4,4,3,2,No,No,10, TRUE ,FALSE,FALSE,TRUE,45-54,6-10 yrs,Senior Manager,1,Low
EMP1187,Oscar Lee,oscar.lee2@deloitte.com,Male,2019-08-22,,2022-12-02,Yes,7,3,4,Oceania,Australia,Victoria,Melbourne,Charlotte Adams,charlotte.adams@deloitte.com,Audit & Assurance,External Audit - Consumer Audit,CC-AUD-876,27,1998-11-22,,,Full Time,Active,4,3,4,4,No,No,7, TRUE ,FALSE,FALSE,TRUE,25-34,6-10 yrs,Manager,2,Low
EMP1188,Ivy Mehta,ivy.mehta@deloitte.com,Female,2018-01-25,2018-12-18,,Yes,1,0,1,Oceania,Australia,Victoria,Melbourne,Charlotte Martin,charlotte.martin@deloitte.com,Tax & Legal,Legal - Commercial Advisory,CC-TAX-923,31,1994-08-29,Voluntary,Better Salary,Full Time,Inactive,3,5,3,3,Yes,Yes,1, FALSE ,TRUE,FALSE,FALSE,25-34,1-2 yrs,Analyst,0,Low
EMP1189,Thomas Sharma,thomas.sharma@deloitte.com,Male,2003-03-12,,2020-05-20,Yes,23,3,6,Oceania,Australia,New South Wales,Sydney,Isla Sharma,isla.sharma@deloitte.com,Consulting,Strategy & Operations - Business Transformation,CC-CON-964,46,1980-01-04,,,Full Time,Active,3,5,5,3,No,No,23, TRUE ,FALSE,FALSE,TRUE,45-54,11+ yrs,Director/Partner,2,Low
EMP1190,Ruby Hall,ruby.hall@deloitte.com,Female,2025-12-23,,,Yes,1,0,1,Oceania,Australia,New South Wales,Sydney,David Martin,david.martin@deloitte.com,Enabling Areas,Marketing - Brand & Communications,CC-ENA-277,40,1986-06-09,,,Full Time,Active,5,4,2,3,No,No,1, TRUE ,FALSE,TRUE,FALSE,35-44,1-2 yrs,Analyst,1,Low
EMP1191,Ivy Iyer,ivy.iyer2@deloitte.com,Female,2017-08-25,2025-03-28,,Yes,8,2,8,Asia,India,Telangana,Hyderabad,Ava Green,ava.green@deloitte.com,Enabling Areas,Marketing - Brand & Communications,CC-ENA-420,28,1998-02-27,Voluntary,Lack of Learning Opportunities,Contractor,Inactive,1,1,2,2,Yes,Yes,8, FALSE ,TRUE,FALSE,TRUE,25-34,6-10 yrs,Manager,8,High
EMP1192,Isla Adams,isla.adams2@deloitte.com,Female,2016-05-15,,,Yes,10,3,10,Oceania,Australia,Victoria,Melbourne,Mia Garcia,mia.garcia@deloitte.com,Enabling Areas,People & Culture - Talent Acquisition,CC-ENA-850,33,1993-07-18,,,Full Time,Active,3,2,5,4,No,No,10, TRUE ,FALSE,FALSE,TRUE,25-34,6-10 yrs,Senior Manager,4,Medium
EMP1193,David Martinez,david.martinez@deloitte.com,Male,2015-12-04,,2020-09-28,Yes,11,2,6,Oceania,Australia,New South Wales,Sydney,Charlotte Martin,charlotte.martin@deloitte.com,Consulting,Strategy & Operations - Customer Strategy,CC-CON-461,34,1991-08-20,,,Full Time,Active,5,5,2,3,No,No,11, TRUE ,FALSE,FALSE,TRUE,25-34,11+ yrs,Senior Manager,3,Medium
EMP1194,Hannah Kumar,hannah.kumar3@deloitte.com,Female,2026-03-08,,,No,0,0,0,Oceania,Australia,Western Australia,Perth,Isla Wilson,isla.wilson@deloitte.com,Consulting,Strategy & Operations - Customer Strategy,CC-CON-985,42,1984-02-21,,,Full Time,Active,3,2,3,3,No,No,0, TRUE ,FALSE,TRUE,FALSE,35-44,<1 yr,Analyst,2,Low
EMP1195,Ava Mehta,ava.mehta3@deloitte.com,Female,2001-04-16,,,Yes,25,4,25,Oceania,Australia,New South Wales,Sydney,Ananya Reddy,ananya.reddy@deloitte.com,Tax & Legal,Legal - Employment Law,CC-TAX-722,54,1971-11-23,,,Contractor,Active,4,3,5,3,No,No,25, TRUE ,FALSE,FALSE,TRUE,45-54,11+ yrs,Director/Partner,2,Low
EMP1196,Matthew Wilson,matthew.wilson3@deloitte.com,Male,2023-08-19,,,Yes,3,1,3,Oceania,Australia,New South Wales,Sydney,Chloe Lee,chloe.lee@deloitte.com,Tax & Legal,Legal - Employment Law,CC-TAX-312,48,1978-02-11,,,Full Time,Active,5,3,4,3,No,No,3, TRUE ,FALSE,FALSE,TRUE,45-54,3-5 yrs,Consultant,0,Low
EMP1197,Samuel Joshi,samuel.joshi@deloitte.com,Male,2013-09-05,2021-08-07,2018-01-19,Yes,8,1,4,Oceania,Australia,New South Wales,Sydney,Vikram Green,vikram.green@deloitte.com,Consulting,Strategy & Operations - Business Transformation,CC-CON-201,34,1992-05-28,Voluntary,Lack of Career Progression,Full Time,Inactive,2,3,3,2,Yes,Yes,8, FALSE ,TRUE,FALSE,TRUE,25-34,6-10 yrs,Manager,5,Medium
EMP1198,William Smith,william.smith@deloitte.com,Male,2019-09-18,2023-12-31,,Yes,4,0,4,Asia,Singapore,Singapore,Singapore,Adam Chen,adam.chen@deloitte.com,Consulting,Strategy & Operations - Customer Strategy,CC-CON-700,27,1998-10-13,Voluntary,Better Career Opportunity,Full Time,Inactive,4,4,3,2,Yes,Yes,4, FALSE ,TRUE,FALSE,FALSE,25-34,3-5 yrs,Consultant,4,Medium
EMP1199,Meera White,meera.white2@deloitte.com,Female,2000-08-04,,2024-09-07,Yes,26,5,2,Oceania,Australia,Victoria,Melbourne,Joshua Taylor,joshua.taylor@deloitte.com,Tax & Legal,Business Tax - Corporate Tax,CC-TAX-603,46,1979-11-18,,,Full Time,Active,4,4,2,5,No,No,26, TRUE ,FALSE,FALSE,TRUE,45-54,11+ yrs,Director/Partner,1,Low
EMP1200,Samuel Gupta,samuel.gupta2@deloitte.com,Male,2021-06-27,2025-01-15,,Yes,4,2,4,Oceania,Australia,Victoria,Melbourne,Georgia Clark,georgia.clark@deloitte.com,Tax & Legal,Legal - Commercial Advisory,CC-TAX-104,41,1984-12-17,Voluntary,Lack of Career Progression,Full Time,Inactive,1,2,1,2,Yes,Yes,4, FALSE ,TRUE,FALSE,TRUE,35-44,3-5 yrs,Consultant,8,High
EMP1201,Jack Clark,jack.clark2@deloitte.com,Male,2016-07-20,,,Yes,10,1,10,Asia,India,Karnataka,Bengaluru,Vikram Martinez,vikram.martinez@deloitte.com,Consulting,Human Capital - HR Transformation,CC-CON-541,44,1981-09-10,,,Full Time,Active,2,4,2,2,No,No,10, TRUE ,FALSE,FALSE,TRUE,35-44,6-10 yrs,Senior Manager,6,High
EMP1202,Daniel Chen,daniel.chen@deloitte.com,Male,2012-05-09,,2021-05-28,Yes,14,4,5,Oceania,Australia,South Australia,Adelaide,Laura Thomas,laura.thomas@deloitte.com,Tax & Legal,Legal - Employment Law,CC-TAX-259,56,1969-12-29,,,Full Time,Active,1,2,5,4,No,No,14, TRUE ,FALSE,FALSE,TRUE,55+,11+ yrs,Senior Manager,6,High
EMP1203,Jessica Wong,jessica.wong@deloitte.com,Female,2003-03-01,,2017-02-13,Yes,23,4,9,Oceania,Australia,New South Wales,Sydney,Lucas Nair,lucas.nair@deloitte.com,Audit & Assurance,Risk Advisory - Regulatory Risk,CC-AUD-489,46,1979-11-06,,,Full Time,Active,4,4,5,4,No,No,23, TRUE ,FALSE,FALSE,TRUE,45-54,11+ yrs,Director/Partner,2,Low
EMP1204,Henry Park,henry.park2@deloitte.com,Male,2017-03-10,,,Yes,9,0,9,Oceania,Australia,South Australia,Adelaide,Hannah Martinez,hannah.martinez@deloitte.com,Audit & Assurance,Risk Advisory - Internal Audit,CC-AUD-773,47,1978-08-04,,,Full Time,Active,4,2,3,3,No,No,9, TRUE ,FALSE,FALSE,FALSE,45-54,6-10 yrs,Manager,5,Medium
EMP1205,Benjamin Young,benjamin.young2@deloitte.com,Male,2026-05-21,,,No,0,0,0,Oceania,Australia,New South Wales,Sydney,Ananya Reddy,ananya.reddy@deloitte.com,Tax & Legal,Business Tax - Indirect Tax,CC-TAX-187,39,1986-09-02,,,Full Time,Active,4,3,3,2,No,No,0, TRUE ,FALSE,TRUE,FALSE,35-44,<1 yr,Analyst,1,Low
EMP1206,Benjamin Smith,benjamin.smith@deloitte.com,Male,2024-03-17,,2025-06-21,Yes,2,0,1,Oceania,Australia,South Australia,Adelaide,Lily Wong,lily.wong@deloitte.com,Audit & Assurance,External Audit - Financial Services Audit,CC-AUD-302,40,1986-01-07,,,Full Time,Active,2,4,3,5,No,No,2, TRUE ,FALSE,FALSE,FALSE,35-44,1-2 yrs,Consultant,2,Low
EMP1207,Kavya Thompson,kavya.thompson3@deloitte.com,Female,2021-07-26,,2022-05-13,Yes,5,1,4,Oceania,Australia,Victoria,Melbourne,Mia Nair,mia.nair@deloitte.com,Enabling Areas,People & Culture - People Operations,CC-ENA-335,30,1996-03-22,,,Full Time,Active,3,2,3,4,No,No,5, TRUE ,FALSE,FALSE,TRUE,25-34,3-5 yrs,Manager,4,Medium
EMP1208,Morgan Thomas,morgan.thomas@deloitte.com,Non-binary,2021-07-10,2026-04-11,,Yes,5,1,5,Oceania,Australia,Western Australia,Perth,Oliver Lee,oliver.lee@deloitte.com,Consulting,Human Capital - HR Transformation,CC-CON-506,32,1994-06-19,Voluntary,Lack of Career Progression,Contractor,Inactive,2,3,1,2,Yes,Yes,5, FALSE ,TRUE,FALSE,TRUE,25-34,3-5 yrs,Manager,6,High
EMP1209,James Patel,james.patel2@deloitte.com,Male,2009-12-17,,2020-05-04,Yes,17,5,6,Oceania,Australia,Western Australia,Perth,Grace Lewis,grace.lewis@deloitte.com,Tax & Legal,Legal - Regulatory,CC-TAX-171,35,1991-02-19,,,Full Time,Active,4,5,3,4,No,No,17, TRUE ,FALSE,FALSE,TRUE,35-44,11+ yrs,Senior Manager,2,Low
EMP1210,Mia Mehta,mia.mehta@deloitte.com,Female,2003-03-22,,2013-08-31,Yes,23,3,13,Oceania,Australia,South Australia,Adelaide,Ava Thomas,ava.thomas@deloitte.com,Enabling Areas,People & Culture - Talent Acquisition,CC-ENA-175,50,1975-08-03,,,Full Time,Active,4,4,4,4,No,No,23, TRUE ,FALSE,FALSE,TRUE,45-54,11+ yrs,Director/Partner,2,Low
EMP1211,Morgan Lopez,morgan.lopez@deloitte.com,Non-binary,2022-04-30,,,Yes,4,0,4,Oceania,Australia,Victoria,Melbourne,Georgia Anderson,georgia.anderson@deloitte.com,Tax & Legal,Legal - Regulatory,CC-TAX-450,22,2003-10-27,,,Full Time,Active,3,2,4,2,No,No,4, TRUE ,FALSE,FALSE,FALSE,<25,3-5 yrs,Consultant,6,High
EMP1212,Liam Young,liam.young2@deloitte.com,Male,2014-07-17,,,Yes,12,3,12,Asia,Singapore,Singapore,Singapore,Leo Kim,leo.kim@deloitte.com,Enabling Areas,People & Culture - People Operations,CC-ENA-728,35,1991-02-01,,,Contractor,Active,4,5,3,5,No,No,12, TRUE ,FALSE,FALSE,TRUE,35-44,11+ yrs,Senior Manager,2,Low
EMP1213,Hannah Adams,hannah.adams2@deloitte.com,Female,2006-12-10,,2011-10-31,Yes,20,1,15,Oceania,Australia,Victoria,Melbourne,Georgia Anderson,georgia.anderson@deloitte.com,Audit & Assurance,External Audit - Consumer Audit,CC-AUD-774,48,1978-07-22,,,Full Time,Active,5,4,4,3,No,No,20, TRUE ,FALSE,FALSE,TRUE,45-54,11+ yrs,Director/Partner,2,Low
EMP1214,Lucy King,lucy.king2@deloitte.com,Female,2010-11-17,,2025-01-10,Yes,16,4,2,Oceania,Australia,Victoria,Melbourne,Isla Wong,isla.wong@deloitte.com,Audit & Assurance,Risk Advisory - Internal Audit,CC-AUD-722,38,1988-05-22,,,Full Time,Active,2,5,2,2,No,No,16, TRUE ,FALSE,FALSE,TRUE,35-44,11+ yrs,Senior Manager,4,Medium
EMP1215,Ruby Garcia,ruby.garcia@deloitte.com,Female,2008-06-06,,2015-09-14,Yes,18,4,11,Asia,India,Karnataka,Bengaluru,Georgia Anderson,georgia.anderson@deloitte.com,Tax & Legal,Legal - Employment Law,CC-TAX-105,56,1970-06-10,,,Contractor,Active,5,3,4,3,No,No,18, TRUE ,FALSE,FALSE,TRUE,55+,11+ yrs,Director/Partner,2,Low
EMP1216,Ruby White,ruby.white2@deloitte.com,Female,2017-10-31,,2021-12-08,Yes,9,2,5,Oceania,Australia,Victoria,Melbourne,Jessica Lewis,jessica.lewis@deloitte.com,Consulting,Technology & Transformation - Cyber,CC-CON-182,55,1971-02-19,,,Contractor,Active,4,4,2,4,No,No,9, TRUE ,FALSE,FALSE,TRUE,55+,6-10 yrs,Manager,3,Medium
EMP1217,Ivy Patel,ivy.patel2@deloitte.com,Female,2018-08-17,,2022-01-04,Yes,8,1,5,Asia,India,Karnataka,Bengaluru,Arjun Anderson,arjun.anderson@deloitte.com,Audit & Assurance,External Audit - Financial Services Audit,CC-AUD-788,48,1977-09-07,,,Full Time,Active,4,4,4,2,No,No,8, TRUE ,FALSE,FALSE,TRUE,45-54,6-10 yrs,Manager,3,Medium
EMP1218,Benjamin Kumar,benjamin.kumar2@deloitte.com,Male,2002-04-19,,,Yes,24,4,24,Oceania,Australia,Victoria,Melbourne,Henry Joshi,henry.joshi@deloitte.com,Tax & Legal,Legal - Regulatory,CC-TAX-227,57,1969-06-16,,,Full Time,Active,4,5,5,5,No,No,24, TRUE ,FALSE,FALSE,TRUE,55+,11+ yrs,Director/Partner,2,Low
EMP1219,Aisha Singh,aisha.singh@deloitte.com,Female,2006-04-22,,2018-09-10,Yes,20,4,8,Oceania,Australia,Western Australia,Perth,Georgia Adams,georgia.adams@deloitte.com,Tax & Legal,Business Tax - Indirect Tax,CC-TAX-493,41,1985-03-03,,,Full Time,Active,2,4,5,3,No,No,20, TRUE ,FALSE,FALSE,TRUE,35-44,11+ yrs,Director/Partner,4,Medium
EMP1220,Grace Gupta,grace.gupta2@deloitte.com,Female,2022-03-19,,2023-10-07,Yes,4,0,3,Oceania,Australia,Victoria,Melbourne,Amelia Nair,amelia.nair@deloitte.com,Audit & Assurance,External Audit - Financial Services Audit,CC-AUD-900,37,1988-09-29,,,Full Time,Active,4,2,4,3,No,No,4, TRUE ,FALSE,FALSE,FALSE,35-44,3-5 yrs,Consultant,3,Medium
EMP1221,Priya Thompson,priya.thompson@deloitte.com,Female,2018-01-17,,2025-04-17,Yes,9,2,1,Asia,India,Telangana,Hyderabad,Ananya Reddy,ananya.reddy@deloitte.com,Tax & Legal,Business Tax - Global Employer Services,CC-TAX-524,55,1970-10-16,,,Full Time,Active,4,3,4,3,No,No,9, TRUE ,FALSE,FALSE,TRUE,55+,6-10 yrs,Manager,0,Low
EMP1222,Jacob Iyer,jacob.iyer@deloitte.com,Male,2022-10-03,,2024-12-24,Yes,4,1,2,Oceania,Australia,New South Wales,Sydney,Emily Harris,emily.harris@deloitte.com,Enabling Areas,Marketing - Brand & Communications,CC-ENA-961,55,1971-03-11,,,Full Time,Active,3,4,4,4,No,No,4, TRUE ,FALSE,FALSE,TRUE,55+,3-5 yrs,Consultant,0,Low
EMP1223,Nathan Kumar,nathan.kumar2@deloitte.com,Male,2025-02-22,,,Yes,1,0,1,Oceania,Australia,New South Wales,Sydney,Vikram Green,vikram.green@deloitte.com,Enabling Areas,Finance - Financial Planning,CC-ENA-522,31,1995-04-04,,,Full Time,Active,3,4,3,4,No,No,1, TRUE ,FALSE,FALSE,FALSE,25-34,1-2 yrs,Analyst,0,Low
EMP1224,Grace Patel,grace.patel2@deloitte.com,Female,2003-04-02,2017-08-30,2017-08-18,Yes,14,4,0,Asia,India,Karnataka,Bengaluru,Jessica Thompson,jessica.thompson@deloitte.com,Audit & Assurance,Risk Advisory - Internal Audit,CC-AUD-973,53,1972-12-31,Involuntary,Misconduct,Full Time,Inactive,3,3,1,5,Yes,Yes,14, FALSE ,TRUE,FALSE,TRUE,45-54,11+ yrs,Senior Manager,1,Low
EMP1225,Oliver Anderson,oliver.anderson2@deloitte.com,Male,2009-09-18,,,Yes,17,4,17,Oceania,Australia,New South Wales,Sydney,Adam Adams,adam.adams@deloitte.com,Consulting,Technology & Transformation - Data & AI,CC-CON-473,51,1975-07-12,,,Contractor,Active,5,3,5,3,No,No,17, TRUE ,FALSE,FALSE,TRUE,45-54,11+ yrs,Senior Manager,2,Low
EMP1226,Ava Wong,ava.wong3@deloitte.com,Female,2023-04-22,2026-03-27,,Yes,3,1,3,Oceania,Australia,New South Wales,Sydney,Amelia Nair,amelia.nair@deloitte.com,Audit & Assurance,External Audit - Financial Services Audit,CC-AUD-583,23,2003-02-02,Voluntary,Job Not Meeting Expectations,Contractor,Inactive,2,3,2,1,Yes,Yes,3, FALSE ,TRUE,FALSE,TRUE,<25,3-5 yrs,Consultant,4,Medium
EMP1227,Ananya Walker,ananya.walker2@deloitte.com,Female,2022-02-27,2024-10-03,,Yes,3,1,3,Oceania,Australia,Queensland,Brisbane,Oliver Hall,oliver.hall@deloitte.com,Enabling Areas,Marketing - Brand & Communications,CC-ENA-744,32,1993-08-02,Voluntary,Better Salary,Full Time,Inactive,2,1,3,3,Yes,Yes,3, FALSE ,TRUE,FALSE,TRUE,25-34,3-5 yrs,Consultant,4,Medium
EMP1228,Ananya Thomas,ananya.thomas2@deloitte.com,Female,2021-12-06,,,Yes,5,3,5,Oceania,Australia,Victoria,Melbourne,Chloe Thompson,chloe.thompson@deloitte.com,Enabling Areas,Finance - Financial Planning,CC-ENA-346,23,2003-04-20,,,Full Time,Active,3,2,4,3,No,No,5, TRUE ,FALSE,FALSE,TRUE,<25,3-5 yrs,Manager,4,Medium
EMP1229,Lucas Green,lucas.green@deloitte.com,Male,2012-04-26,,,Yes,14,2,14,Oceania,Australia,Victoria,Melbourne,Rohan Gupta,rohan.gupta@deloitte.com,Consulting,Human Capital - Organisation Design,CC-CON-505,64,1961-10-12,,,Full Time,Active,3,3,5,3,No,No,14, TRUE ,FALSE,FALSE,TRUE,55+,11+ yrs,Senior Manager,2,Low
EMP1230,Jessica Nguyen,jessica.nguyen2@deloitte.com,Female,2000-05-31,,2013-05-25,Yes,26,4,13,Oceania,Australia,Queensland,Brisbane,Ava Green,ava.green@deloitte.com,Consulting,Strategy & Operations - Customer Strategy,CC-CON-394,64,1962-01-04,,,Full Time,Active,3,4,4,2,No,No,26, TRUE ,FALSE,FALSE,TRUE,55+,11+ yrs,Director/Partner,3,Medium
EMP1231,Jack Tran,jack.tran@deloitte.com,Male,2006-05-27,,2018-06-17,Yes,20,5,8,Oceania,Australia,Victoria,Melbourne,Joshua Taylor,joshua.taylor@deloitte.com,Enabling Areas,Marketing - Brand & Communications,CC-ENA-848,47,1979-01-01,,,Full Time,Active,4,3,3,2,No,No,20, TRUE ,FALSE,FALSE,TRUE,45-54,11+ yrs,Director/Partner,3,Medium
EMP1232,Sophie King,sophie.king3@deloitte.com,Female,2025-02-24,,,Yes,1,0,1,Oceania,Australia,Victoria,Melbourne,Henry Joshi,henry.joshi@deloitte.com,Tax & Legal,Legal - Employment Law,CC-TAX-278,31,1994-10-08,,,Contractor,Active,5,4,4,4,No,No,1, TRUE ,FALSE,FALSE,FALSE,25-34,1-2 yrs,Analyst,0,Low
EMP1233,Zoe Thomas,zoe.thomas@deloitte.com,Female,2024-09-25,,,Yes,2,0,2,Oceania,Australia,New South Wales,Sydney,Charlotte Patel,charlotte.patel@deloitte.com,Consulting,Human Capital - HR Transformation,CC-CON-644,28,1998-01-16,,,Full Time,Active,4,5,1,5,No,No,2, TRUE ,FALSE,FALSE,FALSE,25-34,1-2 yrs,Consultant,1,Low
EMP1234,Sienna Wong,sienna.wong2@deloitte.com,Female,2021-02-14,,2026-05-18,Yes,5,1,0,Oceania,Australia,New South Wales,Sydney,Lucas Nair,lucas.nair@deloitte.com,Tax & Legal,Legal - Regulatory,CC-TAX-848,53,1972-08-04,,,Full Time,Active,3,5,2,4,No,No,5, TRUE ,FALSE,FALSE,TRUE,45-54,3-5 yrs,Manager,1,Low
EMP1235,Aisha Joshi,aisha.joshi@deloitte.com,Female,2025-06-09,,2026-05-29,Yes,1,1,0,Oceania,Australia,Victoria,Melbourne,Ethan Anderson,ethan.anderson@deloitte.com,Enabling Areas,Marketing - Brand & Communications,CC-ENA-552,41,1985-03-16,,,Full Time,Active,5,3,5,2,No,No,1, TRUE ,FALSE,FALSE,TRUE,35-44,1-2 yrs,Analyst,1,Low
EMP1236,Alex Kim,alex.kim2@deloitte.com,Non-binary,2023-10-20,,2026-05-31,Yes,3,2,0,Oceania,Australia,Victoria,Melbourne,Nisha Smith,nisha.smith@deloitte.com,Enabling Areas,People & Culture - Talent Acquisition,CC-ENA-626,57,1969-01-30,,,Full Time,Active,3,3,4,2,No,No,3, TRUE ,FALSE,FALSE,TRUE,55+,3-5 yrs,Consultant,1,Low
EMP1237,Samuel Park,samuel.park@deloitte.com,Male,2010-03-12,,2019-06-11,Yes,16,1,7,Oceania,Australia,Western Australia,Perth,Lucas Wong,lucas.wong@deloitte.com,Audit & Assurance,Risk Advisory - Technology Risk,CC-AUD-748,54,1972-05-27,,,Full Time,Active,5,3,3,1,No,No,16, TRUE ,FALSE,FALSE,TRUE,45-54,11+ yrs,Senior Manager,3,Medium
EMP1238,Joshua Hall,joshua.hall2@deloitte.com,Male,2025-06-23,,,Yes,1,0,1,Oceania,Australia,New South Wales,Sydney,Joshua Taylor,joshua.taylor@deloitte.com,Enabling Areas,People & Culture - People Operations,CC-ENA-891,34,1992-04-23,,,Full Time,Active,4,4,5,3,No,No,1, TRUE ,FALSE,FALSE,FALSE,25-34,1-2 yrs,Analyst,0,Low
EMP1239,Noah Park,noah.park@deloitte.com,Male,2023-07-01,,2025-08-15,Yes,3,0,1,Oceania,Australia,Victoria,Melbourne,Emily Nguyen,emily.nguyen@deloitte.com,Tax & Legal,Legal - Employment Law,CC-TAX-212,21,2005-06-27,,,Full Time,Active,5,1,3,5,No,No,3, TRUE ,FALSE,FALSE,FALSE,<25,3-5 yrs,Consultant,2,Low
EMP1240,Aisha Thompson,aisha.thompson@deloitte.com,Female,2015-05-27,,2025-03-16,Yes,11,2,1,Oceania,Australia,Victoria,Melbourne,Vikram Martinez,vikram.martinez@deloitte.com,Audit & Assurance,Risk Advisory - Regulatory Risk,CC-AUD-752,45,1981-06-24,,,Full Time,Active,4,4,2,4,No,No,11, TRUE ,FALSE,FALSE,TRUE,45-54,11+ yrs,Senior Manager,1,Low
EMP1241,Matthew Iyer,matthew.iyer2@deloitte.com,Male,2014-05-17,,,Yes,12,4,12,Oceania,Australia,New South Wales,Sydney,Luke Wright,luke.wright@deloitte.com,Audit & Assurance,Risk Advisory - Regulatory Risk,CC-AUD-139,44,1982-04-17,,,Full Time,Active,4,5,3,5,No,No,12, TRUE ,FALSE,FALSE,TRUE,35-44,11+ yrs,Senior Manager,2,Low
EMP1242,Jack Mehta,jack.mehta@deloitte.com,Male,2004-03-18,,,Yes,22,5,22,Oceania,Australia,New South Wales,Sydney,Oliver Hall,oliver.hall@deloitte.com,Audit & Assurance,External Audit - Financial Services Audit,CC-AUD-832,50,1976-02-15,,,Contractor,Active,4,3,1,5,No,No,22, TRUE ,FALSE,FALSE,TRUE,45-54,11+ yrs,Director/Partner,3,Medium
EMP1243,Hannah Martinez,hannah.martinez2@deloitte.com,Female,2016-09-08,2018-11-14,,Yes,2,0,2,Oceania,Australia,Victoria,Melbourne,Lily Wong,lily.wong@deloitte.com,Audit & Assurance,Risk Advisory - Regulatory Risk,CC-AUD-787,42,1983-10-06,Voluntary,Relocation,Full Time,Inactive,3,4,2,2,Yes,Yes,2, FALSE ,TRUE,FALSE,FALSE,35-44,1-2 yrs,Consultant,2,Low
EMP1244,Henry Green,henry.green@deloitte.com,Male,2003-05-11,,2005-05-06,Yes,23,4,21,Asia,Singapore,Singapore,Singapore,Mia Hall,mia.hall@deloitte.com,Consulting,Technology & Transformation - Enterprise Applications,CC-CON-216,51,1975-04-07,,,Full Time,Active,4,2,4,3,No,No,23, TRUE ,FALSE,FALSE,TRUE,45-54,11+ yrs,Director/Partner,4,Medium
EMP1245,Jacob Singh,jacob.singh@deloitte.com,Male,2021-02-01,2022-01-24,,Yes,1,0,1,Oceania,Australia,Queensland,Brisbane,Mia Garcia,mia.garcia@deloitte.com,Consulting,Human Capital - HR Transformation,CC-CON-130,57,1968-12-19,Voluntary,Other Personal Reasons,Full Time,Inactive,2,2,4,1,Yes,Yes,1, FALSE ,TRUE,FALSE,FALSE,55+,1-2 yrs,Analyst,5,Medium
EMP1246,Samuel Brown,samuel.brown@deloitte.com,Male,2013-05-22,,2013-12-23,Yes,13,3,13,Oceania,Australia,Victoria,Melbourne,Jessica Chen,jessica.chen@deloitte.com,Audit & Assurance,Risk Advisory - Internal Audit,CC-AUD-106,44,1982-02-14,,,Full Time,Active,4,4,4,4,No,No,13, TRUE ,FALSE,FALSE,TRUE,35-44,11+ yrs,Senior Manager,2,Low
EMP1247,Maya Young,maya.young@deloitte.com,Female,2012-07-17,,2026-07-04,Yes,14,5,0,Oceania,Australia,Western Australia,Perth,Grace Park,grace.park@deloitte.com,Enabling Areas,Marketing - Client Experience,CC-ENA-776,35,1991-06-27,,,Full Time,Active,5,5,5,3,No,No,14, TRUE ,FALSE,FALSE,TRUE,35-44,11+ yrs,Senior Manager,0,Low
EMP1248,Liam Clark,liam.clark@deloitte.com,Male,2006-09-18,,,Yes,20,5,20,Asia,India,Karnataka,Bengaluru,Emily Nguyen,emily.nguyen@deloitte.com,Consulting,Strategy & Operations - Business Transformation,CC-CON-448,64,1961-11-03,,,Full Time,Active,4,3,2,4,No,No,20, TRUE ,FALSE,FALSE,TRUE,55+,11+ yrs,Director/Partner,3,Medium
EMP1249,Olivia Lopez,olivia.lopez2@deloitte.com,Female,2023-08-28,,,Yes,3,0,3,Oceania,Australia,Queensland,Brisbane,Chloe Wilson,chloe.wilson@deloitte.com,Consulting,Strategy & Operations - Customer Strategy,CC-CON-261,23,2003-03-23,,,Full Time,Active,4,3,4,2,No,No,3, TRUE ,FALSE,FALSE,FALSE,<25,3-5 yrs,Consultant,1,Low
EMP1250,Priya Hall,priya.hall@deloitte.com,Female,2022-09-19,,2023-07-09,Yes,4,2,3,Oceania,Australia,Western Australia,Perth,Ananya Reddy,ananya.reddy@deloitte.com,Enabling Areas,People & Culture - Learning & Development,CC-ENA-392,22,2004-04-02,,,Full Time,Active,4,3,4,4,No,No,4, TRUE ,FALSE,FALSE,TRUE,<25,3-5 yrs,Consultant,0,Low
EMP1251,Sophie Kim,sophie.kim4@deloitte.com,Female,2022-08-18,2026-05-31,,Yes,4,1,4,Asia,Singapore,Singapore,Singapore,Isla Wilson,isla.wilson@deloitte.com,Consulting,Human Capital - HR Transformation,CC-CON-525,30,1995-09-01,Involuntary,Redundancy,Full Time,Inactive,3,2,3,1,Yes,Yes,4, FALSE ,TRUE,FALSE,TRUE,25-34,3-5 yrs,Consultant,5,Medium
EMP1252,Oscar Brown,oscar.brown@deloitte.com,Male,2011-11-25,,2020-01-28,Yes,15,5,7,Oceania,Australia,New South Wales,Sydney,Hannah Hall,hannah.hall@deloitte.com,Tax & Legal,Business Tax - Indirect Tax,CC-TAX-103,62,1964-03-06,,,Full Time,Active,5,4,3,3,No,No,15, TRUE ,FALSE,FALSE,TRUE,55+,11+ yrs,Senior Manager,2,Low
EMP1253,Lily Taylor,lily.taylor@deloitte.com,Female,2006-05-20,,,Yes,20,4,20,Oceania,Australia,Queensland,Brisbane,Jack King,jack.king@deloitte.com,Audit & Assurance,Risk Advisory - Regulatory Risk,CC-AUD-836,48,1977-09-14,,,Contractor,Active,2,4,3,2,No,No,20, TRUE ,FALSE,FALSE,TRUE,45-54,11+ yrs,Director/Partner,5,Medium
EMP1254,Priya Lewis,priya.lewis@deloitte.com,Female,2023-02-22,2025-05-24,,Yes,2,1,2,Oceania,Australia,Queensland,Brisbane,Nisha Smith,nisha.smith@deloitte.com,Tax & Legal,Legal - Regulatory,CC-TAX-958,52,1973-09-08,Involuntary,Probation Not Passed,Contractor,Inactive,2,1,3,2,Yes,Yes,2, FALSE ,TRUE,FALSE,TRUE,45-54,1-2 yrs,Consultant,5,Medium
EMP1255,Taylor Kim,taylor.kim@deloitte.com,Non-binary,2010-09-08,,2020-02-15,Yes,16,3,6,Oceania,Australia,Victoria,Melbourne,Charlotte Wong,charlotte.wong@deloitte.com,Enabling Areas,People & Culture - People Operations,CC-ENA-221,64,1962-02-01,,,Contractor,Active,4,4,4,4,No,No,16, TRUE ,FALSE,FALSE,TRUE,55+,11+ yrs,Senior Manager,2,Low
EMP1256,Adam White,adam.white@deloitte.com,Male,2001-10-07,,2004-09-19,Yes,25,4,22,Oceania,Australia,New South Wales,Sydney,William Lewis,william.lewis@deloitte.com,Enabling Areas,Marketing - Digital Marketing,CC-ENA-816,44,1981-10-27,,,Full Time,Active,3,5,4,4,No,No,25, TRUE ,FALSE,FALSE,TRUE,35-44,11+ yrs,Director/Partner,2,Low
EMP1257,Isla Thomas,isla.thomas2@deloitte.com,Female,2023-07-02,,,Yes,3,0,3,Oceania,Australia,Victoria,Melbourne,Jacob Kim,jacob.kim@deloitte.com,Tax & Legal,Legal - Commercial Advisory,CC-TAX-802,23,2003-05-20,,,Full Time,Active,4,4,4,4,No,No,3, TRUE ,FALSE,FALSE,FALSE,<25,3-5 yrs,Manager,2,Low
EMP1258,Ava Clark,ava.clark@deloitte.com,Female,2016-05-07,,,Yes,10,1,10,Oceania,Australia,Victoria,Melbourne,Charlotte Iyer,charlotte.iyer@deloitte.com,Enabling Areas,Technology - Information Security,CC-ENA-987,60,1966-03-29,,,Contractor,Active,4,3,3,4,No,No,10, TRUE ,FALSE,FALSE,TRUE,55+,6-10 yrs,Senior Manager,2,Low
EMP1259,Emily Kumar,emily.kumar@deloitte.com,Female,2011-07-27,,2021-02-17,Yes,15,4,5,Oceania,Australia,South Australia,Adelaide,Isla King,isla.king@deloitte.com,Tax & Legal,Business Tax - Corporate Tax,CC-TAX-344,63,1963-07-14,,,Full Time,Active,4,4,4,3,No,No,15, TRUE ,FALSE,FALSE,TRUE,55+,11+ yrs,Senior Manager,2,Low
EMP1260,Aisha Nair,aisha.nair@deloitte.com,Female,2020-01-24,2024-05-15,,Yes,4,1,4,Oceania,Australia,New South Wales,Sydney,Charlotte Iyer,charlotte.iyer@deloitte.com,Consulting,Human Capital - Organisation Design,CC-CON-405,57,1969-07-18,Voluntary,Better Salary,Full Time,Inactive,3,2,3,2,Yes,Yes,4, FALSE ,TRUE,FALSE,TRUE,55+,3-5 yrs,Consultant,5,Medium
EMP1261,Jacob Sharma,jacob.sharma@deloitte.com,Male,2007-09-01,2015-09-21,2011-02-19,Yes,8,2,5,Oceania,Australia,New South Wales,Sydney,Grace Park,grace.park@deloitte.com,Tax & Legal,Business Tax - Indirect Tax,CC-TAX-854,53,1973-02-22,Voluntary,Relocation,Full Time,Inactive,3,1,1,3,Yes,Yes,8, FALSE ,TRUE,FALSE,TRUE,45-54,6-10 yrs,Manager,5,Medium
EMP1262,Oliver Wong,oliver.wong@deloitte.com,Male,2022-05-04,,,Yes,4,1,4,Oceania,Australia,South Australia,Adelaide,Jessica Chen,jessica.chen@deloitte.com,Consulting,Strategy & Operations - Customer Strategy,CC-CON-314,37,1989-02-27,,,Full Time,Active,2,4,4,2,No,No,4, TRUE ,FALSE,FALSE,TRUE,35-44,3-5 yrs,Consultant,5,Medium
EMP1263,Lucy Wong,lucy.wong3@deloitte.com,Female,2023-07-02,,2024-12-17,Yes,3,1,2,Oceania,Australia,New South Wales,Sydney,Isla Taylor,isla.taylor@deloitte.com,Audit & Assurance,Risk Advisory - Regulatory Risk,CC-AUD-985,21,2004-08-21,,,Full Time,Active,2,4,5,5,No,No,3, TRUE ,FALSE,FALSE,TRUE,<25,3-5 yrs,Consultant,2,Low
EMP1264,Daniel Wright,daniel.wright3@deloitte.com,Male,2012-07-24,,2026-02-24,Yes,14,3,0,Oceania,Australia,Queensland,Brisbane,Meera Martin,meera.martin@deloitte.com,Audit & Assurance,External Audit - Consumer Audit,CC-AUD-540,59,1967-05-04,,,Full Time,Active,2,3,3,1,No,No,14, TRUE ,FALSE,FALSE,TRUE,55+,11+ yrs,Senior Manager,3,Medium
EMP1265,Maya Walker,maya.walker2@deloitte.com,Female,2019-01-04,,2025-02-23,Yes,8,0,1,Oceania,Australia,New South Wales,Sydney,Adam Garcia,adam.garcia@deloitte.com,Tax & Legal,Legal - Regulatory,CC-TAX-364,60,1965-11-01,,,Full Time,Active,5,4,5,3,No,No,8, TRUE ,FALSE,FALSE,FALSE,55+,6-10 yrs,Manager,1,Low
EMP1266,Lucy Lopez,lucy.lopez2@deloitte.com,Female,2026-07-01,,,No,0,0,0,Oceania,Australia,New South Wales,Sydney,Jacob Smith,jacob.smith@deloitte.com,Audit & Assurance,Risk Advisory - Internal Audit,CC-AUD-355,29,1997-05-25,,,Full Time,Active,4,1,3,3,No,No,0, TRUE ,FALSE,TRUE,FALSE,25-34,<1 yr,Analyst,2,Low
EMP1267,Thomas Baker,thomas.baker@deloitte.com,Male,2010-11-15,,2014-01-11,Yes,16,4,13,Oceania,Australia,Western Australia,Perth,Lucas Nair,lucas.nair@deloitte.com,Audit & Assurance,External Audit - Consumer Audit,CC-AUD-128,51,1975-06-06,,,Full Time,Active,4,3,3,1,No,No,16, TRUE ,FALSE,FALSE,TRUE,45-54,11+ yrs,Senior Manager,3,Medium
EMP1268,Chloe White,chloe.white@deloitte.com,Female,2005-11-21,,,Yes,21,3,21,Asia,India,Telangana,Hyderabad,Amelia Mehta,amelia.mehta@deloitte.com,Enabling Areas,People & Culture - People Operations,CC-ENA-523,45,1980-08-18,,,Full Time,Active,4,2,3,5,No,No,21, TRUE ,FALSE,FALSE,TRUE,45-54,11+ yrs,Director/Partner,4,Medium
EMP1269,Grace Anderson,grace.anderson@deloitte.com,Female,2023-10-07,,2025-10-13,Yes,3,1,1,Oceania,Australia,New South Wales,Sydney,Ruby Iyer,ruby.iyer@deloitte.com,Tax & Legal,Legal - Employment Law,CC-TAX-737,27,1998-10-06,,,Full Time,Active,5,3,3,3,No,No,3, TRUE ,FALSE,FALSE,TRUE,25-34,3-5 yrs,Consultant,0,Low
EMP1270,Ruby Baker,ruby.baker@deloitte.com,Female,2018-08-15,,2021-01-31,Yes,8,3,5,Oceania,Australia,New South Wales,Sydney,Henry Nguyen,henry.nguyen@deloitte.com,Consulting,Human Capital - Organisation Design,CC-CON-379,26,2000-04-24,,,Full Time,Active,3,5,4,4,No,No,8, TRUE ,FALSE,FALSE,TRUE,25-34,6-10 yrs,Manager,2,Low
EMP1271,Sarah Harris,sarah.harris@deloitte.com,Female,2020-02-21,,2021-07-09,Yes,6,1,5,Asia,India,Karnataka,Bengaluru,Lily Sharma,lily.sharma@deloitte.com,Audit & Assurance,External Audit - Public Sector Audit,CC-AUD-263,55,1970-12-25,,,Contractor,Active,5,3,4,3,No,No,6, TRUE ,FALSE,FALSE,TRUE,55+,6-10 yrs,Manager,2,Low
EMP1272,Olivia Thompson,olivia.thompson3@deloitte.com,Female,2024-06-14,,,Yes,2,0,2,Asia,Singapore,Singapore,Singapore,Thomas Iyer,thomas.iyer@deloitte.com,Audit & Assurance,External Audit - Financial Services Audit,CC-AUD-617,49,1977-04-04,,,Full Time,Active,5,4,4,4,No,No,2, TRUE ,FALSE,FALSE,FALSE,45-54,1-2 yrs,Consultant,0,Low
EMP1273,Isla Smith,isla.smith@deloitte.com,Female,2024-02-01,,,Yes,2,0,2,Oceania,Australia,New South Wales,Sydney,Vikram Martinez,vikram.martinez@deloitte.com,Enabling Areas,Finance - Financial Planning,CC-ENA-765,47,1978-11-02,,,Full Time,Active,2,4,5,3,No,No,2, TRUE ,FALSE,FALSE,FALSE,45-54,1-2 yrs,Consultant,2,Low
EMP1274,Noah Taylor,noah.taylor@deloitte.com,Male,2011-10-23,,2017-03-13,Yes,15,4,9,Oceania,Australia,Victoria,Melbourne,Isla Wilson,isla.wilson@deloitte.com,Tax & Legal,Legal - Commercial Advisory,CC-TAX-419,37,1989-01-17,,,Full Time,Active,4,4,2,4,No,No,15, TRUE ,FALSE,FALSE,TRUE,35-44,11+ yrs,Senior Manager,3,Medium
EMP1275,Priya Sharma,priya.sharma2@deloitte.com,Female,2016-10-31,,2023-10-25,Yes,10,1,3,Oceania,Australia,Victoria,Melbourne,Lucas Wong,lucas.wong@deloitte.com,Consulting,Human Capital - Organisation Design,CC-CON-531,39,1987-02-27,,,Full Time,Active,4,5,3,4,No,No,10, TRUE ,FALSE,FALSE,TRUE,35-44,6-10 yrs,Senior Manager,0,Low
EMP1276,Meera Sharma,meera.sharma@deloitte.com,Female,2000-06-15,,2012-10-24,Yes,26,2,14,Oceania,Australia,Queensland,Brisbane,Ruby Iyer,ruby.iyer@deloitte.com,Audit & Assurance,Risk Advisory - Regulatory Risk,CC-AUD-716,45,1981-06-08,,,Full Time,Active,3,4,5,3,No,No,26, TRUE ,FALSE,FALSE,TRUE,45-54,11+ yrs,Director/Partner,2,Low
EMP1277,Georgia Iyer,georgia.iyer2@deloitte.com,Female,2018-10-10,,,Yes,8,1,8,Oceania,Australia,Queensland,Brisbane,Charlotte Iyer,charlotte.iyer@deloitte.com,Tax & Legal,Business Tax - Corporate Tax,CC-TAX-187,31,1994-12-01,,,Contractor,Active,2,4,3,5,No,No,8, TRUE ,FALSE,FALSE,TRUE,25-34,6-10 yrs,Manager,4,Medium
EMP1278,Liam Martin,liam.martin@deloitte.com,Male,2019-06-19,,2022-06-19,Yes,7,2,4,Oceania,Australia,Western Australia,Perth,Ruby Iyer,ruby.iyer@deloitte.com,Consulting,Strategy & Operations - Customer Strategy,CC-CON-117,36,1990-04-16,,,Full Time,Active,5,3,3,3,No,No,7, TRUE ,FALSE,FALSE,TRUE,35-44,6-10 yrs,Manager,2,Low
EMP1279,Lucas Patel,lucas.patel@deloitte.com,Male,2000-12-12,,2024-05-20,Yes,26,4,2,Oceania,Australia,Queensland,Brisbane,Olivia Iyer,olivia.iyer@deloitte.com,Enabling Areas,Technology - Enterprise Platforms,CC-ENA-606,46,1980-03-22,,,Full Time,Active,3,3,4,5,No,No,26, TRUE ,FALSE,FALSE,TRUE,45-54,11+ yrs,Director/Partner,0,Low
EMP1280,Priya Patel,priya.patel@deloitte.com,Female,2017-05-07,,2019-02-15,Yes,9,2,7,Oceania,Australia,New South Wales,Sydney,Mia Nair,mia.nair@deloitte.com,Tax & Legal,Business Tax - Global Employer Services,CC-TAX-420,62,1963-12-01,,,Full Time,Active,2,5,5,2,No,No,9, TRUE ,FALSE,FALSE,TRUE,55+,6-10 yrs,Manager,5,Medium
EMP1281,Kiran Chen,kiran.chen2@deloitte.com,Male,2007-05-11,2022-01-07,2009-05-09,Yes,15,3,13,Oceania,Australia,Victoria,Melbourne,Adam Garcia,adam.garcia@deloitte.com,Tax & Legal,Business Tax - Corporate Tax,CC-TAX-923,62,1964-04-13,Voluntary,No Work-Life Balance,Full Time,Inactive,2,2,3,2,Yes,Yes,15, FALSE ,TRUE,FALSE,TRUE,55+,11+ yrs,Senior Manager,7,High
EMP1282,Ella Kim,ella.kim3@deloitte.com,Female,2015-04-05,,2018-06-19,Yes,11,2,8,Asia,Singapore,Singapore,Singapore,Chloe Thompson,chloe.thompson@deloitte.com,Audit & Assurance,External Audit - Consumer Audit,CC-AUD-339,30,1996-01-01,,,Full Time,Active,3,5,4,4,No,No,11, TRUE ,FALSE,FALSE,TRUE,25-34,11+ yrs,Senior Manager,2,Low
EMP1283,Maya Thomas,maya.thomas@deloitte.com,Female,2016-03-23,,2023-02-16,Yes,10,2,3,Oceania,Australia,Queensland,Brisbane,Lucas Tran,lucas.tran@deloitte.com,Consulting,Technology & Transformation - Cyber,CC-CON-342,56,1969-08-20,,,Full Time,Active,5,3,3,2,No,No,10, TRUE ,FALSE,FALSE,TRUE,55+,6-10 yrs,Senior Manager,1,Low
EMP1284,Oliver Martin,oliver.martin@deloitte.com,Male,2026-05-12,2026-07-13,,No,0,0,0,Oceania,Australia,Victoria,Melbourne,Emily Nguyen,emily.nguyen@deloitte.com,Enabling Areas,Marketing - Brand & Communications,CC-ENA-290,34,1992-01-02,Voluntary,Organizational Restructure,Contractor,Inactive,3,2,1,3,Yes,Yes,0, FALSE ,TRUE,TRUE,FALSE,25-34,<1 yr,Analyst,3,Medium
EMP1285,Alexander Young,alexander.young2@deloitte.com,Male,2010-01-14,,,Yes,17,5,17,Oceania,Australia,Queensland,Brisbane,Meera Wright,meera.wright@deloitte.com,Consulting,Strategy & Operations - Operations Excellence,CC-CON-793,53,1972-09-12,,,Full Time,Active,4,4,3,2,No,No,17, TRUE ,FALSE,FALSE,TRUE,45-54,11+ yrs,Senior Manager,3,Medium
EMP1286,Benjamin Park,benjamin.park@deloitte.com,Male,2023-01-07,,2025-09-16,Yes,4,1,1,Oceania,Australia,Victoria,Melbourne,Adam Adams,adam.adams@deloitte.com,Enabling Areas,Marketing - Brand & Communications,CC-ENA-407,58,1967-08-19,,,Full Time,Active,5,4,4,2,No,No,4, TRUE ,FALSE,FALSE,TRUE,55+,3-5 yrs,Consultant,1,Low
EMP1287,Liam Young,liam.young3@deloitte.com,Male,2004-02-20,,,Yes,22,4,22,Oceania,Australia,Victoria,Melbourne,Oliver Hall,oliver.hall@deloitte.com,Consulting,Technology & Transformation - Enterprise Applications,CC-CON-918,56,1970-05-16,,,Full Time,Active,3,3,1,3,No,No,22, TRUE ,FALSE,FALSE,TRUE,55+,11+ yrs,Director/Partner,3,Medium
EMP1288,Sarah Nguyen,sarah.nguyen2@deloitte.com,Female,2002-08-08,,2009-12-23,Yes,24,3,17,Oceania,Australia,Western Australia,Perth,Sophie Mehta,sophie.mehta@deloitte.com,Consulting,Human Capital - People Analytics,CC-CON-955,46,1980-01-24,,,Full Time,Active,3,4,4,4,No,No,24, TRUE ,FALSE,FALSE,TRUE,45-54,11+ yrs,Director/Partner,2,Low
EMP1289,Georgia Taylor,georgia.taylor@deloitte.com,Female,2023-04-02,,,Yes,3,1,3,Oceania,Australia,New South Wales,Sydney,Emily Nguyen,emily.nguyen@deloitte.com,Consulting,Technology & Transformation - Enterprise Applications,CC-CON-708,41,1985-07-20,,,Contractor,Active,4,3,4,4,No,No,3, TRUE ,FALSE,FALSE,TRUE,35-44,3-5 yrs,Consultant,0,Low
EMP1290,Charlotte Martinez,charlotte.martinez@deloitte.com,Female,2024-12-08,,2026-02-13,Yes,2,2,0,Oceania,Australia,New South Wales,Sydney,Jacob Smith,jacob.smith@deloitte.com,Tax & Legal,Business Tax - Global Employer Services,CC-TAX-530,36,1989-10-10,,,Full Time,Active,3,3,3,4,No,No,2, TRUE ,FALSE,FALSE,TRUE,35-44,1-2 yrs,Consultant,0,Low
EMP1291,Vikram Sharma,vikram.sharma2@deloitte.com,Male,2013-02-24,,2026-01-09,Yes,13,4,1,Oceania,Australia,Victoria,Melbourne,Jessica Thompson,jessica.thompson@deloitte.com,Enabling Areas,Finance - Financial Planning,CC-ENA-637,55,1971-04-09,,,Full Time,Active,5,3,4,4,No,No,13, TRUE ,FALSE,FALSE,TRUE,55+,11+ yrs,Senior Manager,0,Low
EMP1292,David Sharma,david.sharma2@deloitte.com,Male,2013-02-28,2015-10-22,,Yes,3,0,3,Oceania,Australia,Victoria,Melbourne,Mia Garcia,mia.garcia@deloitte.com,Audit & Assurance,Risk Advisory - Internal Audit,CC-AUD-655,38,1988-01-30,Involuntary,Probation Not Passed,Contractor,Inactive,3,2,3,1,Yes,Yes,3, FALSE ,TRUE,FALSE,FALSE,35-44,3-5 yrs,Consultant,3,Medium
EMP1293,David Brown,david.brown2@deloitte.com,Male,2023-07-28,,,Yes,3,0,3,Oceania,Australia,Western Australia,Perth,Isla Kumar,isla.kumar@deloitte.com,Enabling Areas,Finance - Accounts Payable,CC-ENA-885,23,2002-12-11,,,Full Time,Active,2,1,3,3,No,No,3, TRUE ,FALSE,FALSE,FALSE,<25,3-5 yrs,Consultant,4,Medium
EMP1294,Sophie Park,sophie.park2@deloitte.com,Female,2017-12-04,,2018-06-21,Yes,9,3,8,Oceania,Australia,New South Wales,Sydney,Isla Taylor,isla.taylor@deloitte.com,Consulting,Strategy & Operations - Operations Excellence,CC-CON-828,49,1977-04-04,,,Full Time,Active,3,3,2,3,No,No,9, TRUE ,FALSE,FALSE,TRUE,45-54,6-10 yrs,Manager,3,Medium
EMP1295,Zoe Adams,zoe.adams@deloitte.com,Female,2008-11-22,2020-07-22,,Yes,12,2,12,Oceania,Australia,Victoria,Melbourne,Michael Wright,michael.wright@deloitte.com,Tax & Legal,Business Tax - Global Employer Services,CC-TAX-507,45,1980-08-16,Involuntary,Position Eliminated,Contractor,Inactive,3,2,3,2,Yes,Yes,12, FALSE ,TRUE,FALSE,TRUE,45-54,11+ yrs,Senior Manager,5,Medium
EMP1296,Nisha Thomas,nisha.thomas@deloitte.com,Female,2010-01-20,,2025-12-06,Yes,17,3,1,Oceania,Australia,New South Wales,Sydney,Chloe Thompson,chloe.thompson@deloitte.com,Audit & Assurance,External Audit - Financial Services Audit,CC-AUD-194,38,1987-08-14,,,Full Time,Active,4,3,5,2,No,No,17, TRUE ,FALSE,FALSE,TRUE,35-44,11+ yrs,Senior Manager,1,Low
EMP1297,Henry Chen,henry.chen2@deloitte.com,Male,2021-02-25,,,Yes,5,0,5,Oceania,Australia,New South Wales,Sydney,Hannah Kim,hannah.kim@deloitte.com,Audit & Assurance,Risk Advisory - Regulatory Risk,CC-AUD-904,45,1981-05-28,,,Contractor,Active,5,5,3,4,No,No,5, TRUE ,FALSE,FALSE,FALSE,45-54,3-5 yrs,Manager,3,Medium
EMP1298,Maya Garcia,maya.garcia@deloitte.com,Female,2011-08-04,,2020-03-03,Yes,15,3,6,Asia,India,Telangana,Hyderabad,Mia Garcia,mia.garcia@deloitte.com,Consulting,Technology & Transformation - Enterprise Applications,CC-CON-935,33,1992-12-11,,,Full Time,Active,4,3,3,5,No,No,15, TRUE ,FALSE,FALSE,TRUE,25-34,11+ yrs,Senior Manager,2,Low
EMP1299,Oscar Mehta,oscar.mehta@deloitte.com,Male,2025-04-19,,,Yes,1,0,1,Oceania,Australia,Queensland,Brisbane,Charlotte Martin,charlotte.martin@deloitte.com,Tax & Legal,Legal - Regulatory,CC-TAX-866,23,2002-08-08,,,Full Time,Active,3,4,3,4,No,No,1, TRUE ,FALSE,FALSE,FALSE,<25,1-2 yrs,Analyst,0,Low
EMP1300,Avery Reddy,avery.reddy@deloitte.com,Non-binary,2021-04-16,,,Yes,5,1,5,Asia,India,Telangana,Hyderabad,William Iyer,william.iyer@deloitte.com,Enabling Areas,Finance - Accounts Payable,CC-ENA-413,48,1977-10-06,,,Full Time,Active,4,4,3,4,No,No,5, TRUE ,FALSE,FALSE,TRUE,45-54,3-5 yrs,Manager,2,Low
EMP1301,Henry Patel,henry.patel@deloitte.com,Male,2018-05-11,,,Yes,8,1,8,Asia,India,Karnataka,Bengaluru,Arjun Anderson,arjun.anderson@deloitte.com,Consulting,Technology & Transformation - Data & AI,CC-CON-555,64,1961-09-30,,,Full Time,Active,1,4,5,2,No,No,8, TRUE ,FALSE,FALSE,TRUE,55+,6-10 yrs,Manager,5,Medium
EMP1302,Thomas Sharma,thomas.sharma2@deloitte.com,Male,2003-05-12,,,Yes,23,2,23,Oceania,Australia,Queensland,Brisbane,Arjun Anderson,arjun.anderson@deloitte.com,Tax & Legal,Business Tax - Global Employer Services,CC-TAX-822,49,1977-02-24,,,Full Time,Active,5,5,5,3,No,No,23, TRUE ,FALSE,FALSE,TRUE,45-54,11+ yrs,Director/Partner,2,Low
EMP1303,Emily Wong,emily.wong3@deloitte.com,Female,2016-04-01,,,Yes,10,0,10,Oceania,Australia,Queensland,Brisbane,Jessica Lewis,jessica.lewis@deloitte.com,Audit & Assurance,Risk Advisory - Internal Audit,CC-AUD-487,33,1993-06-24,,,Full Time,Active,3,3,4,2,No,No,10, TRUE ,FALSE,FALSE,FALSE,25-34,6-10 yrs,Senior Manager,4,Medium
EMP1304,Sarah Kim,sarah.kim2@deloitte.com,Female,2026-06-06,,,No,0,0,0,Oceania,Australia,Victoria,Melbourne,William Lewis,william.lewis@deloitte.com,Consulting,Technology & Transformation - Enterprise Applications,CC-CON-222,29,1996-09-03,,,Contractor,Active,2,5,3,3,No,No,0, TRUE ,FALSE,TRUE,FALSE,25-34,<1 yr,Analyst,2,Low
EMP1305,Jack Garcia,jack.garcia@deloitte.com,Male,2002-09-15,,,Yes,24,2,24,Oceania,Australia,South Australia,Adelaide,Jacob Kim,jacob.kim@deloitte.com,Tax & Legal,Business Tax - Corporate Tax,CC-TAX-608,53,1972-12-02,,,Full Time,Active,5,4,5,4,No,No,24, TRUE ,FALSE,FALSE,TRUE,45-54,11+ yrs,Director/Partner,2,Low
EMP1306,Ryan Tran,ryan.tran@deloitte.com,Male,2002-07-14,,2009-08-14,Yes,24,3,17,Oceania,Australia,Western Australia,Perth,Oliver Lee,oliver.lee@deloitte.com,Consulting,Strategy & Operations - Business Transformation,CC-CON-873,50,1975-08-03,,,Full Time,Active,3,4,5,2,No,No,24, TRUE ,FALSE,FALSE,TRUE,45-54,11+ yrs,Director/Partner,3,Medium
EMP1307,Meera Gupta,meera.gupta@deloitte.com,Female,2024-10-22,,,Yes,2,0,2,Oceania,Australia,New South Wales,Sydney,Emily Singh,emily.singh@deloitte.com,Audit & Assurance,External Audit - Public Sector Audit,CC-AUD-101,22,2003-10-15,,,Full Time,Active,5,3,5,3,No,No,2, TRUE ,FALSE,FALSE,FALSE,<25,1-2 yrs,Consultant,0,Low
EMP1308,Ryan Garcia,ryan.garcia2@deloitte.com,Male,2022-06-15,,,Yes,4,0,4,Oceania,Australia,New South Wales,Sydney,Laura Thomas,laura.thomas@deloitte.com,Audit & Assurance,External Audit - Financial Services Audit,CC-AUD-610,22,2004-03-16,,,Full Time,Active,5,4,4,4,No,No,4, TRUE ,FALSE,FALSE,FALSE,<25,3-5 yrs,Consultant,3,Medium
EMP1309,Michael King,michael.king@deloitte.com,Male,2012-05-11,,2023-11-18,Yes,14,2,3,Oceania,Australia,New South Wales,Sydney,Henry Joshi,henry.joshi@deloitte.com,Enabling Areas,Technology - Information Security,CC-ENA-984,38,1988-04-15,,,Full Time,Active,3,3,3,2,No,No,14, TRUE ,FALSE,FALSE,TRUE,35-44,11+ yrs,Senior Manager,1,Low
EMP1310,Ananya Green,ananya.green@deloitte.com,Female,2024-02-15,2025-11-06,,Yes,2,0,2,Oceania,Australia,New South Wales,Sydney,Oliver Kim,oliver.kim@deloitte.com,Audit & Assurance,External Audit - Financial Services Audit,CC-AUD-547,26,2000-06-02,Voluntary,Lack of Learning Opportunities,Full Time,Inactive,5,2,5,2,Yes,Yes,2, FALSE ,TRUE,FALSE,FALSE,25-34,1-2 yrs,Consultant,3,Medium
EMP1311,Rahul Harris,rahul.harris@deloitte.com,Male,2010-03-06,,2011-05-30,Yes,16,2,15,Oceania,Australia,Western Australia,Perth,Chloe Wilson,chloe.wilson@deloitte.com,Tax & Legal,Business Tax - Indirect Tax,CC-TAX-627,44,1982-03-15,,,Full Time,Active,3,4,3,3,No,No,16, TRUE ,FALSE,FALSE,TRUE,35-44,11+ yrs,Senior Manager,2,Low
EMP1312,Zoe Thompson,zoe.thompson@deloitte.com,Female,2011-07-15,,2012-07-31,Yes,15,2,14,Asia,India,Karnataka,Bengaluru,Jessica Chen,jessica.chen@deloitte.com,Audit & Assurance,External Audit - Financial Services Audit,CC-AUD-604,42,1984-07-28,,,Full Time,Active,4,3,3,2,No,No,15, TRUE ,FALSE,FALSE,TRUE,35-44,11+ yrs,Senior Manager,3,Medium
EMP1313,Alexander Nair,alexander.nair@deloitte.com,Male,2018-06-23,,,Yes,8,2,8,Oceania,Australia,Victoria,Melbourne,Chloe Wilson,chloe.wilson@deloitte.com,Audit & Assurance,Risk Advisory - Regulatory Risk,CC-AUD-815,31,1995-04-24,,,Full Time,Active,4,2,4,4,No,No,8, TRUE ,FALSE,FALSE,TRUE,25-34,6-10 yrs,Manager,4,Medium
EMP1314,Grace Wright,grace.wright@deloitte.com,Female,2025-11-07,2026-02-04,,No,0,0,0,Oceania,Australia,New South Wales,Sydney,Nathan Sharma,nathan.sharma@deloitte.com,Enabling Areas,People & Culture - Talent Acquisition,CC-ENA-468,23,2002-11-13,Voluntary,Lack of Career Progression,Full Time,Inactive,3,4,3,2,Yes,Yes,0, FALSE ,TRUE,TRUE,FALSE,<25,<1 yr,Analyst,1,Low
EMP1315,Jack Nguyen,jack.nguyen@deloitte.com,Male,2017-04-19,,2022-02-13,Yes,9,3,4,Oceania,Australia,Victoria,Melbourne,Olivia Iyer,olivia.iyer@deloitte.com,Enabling Areas,Finance - Accounts Payable,CC-ENA-735,47,1979-05-20,,,Full Time,Active,4,3,1,3,No,No,9, TRUE ,FALSE,FALSE,TRUE,45-54,6-10 yrs,Manager,3,Medium
EMP1316,Ivy Joshi,ivy.joshi2@deloitte.com,Female,2024-12-27,,,Yes,2,0,2,Oceania,Australia,New South Wales,Sydney,Charlotte Patel,charlotte.patel@deloitte.com,Enabling Areas,Marketing - Client Experience,CC-ENA-788,33,1993-06-28,,,Full Time,Active,4,3,3,4,No,No,2, TRUE ,FALSE,FALSE,FALSE,25-34,1-2 yrs,Consultant,0,Low
EMP1317,Sophie White,sophie.white@deloitte.com,Female,2016-10-12,,2021-02-22,Yes,10,1,5,Oceania,Australia,Victoria,Melbourne,Adam Adams,adam.adams@deloitte.com,Enabling Areas,Marketing - Client Experience,CC-ENA-787,59,1967-04-19,,,Full Time,Active,4,3,4,5,No,No,10, TRUE ,FALSE,FALSE,TRUE,55+,6-10 yrs,Senior Manager,2,Low
EMP1318,Daniel Thomas,daniel.thomas@deloitte.com,Male,2017-04-21,,2024-05-04,Yes,9,2,2,Oceania,Australia,Victoria,Melbourne,Matthew Lewis,matthew.lewis@deloitte.com,Enabling Areas,Marketing - Brand & Communications,CC-ENA-256,40,1986-05-18,,,Full Time,Active,2,3,4,3,No,No,9, TRUE ,FALSE,FALSE,TRUE,35-44,6-10 yrs,Manager,2,Low
EMP1319,Thomas Young,thomas.young@deloitte.com,Male,2018-08-07,,2025-10-12,Yes,8,3,1,Oceania,Australia,New South Wales,Sydney,Adam Adams,adam.adams@deloitte.com,Tax & Legal,Business Tax - Corporate Tax,CC-TAX-581,57,1969-07-13,,,Full Time,Active,2,4,1,2,No,No,8, TRUE ,FALSE,FALSE,TRUE,55+,6-10 yrs,Manager,4,Medium
EMP1320,Liam Walker,liam.walker@deloitte.com,Male,2017-01-19,,2019-06-05,Yes,10,3,7,Oceania,Australia,Victoria,Melbourne,William Lewis,william.lewis@deloitte.com,Audit & Assurance,Risk Advisory - Regulatory Risk,CC-AUD-562,50,1975-11-13,,,Full Time,Active,3,3,5,3,No,No,10, TRUE ,FALSE,FALSE,TRUE,45-54,6-10 yrs,Senior Manager,2,Low
EMP1321,Maya White,maya.white3@deloitte.com,Female,2001-06-30,,2019-10-07,Yes,25,1,7,Oceania,Australia,Victoria,Melbourne,Sarah Tran,sarah.tran@deloitte.com,Tax & Legal,Legal - Regulatory,CC-TAX-684,58,1967-10-03,,,Full Time,Active,4,3,4,3,No,No,25, TRUE ,FALSE,FALSE,TRUE,55+,11+ yrs,Director/Partner,2,Low
EMP1322,Amelia Thomas,amelia.thomas@deloitte.com,Female,2002-08-12,,2011-12-24,Yes,24,2,15,Oceania,Australia,Queensland,Brisbane,Grace Lewis,grace.lewis@deloitte.com,Consulting,Technology & Transformation - Enterprise Applications,CC-CON-458,51,1975-03-09,,,Full Time,Active,4,4,4,3,No,No,24, TRUE ,FALSE,FALSE,TRUE,45-54,11+ yrs,Director/Partner,2,Low
EMP1323,Oscar Adams,oscar.adams@deloitte.com,Male,2025-01-15,,,Yes,2,1,2,Oceania,Australia,Western Australia,Perth,Oliver Kim,oliver.kim@deloitte.com,Consulting,Strategy & Operations - Operations Excellence,CC-CON-498,37,1989-04-10,,,Full Time,Active,4,5,2,2,No,No,2, TRUE ,FALSE,FALSE,TRUE,35-44,1-2 yrs,Consultant,2,Low
EMP1324,Adam Adams,adam.adams@deloitte.com,Male,2004-01-23,,2009-11-08,Yes,23,3,17,Oceania,Australia,New South Wales,Sydney,Lily Taylor,lily.taylor@deloitte.com,Audit & Assurance,External Audit - Consumer Audit,CC-AUD-261,49,1977-03-15,,,Full Time,Active,4,2,3,4,No,No,23, TRUE ,FALSE,FALSE,TRUE,45-54,11+ yrs,Director/Partner,4,Medium
EMP1325,Matthew Kumar,matthew.kumar2@deloitte.com,Male,2024-02-10,,,Yes,2,0,2,Oceania,Australia,Victoria,Melbourne,Jacob Wilson,jacob.wilson@deloitte.com,Audit & Assurance,External Audit - Public Sector Audit,CC-AUD-464,38,1988-02-18,,,Full Time,Active,3,4,4,2,No,No,2, TRUE ,FALSE,FALSE,FALSE,35-44,1-2 yrs,Consultant,1,Low
EMP1326,Noah Young,noah.young@deloitte.com,Male,2020-10-27,,2022-12-29,Yes,6,3,4,Oceania,Australia,New South Wales,Sydney,Henry Nguyen,henry.nguyen@deloitte.com,Consulting,Strategy & Operations - Customer Strategy,CC-CON-183,42,1984-01-06,,,Full Time,Active,4,3,2,3,No,No,6, TRUE ,FALSE,FALSE,TRUE,35-44,6-10 yrs,Manager,3,Medium
EMP1327,Casey Park,casey.park@deloitte.com,Non-binary,2014-01-15,,,Yes,13,3,13,Oceania,Australia,Victoria,Melbourne,Charlotte Patel,charlotte.patel@deloitte.com,Tax & Legal,Business Tax - Indirect Tax,CC-TAX-633,64,1962-02-24,,,Contractor,Active,4,3,3,4,No,No,13, TRUE ,FALSE,FALSE,TRUE,55+,11+ yrs,Senior Manager,2,Low
EMP1328,Ruby Nair,ruby.nair2@deloitte.com,Female,2023-12-18,,2024-07-11,Yes,3,0,2,Oceania,Australia,Victoria,Melbourne,Sarah Wright,sarah.wright@deloitte.com,Consulting,Technology & Transformation - Data & AI,CC-CON-976,21,2004-09-21,,,Full Time,Active,3,3,4,5,No,No,3, TRUE ,FALSE,FALSE,FALSE,<25,3-5 yrs,Consultant,0,Low
EMP1329,Ananya Kim,ananya.kim@deloitte.com,Female,2021-02-15,,,Yes,5,2,5,Oceania,Australia,New South Wales,Sydney,David Martin,david.martin@deloitte.com,Consulting,Strategy & Operations - Customer Strategy,CC-CON-930,24,2002-02-14,,,Full Time,Active,4,5,4,4,No,No,5, TRUE ,FALSE,FALSE,TRUE,<25,3-5 yrs,Manager,2,Low
EMP1330,Aisha Tran,aisha.tran@deloitte.com,Female,2019-05-02,,2021-06-24,Yes,7,2,5,Oceania,Australia,New South Wales,Sydney,Meera Wright,meera.wright@deloitte.com,Tax & Legal,Business Tax - Indirect Tax,CC-TAX-818,25,2001-04-05,,,Full Time,Active,2,3,3,4,No,No,7, TRUE ,FALSE,FALSE,TRUE,25-34,6-10 yrs,Manager,4,Medium
EMP1331,Emily Anderson,emily.anderson@deloitte.com,Female,2023-11-22,,2026-07-19,Yes,3,2,0,Asia,India,Telangana,Hyderabad,Ruby Iyer,ruby.iyer@deloitte.com,Enabling Areas,Marketing - Digital Marketing,CC-ENA-634,33,1992-12-22,,,Full Time,Active,4,3,4,3,No,No,3, TRUE ,FALSE,FALSE,TRUE,25-34,3-5 yrs,Consultant,0,Low
EMP1332,Meera White,meera.white3@deloitte.com,Female,2021-07-27,,,Yes,5,0,5,Oceania,Australia,South Australia,Adelaide,Ruby Iyer,ruby.iyer@deloitte.com,Enabling Areas,Technology - Enterprise Platforms,CC-ENA-789,25,2001-07-20,,,Contractor,Active,2,2,4,1,No,No,5, TRUE ,FALSE,FALSE,FALSE,25-34,3-5 yrs,Manager,8,High
EMP1333,David Thomas,david.thomas@deloitte.com,Male,2024-09-08,,,Yes,2,0,2,Oceania,Australia,Victoria,Melbourne,Charlotte Martin,charlotte.martin@deloitte.com,Enabling Areas,Finance - Financial Planning,CC-ENA-539,28,1998-07-08,,,Full Time,Active,4,3,4,4,No,No,2, TRUE ,FALSE,FALSE,FALSE,25-34,1-2 yrs,Consultant,0,Low
EMP1334,Aisha Kim,aisha.kim@deloitte.com,Female,2022-08-25,,,Yes,4,0,4,Oceania,Australia,New South Wales,Sydney,Isla Wilson,isla.wilson@deloitte.com,Consulting,Human Capital - HR Transformation,CC-CON-131,63,1963-07-19,,,Full Time,Active,3,2,3,1,No,No,4, TRUE ,FALSE,FALSE,FALSE,55+,3-5 yrs,Consultant,6,High
EMP1335,Aisha Smith,aisha.smith2@deloitte.com,Female,2018-03-01,,,Yes,8,1,8,Oceania,Australia,South Australia,Adelaide,Sarah Wright,sarah.wright@deloitte.com,Consulting,Strategy & Operations - Customer Strategy,CC-CON-611,54,1971-10-02,,,Full Time,Active,5,3,5,4,No,No,8, TRUE ,FALSE,FALSE,TRUE,45-54,6-10 yrs,Manager,2,Low
EMP1336,Aisha Park,aisha.park@deloitte.com,Female,2015-07-09,,,Yes,11,2,11,Oceania,Australia,New South Wales,Sydney,Jessica Chen,jessica.chen@deloitte.com,Audit & Assurance,Risk Advisory - Internal Audit,CC-AUD-448,41,1984-12-13,,,Full Time,Active,3,4,3,4,No,No,11, TRUE ,FALSE,FALSE,TRUE,35-44,11+ yrs,Senior Manager,2,Low
EMP1337,Oscar Reddy,oscar.reddy@deloitte.com,Male,2001-10-27,,,Yes,25,5,25,Oceania,Australia,New South Wales,Sydney,Nisha Lopez,nisha.lopez@deloitte.com,Enabling Areas,Marketing - Brand & Communications,CC-ENA-423,57,1969-07-01,,,Full Time,Active,5,4,4,3,No,No,25, TRUE ,FALSE,FALSE,TRUE,55+,11+ yrs,Director/Partner,2,Low
EMP1338,Meera Martinez,meera.martinez2@deloitte.com,Female,2022-04-13,2023-12-19,,Yes,2,0,2,Oceania,Australia,New South Wales,Sydney,Isla Sharma,isla.sharma@deloitte.com,Tax & Legal,Business Tax - Corporate Tax,CC-TAX-901,26,2000-06-03,Voluntary,Better Salary,Full Time,Inactive,5,2,3,2,Yes,Yes,2, FALSE ,TRUE,FALSE,FALSE,25-34,1-2 yrs,Consultant,3,Medium
EMP1339,Ella Wong,ella.wong@deloitte.com,Female,2000-05-09,,2012-12-16,Yes,26,2,14,Oceania,Australia,Queensland,Brisbane,Lucas Wong,lucas.wong@deloitte.com,Consulting,Technology & Transformation - Enterprise Applications,CC-CON-478,46,1980-03-10,,,Full Time,Active,3,5,4,4,No,No,26, TRUE ,FALSE,FALSE,TRUE,45-54,11+ yrs,Director/Partner,2,Low
EMP1340,Sophie Anderson,sophie.anderson@deloitte.com,Female,2006-03-11,,2010-01-01,Yes,20,3,17,Oceania,Australia,South Australia,Adelaide,Ava Green,ava.green@deloitte.com,Tax & Legal,Legal - Regulatory,CC-TAX-499,44,1982-04-12,,,Full Time,Active,5,3,2,5,No,No,20, TRUE ,FALSE,FALSE,TRUE,35-44,11+ yrs,Director/Partner,3,Medium
EMP1341,Lily Walker,lily.walker@deloitte.com,Female,2025-06-19,,,Yes,1,0,1,Oceania,Australia,Victoria,Melbourne,Joshua Taylor,joshua.taylor@deloitte.com,Audit & Assurance,Risk Advisory - Regulatory Risk,CC-AUD-252,21,2005-06-17,,,Contractor,Active,3,2,4,2,No,No,1, TRUE ,FALSE,FALSE,FALSE,<25,1-2 yrs,Analyst,3,Medium
EMP1342,Adam Walker,adam.walker@deloitte.com,Male,2011-07-31,,2018-04-15,Yes,15,2,8,Oceania,Australia,New South Wales,Sydney,Meera Martin,meera.martin@deloitte.com,Enabling Areas,Finance - Accounts Payable,CC-ENA-811,58,1967-12-17,,,Contractor,Active,5,5,4,4,No,No,15, TRUE ,FALSE,FALSE,TRUE,55+,11+ yrs,Senior Manager,2,Low
EMP1343,Daniel Garcia,daniel.garcia@deloitte.com,Male,2013-08-16,,,Yes,13,5,13,Oceania,Australia,New South Wales,Sydney,Isla King,isla.king@deloitte.com,Consulting,Strategy & Operations - Business Transformation,CC-CON-768,55,1970-10-17,,,Full Time,Active,1,1,4,3,No,No,13, TRUE ,FALSE,FALSE,TRUE,55+,11+ yrs,Senior Manager,6,High
EMP1344,James Gupta,james.gupta2@deloitte.com,Male,2024-07-06,,,Yes,2,0,2,Asia,India,Karnataka,Bengaluru,Michael Wright,michael.wright@deloitte.com,Audit & Assurance,Risk Advisory - Technology Risk,CC-AUD-885,43,1983-03-26,,,Full Time,Active,4,4,5,2,No,No,2, TRUE ,FALSE,FALSE,FALSE,35-44,1-2 yrs,Consultant,1,Low
EMP1345,Daniel Walker,daniel.walker@deloitte.com,Male,2016-04-04,2019-12-13,2017-05-28,Yes,4,1,3,Oceania,Australia,Victoria,Melbourne,Chloe Lee,chloe.lee@deloitte.com,Audit & Assurance,Risk Advisory - Internal Audit,CC-AUD-474,41,1985-01-07,Voluntary,Other Personal Reasons,Full Time,Inactive,2,3,2,5,Yes,Yes,4, FALSE ,TRUE,FALSE,TRUE,35-44,3-5 yrs,Consultant,3,Medium
EMP1346,Meera Kumar,meera.kumar@deloitte.com,Female,2022-01-13,,2026-06-28,Yes,5,2,0,Oceania,Australia,New South Wales,Sydney,Sophie Mehta,sophie.mehta@deloitte.com,Consulting,Strategy & Operations - Business Transformation,CC-CON-833,23,2003-04-30,,,Full Time,Active,5,4,4,2,No,No,5, TRUE ,FALSE,FALSE,TRUE,<25,3-5 yrs,Manager,1,Low
EMP1347,Alexander Thompson,alexander.thompson@deloitte.com,Male,2004-04-10,2023-03-24,2006-08-11,Yes,19,4,17,Oceania,Australia,South Australia,Adelaide,Leo Walker,leo.walker@deloitte.com,Tax & Legal,Legal - Employment Law,CC-TAX-245,46,1979-10-05,Voluntary,Better Career Opportunity,Full Time,Inactive,3,4,2,2,Yes,Yes,19, FALSE ,TRUE,FALSE,TRUE,45-54,11+ yrs,Director/Partner,4,Medium
EMP1348,Laura Lopez,laura.lopez@deloitte.com,Female,2005-06-29,,2011-06-08,Yes,21,2,15,Oceania,Australia,Queensland,Brisbane,Hannah Iyer,hannah.iyer@deloitte.com,Consulting,Technology & Transformation - Data & AI,CC-CON-864,51,1974-09-19,,,Full Time,Active,3,4,3,3,No,No,21, TRUE ,FALSE,FALSE,TRUE,45-54,11+ yrs,Director/Partner,2,Low
EMP1349,Rahul Wong,rahul.wong@deloitte.com,Male,2019-11-19,,2021-05-30,Yes,7,0,5,Oceania,Australia,South Australia,Adelaide,Oliver Kim,oliver.kim@deloitte.com,Consulting,Human Capital - Organisation Design,CC-CON-704,43,1983-05-10,,,Full Time,Active,3,4,3,3,No,No,7, TRUE ,FALSE,FALSE,FALSE,35-44,6-10 yrs,Manager,3,Medium
EMP1350,Michael Thompson,michael.thompson3@deloitte.com,Male,2026-03-02,,,No,0,0,0,Oceania,Australia,Victoria,Melbourne,Sarah Wright,sarah.wright@deloitte.com,Enabling Areas,People & Culture - Learning & Development,CC-ENA-561,52,1973-12-26,,,Contractor,Active,3,2,3,5,No,No,0, TRUE ,FALSE,TRUE,FALSE,45-54,<1 yr,Analyst,2,Low
EMP1351,Adam Chen,adam.chen@deloitte.com,Male,2022-08-01,,,Yes,4,2,4,Asia,Singapore,Singapore,Singapore,Michael Chen,michael.chen@deloitte.com,Tax & Legal,Legal - Commercial Advisory,CC-TAX-103,34,1992-02-19,,,Full Time,Active,4,3,5,2,No,No,4, TRUE ,FALSE,FALSE,TRUE,25-34,3-5 yrs,Consultant,3,Medium
EMP1352,David Walker,david.walker@deloitte.com,Male,2024-08-26,,2025-09-27,Yes,2,0,1,Oceania,Australia,South Australia,Adelaide,Michael Chen,michael.chen@deloitte.com,Enabling Areas,Finance - Accounts Payable,CC-ENA-367,28,1997-11-01,,,Full Time,Active,4,3,3,5,No,No,2, TRUE ,FALSE,FALSE,FALSE,25-34,1-2 yrs,Consultant,0,Low
EMP1353,Ryan Singh,ryan.singh2@deloitte.com,Male,2019-04-30,,2024-04-30,Yes,7,3,2,Oceania,Australia,Victoria,Melbourne,Ananya Reddy,ananya.reddy@deloitte.com,Audit & Assurance,Risk Advisory - Regulatory Risk,CC-AUD-370,62,1964-05-27,,,Full Time,Active,3,3,5,3,No,No,7, TRUE ,FALSE,FALSE,TRUE,55+,6-10 yrs,Manager,0,Low
EMP1354,David Thomas,david.thomas2@deloitte.com,Male,2023-09-04,,,Yes,3,2,3,Oceania,Australia,Victoria,Melbourne,Oliver Lee,oliver.lee@deloitte.com,Consulting,Human Capital - Organisation Design,CC-CON-119,28,1998-04-24,,,Full Time,Active,3,4,5,4,No,No,3, TRUE ,FALSE,FALSE,TRUE,25-34,3-5 yrs,Consultant,0,Low
EMP1355,Sarah White,sarah.white@deloitte.com,Female,2023-02-20,,,Yes,3,0,3,Oceania,Australia,Victoria,Melbourne,Ruby Iyer,ruby.iyer@deloitte.com,Audit & Assurance,Risk Advisory - Regulatory Risk,CC-AUD-872,26,2000-07-18,,,Full Time,Active,3,2,4,3,No,No,3, TRUE ,FALSE,FALSE,FALSE,25-34,3-5 yrs,Consultant,2,Low
EMP1356,Vikram Sharma,vikram.sharma3@deloitte.com,Male,2007-12-14,,2019-02-15,Yes,19,5,7,Oceania,Australia,South Australia,Adelaide,Sarah Tran,sarah.tran@deloitte.com,Consulting,Human Capital - HR Transformation,CC-CON-709,57,1969-04-12,,,Full Time,Active,2,3,4,5,No,No,19, TRUE ,FALSE,FALSE,TRUE,55+,11+ yrs,Director/Partner,4,Medium
EMP1357,Jessica Wong,jessica.wong2@deloitte.com,Female,2023-03-19,,2023-10-11,Yes,3,1,3,Oceania,Australia,Victoria,Melbourne,Leo Walker,leo.walker@deloitte.com,Audit & Assurance,External Audit - Consumer Audit,CC-AUD-415,40,1985-10-31,,,Full Time,Active,4,1,3,4,No,No,3, TRUE ,FALSE,FALSE,TRUE,35-44,3-5 yrs,Consultant,2,Low
EMP1358,Amelia Tran,amelia.tran3@deloitte.com,Female,2003-05-07,,2003-12-14,Yes,23,3,23,Oceania,Australia,South Australia,Adelaide,Luke Wright,luke.wright@deloitte.com,Tax & Legal,Legal - Regulatory,CC-TAX-720,60,1965-10-20,,,Full Time,Active,1,5,5,4,No,No,23, TRUE ,FALSE,FALSE,TRUE,55+,11+ yrs,Director/Partner,4,Medium
EMP1359,Oliver Sharma,oliver.sharma@deloitte.com,Male,2023-10-15,2025-02-21,,Yes,1,0,1,Oceania,Australia,Queensland,Brisbane,Georgia Adams,georgia.adams@deloitte.com,Consulting,Technology & Transformation - Data & AI,CC-CON-879,51,1974-11-23,Voluntary,Dissatisfied with Manager,Full Time,Inactive,2,1,2,3,Yes,Yes,1, FALSE ,TRUE,FALSE,FALSE,45-54,1-2 yrs,Analyst,5,Medium
EMP1360,Sophie Green,sophie.green@deloitte.com,Female,2021-06-22,,,Yes,5,1,5,Oceania,Australia,New South Wales,Sydney,David Martin,david.martin@deloitte.com,Consulting,Strategy & Operations - Operations Excellence,CC-CON-415,44,1982-06-14,,,Full Time,Active,4,2,5,4,No,No,5, TRUE ,FALSE,FALSE,TRUE,35-44,3-5 yrs,Manager,4,Medium
EMP1361,Maya Clark,maya.clark@deloitte.com,Female,2026-04-18,,,No,0,0,0,Asia,India,Karnataka,Bengaluru,Hannah Kim,hannah.kim@deloitte.com,Tax & Legal,Legal - Commercial Advisory,CC-TAX-455,47,1978-08-03,,,Full Time,Active,4,5,4,4,No,No,0, TRUE ,FALSE,TRUE,FALSE,45-54,<1 yr,Analyst,0,Low
EMP1362,Matthew Baker,matthew.baker@deloitte.com,Male,2014-11-27,,2020-12-17,Yes,12,5,6,Oceania,Australia,New South Wales,Sydney,Hannah Martinez,hannah.martinez@deloitte.com,Tax & Legal,Legal - Employment Law,CC-TAX-853,34,1992-07-22,,,Contractor,Active,3,3,4,3,No,No,12, TRUE ,FALSE,FALSE,TRUE,25-34,11+ yrs,Senior Manager,2,Low
EMP1363,Hannah Wright,hannah.wright@deloitte.com,Female,2015-08-25,,2019-03-23,Yes,11,0,7,Oceania,Australia,Victoria,Melbourne,Hannah Iyer,hannah.iyer@deloitte.com,Tax & Legal,Business Tax - Indirect Tax,CC-TAX-607,49,1976-09-10,,,Full Time,Active,3,4,4,3,No,No,11, TRUE ,FALSE,FALSE,FALSE,45-54,11+ yrs,Senior Manager,3,Medium
EMP1364,Michael Lopez,michael.lopez2@deloitte.com,Male,2010-03-08,,,Yes,16,3,16,Oceania,Australia,Western Australia,Perth,Lucas Wong,lucas.wong@deloitte.com,Consulting,Human Capital - People Analytics,CC-CON-644,46,1980-01-09,,,Full Time,Active,3,4,3,3,No,No,16, TRUE ,FALSE,FALSE,TRUE,45-54,11+ yrs,Senior Manager,2,Low
EMP1365,Ella Martinez,ella.martinez@deloitte.com,Female,2020-06-24,,,Yes,6,3,6,Oceania,Australia,Victoria,Melbourne,Hannah Martinez,hannah.martinez@deloitte.com,Tax & Legal,Business Tax - Indirect Tax,CC-TAX-101,28,1997-12-05,,,Full Time,Active,4,3,3,5,No,No,6, TRUE ,FALSE,FALSE,TRUE,25-34,6-10 yrs,Manager,2,Low
EMP1366,Ava Patel,ava.patel@deloitte.com,Female,2025-08-17,2026-03-19,,Yes,1,0,1,Asia,India,Karnataka,Bengaluru,Emily Nguyen,emily.nguyen@deloitte.com,Tax & Legal,Legal - Employment Law,CC-TAX-808,27,1998-08-24,Voluntary,Better Career Opportunity,Full Time,Inactive,5,3,4,4,Yes,Yes,1, FALSE ,TRUE,TRUE,FALSE,25-34,1-2 yrs,Analyst,0,Low
EMP1367,Adam Tran,adam.tran@deloitte.com,Male,2025-04-05,2026-03-05,,Yes,1,0,1,Asia,India,Telangana,Hyderabad,Charlotte Wong,charlotte.wong@deloitte.com,Audit & Assurance,Risk Advisory - Internal Audit,CC-AUD-145,33,1993-05-20,Voluntary,Better Career Opportunity,Full Time,Inactive,3,3,3,3,Yes,Yes,1, FALSE ,TRUE,FALSE,FALSE,25-34,1-2 yrs,Analyst,0,Low
EMP1368,Kiran Nguyen,kiran.nguyen@deloitte.com,Male,2021-01-19,,2026-03-23,Yes,6,3,0,Oceania,Australia,Queensland,Brisbane,Amelia Thompson,amelia.thompson@deloitte.com,Enabling Areas,Finance - Accounts Payable,CC-ENA-123,57,1969-06-21,,,Full Time,Active,5,5,4,4,No,No,6, TRUE ,FALSE,FALSE,TRUE,55+,6-10 yrs,Manager,0,Low
EMP1369,Rohan Wilson,rohan.wilson2@deloitte.com,Male,2012-11-15,,2023-01-26,Yes,14,2,4,Oceania,Australia,Queensland,Brisbane,David Martin,david.martin@deloitte.com,Audit & Assurance,External Audit - Financial Services Audit,CC-AUD-836,32,1994-03-28,,,Full Time,Active,3,2,3,2,No,No,14, TRUE ,FALSE,FALSE,TRUE,25-34,11+ yrs,Senior Manager,5,Medium
EMP1370,Nisha Wright,nisha.wright@deloitte.com,Female,2023-10-10,,,Yes,3,0,3,Oceania,Australia,New South Wales,Sydney,Ethan Anderson,ethan.anderson@deloitte.com,Consulting,Human Capital - Organisation Design,CC-CON-167,44,1982-06-03,,,Contractor,Active,4,4,4,4,No,No,3, TRUE ,FALSE,FALSE,FALSE,35-44,3-5 yrs,Consultant,0,Low
EMP1371,Sienna Brown,sienna.brown2@deloitte.com,Female,2001-10-30,,2026-06-13,Yes,25,4,0,Oceania,Australia,South Australia,Adelaide,Chloe Wilson,chloe.wilson@deloitte.com,Tax & Legal,Legal - Employment Law,CC-TAX-318,48,1977-12-15,,,Full Time,Active,4,5,4,4,No,No,25, TRUE ,FALSE,FALSE,TRUE,45-54,11+ yrs,Director/Partner,0,Low
EMP1372,Olivia Wright,olivia.wright2@deloitte.com,Female,2021-06-30,2021-08-19,,No,0,0,0,Oceania,Australia,New South Wales,Sydney,Lucas Tran,lucas.tran@deloitte.com,Audit & Assurance,External Audit - Consumer Audit,CC-AUD-604,60,1965-10-06,Involuntary,Policy Violation,Full Time,Inactive,3,2,3,4,Yes,Yes,0, FALSE ,TRUE,FALSE,FALSE,55+,<1 yr,Analyst,2,Low
EMP1373,Benjamin Park,benjamin.park2@deloitte.com,Male,2013-01-23,,,Yes,14,4,14,Oceania,Australia,New South Wales,Sydney,Liam Martin,liam.martin@deloitte.com,Consulting,Technology & Transformation - Cyber,CC-CON-470,41,1985-05-28,,,Full Time,Active,3,5,4,5,No,No,14, TRUE ,FALSE,FALSE,TRUE,35-44,11+ yrs,Senior Manager,2,Low
EMP1374,Ethan Lopez,ethan.lopez@deloitte.com,Male,2008-10-13,,,Yes,18,4,18,Oceania,Australia,Victoria,Melbourne,Grace Park,grace.park@deloitte.com,Consulting,Human Capital - Organisation Design,CC-CON-758,46,1980-02-12,,,Full Time,Active,4,4,3,4,No,No,18, TRUE ,FALSE,FALSE,TRUE,45-54,11+ yrs,Director/Partner,2,Low
EMP1375,Sophie Mehta,sophie.mehta@deloitte.com,Female,2010-05-16,,2018-11-16,Yes,16,4,8,Oceania,Australia,Victoria,Melbourne,Jacob Kim,jacob.kim@deloitte.com,Audit & Assurance,External Audit - Public Sector Audit,CC-AUD-974,34,1991-10-23,,,Full Time,Active,3,4,5,1,No,No,16, TRUE ,FALSE,FALSE,TRUE,25-34,11+ yrs,Senior Manager,3,Medium
EMP1376,Jack Wilson,jack.wilson2@deloitte.com,Male,2002-07-05,,,Yes,24,3,24,Oceania,Australia,Queensland,Brisbane,Lucy Reddy,lucy.reddy@deloitte.com,Audit & Assurance,External Audit - Consumer Audit,CC-AUD-950,57,1968-11-30,,,Contractor,Active,4,4,3,4,No,No,24, TRUE ,FALSE,FALSE,TRUE,55+,11+ yrs,Director/Partner,2,Low
EMP1377,Georgia Thomas,georgia.thomas2@deloitte.com,Female,2021-10-19,,,Yes,5,1,5,Asia,India,Karnataka,Bengaluru,Adam Chen,adam.chen@deloitte.com,Tax & Legal,Business Tax - Indirect Tax,CC-TAX-473,55,1970-10-20,,,Full Time,Active,4,4,4,4,No,No,5, TRUE ,FALSE,FALSE,TRUE,55+,3-5 yrs,Manager,2,Low
EMP1378,Oliver Sharma,oliver.sharma2@deloitte.com,Male,2004-03-27,,2014-03-22,Yes,22,2,12,Oceania,Australia,New South Wales,Sydney,Michael Clark,michael.clark@deloitte.com,Consulting,Strategy & Operations - Operations Excellence,CC-CON-115,42,1984-05-29,,,Full Time,Active,5,4,4,3,No,No,22, TRUE ,FALSE,FALSE,TRUE,35-44,11+ yrs,Director/Partner,2,Low
EMP1379,Adam Patel,adam.patel2@deloitte.com,Male,2025-06-28,,,Yes,1,0,1,Oceania,Australia,Queensland,Brisbane,Nathan Sharma,nathan.sharma@deloitte.com,Tax & Legal,Legal - Regulatory,CC-TAX-814,22,2004-04-18,,,Full Time,Active,4,5,3,3,No,No,1, TRUE ,FALSE,FALSE,FALSE,<25,1-2 yrs,Analyst,0,Low
EMP1380,Joshua Taylor,joshua.taylor@deloitte.com,Male,2006-01-06,,2013-03-27,Yes,21,3,13,Oceania,Australia,New South Wales,Sydney,Ananya Reddy,ananya.reddy@deloitte.com,Tax & Legal,Legal - Regulatory,CC-TAX-220,53,1973-07-31,,,Full Time,Active,2,4,3,3,No,No,21, TRUE ,FALSE,FALSE,TRUE,45-54,11+ yrs,Director/Partner,4,Medium
EMP1381,Jacob King,jacob.king@deloitte.com,Male,2021-01-29,2021-07-05,,No,0,0,0,Oceania,Australia,New South Wales,Sydney,Lucas Taylor,lucas.taylor@deloitte.com,Enabling Areas,Marketing - Digital Marketing,CC-ENA-836,51,1975-06-02,Voluntary,Organizational Restructure,Full Time,Inactive,4,1,2,1,Yes,Yes,0, FALSE ,TRUE,FALSE,FALSE,45-54,<1 yr,Analyst,4,Medium
EMP1382,William Sharma,william.sharma2@deloitte.com,Male,2010-04-21,2014-03-03,,Yes,4,1,4,Oceania,Australia,South Australia,Adelaide,Georgia Clark,georgia.clark@deloitte.com,Audit & Assurance,Risk Advisory - Technology Risk,CC-AUD-795,44,1982-05-28,Involuntary,Policy Violation,Full Time,Inactive,3,2,4,4,Yes,Yes,4, FALSE ,TRUE,FALSE,TRUE,35-44,3-5 yrs,Consultant,4,Medium
EMP1383,Zoe Tran,zoe.tran3@deloitte.com,Female,2002-07-04,,2013-10-16,Yes,24,3,13,Asia,India,Karnataka,Bengaluru,Hannah Martinez,hannah.martinez@deloitte.com,Audit & Assurance,External Audit - Consumer Audit,CC-AUD-671,61,1964-08-26,,,Full Time,Active,5,4,3,4,No,No,24, TRUE ,FALSE,FALSE,TRUE,55+,11+ yrs,Director/Partner,2,Low
EMP1384,Daniel Gupta,daniel.gupta@deloitte.com,Male,2002-06-03,,2003-04-06,Yes,24,4,23,Oceania,Australia,Western Australia,Perth,Adam Garcia,adam.garcia@deloitte.com,Audit & Assurance,External Audit - Consumer Audit,CC-AUD-190,47,1979-04-18,,,Full Time,Active,3,3,4,3,No,No,24, TRUE ,FALSE,FALSE,TRUE,45-54,11+ yrs,Director/Partner,2,Low
EMP1385,Emma Garcia,emma.garcia2@deloitte.com,Female,2010-05-21,,,Yes,16,2,16,Oceania,Australia,New South Wales,Sydney,Hannah Kim,hannah.kim@deloitte.com,Tax & Legal,Business Tax - Corporate Tax,CC-TAX-134,50,1976-05-25,,,Full Time,Active,3,4,4,4,No,No,16, TRUE ,FALSE,FALSE,TRUE,45-54,11+ yrs,Senior Manager,2,Low
EMP1386,Ananya Young,ananya.young@deloitte.com,Female,2015-04-05,2019-08-07,,Yes,4,0,4,Oceania,Australia,Victoria,Melbourne,Ava Green,ava.green@deloitte.com,Audit & Assurance,Risk Advisory - Regulatory Risk,CC-AUD-273,32,1993-08-23,Voluntary,Better Career Opportunity,Full Time,Inactive,4,5,1,3,Yes,Yes,4, FALSE ,TRUE,FALSE,FALSE,25-34,3-5 yrs,Consultant,4,Medium
EMP1387,Zoe Gupta,zoe.gupta2@deloitte.com,Female,2018-02-17,,,Yes,8,1,8,Oceania,Australia,Victoria,Melbourne,Ananya Reddy,ananya.reddy@deloitte.com,Enabling Areas,Marketing - Digital Marketing,CC-ENA-592,49,1977-03-10,,,Full Time,Active,3,4,4,3,No,No,8, TRUE ,FALSE,FALSE,TRUE,45-54,6-10 yrs,Manager,2,Low
EMP1388,Nisha Kim,nisha.kim2@deloitte.com,Female,2015-04-06,,2018-06-10,Yes,11,3,8,Oceania,Australia,New South Wales,Sydney,Luke Wright,luke.wright@deloitte.com,Tax & Legal,Legal - Regulatory,CC-TAX-680,33,1993-07-17,,,Full Time,Active,3,3,4,2,No,No,11, TRUE ,FALSE,FALSE,TRUE,25-34,11+ yrs,Senior Manager,3,Medium
EMP1389,Leo Kumar,leo.kumar@deloitte.com,Male,2025-07-11,,2026-03-31,Yes,1,0,0,Oceania,Australia,Victoria,Melbourne,Mia Hall,mia.hall@deloitte.com,Enabling Areas,People & Culture - People Operations,CC-ENA-678,60,1965-11-20,,,Full Time,Active,5,3,5,3,No,No,1, TRUE ,FALSE,FALSE,FALSE,55+,1-2 yrs,Analyst,0,Low
EMP1390,Maya Chen,maya.chen@deloitte.com,Female,2026-02-26,2026-04-14,,No,0,0,0,Oceania,Australia,Victoria,Melbourne,Michael Clark,michael.clark@deloitte.com,Enabling Areas,Finance - Financial Planning,CC-ENA-153,25,2000-10-02,Voluntary,Other Personal Reasons,Contractor,Inactive,2,2,3,3,Yes,Yes,0, FALSE ,TRUE,TRUE,FALSE,25-34,<1 yr,Analyst,4,Medium
EMP1391,Sarah Gupta,sarah.gupta2@deloitte.com,Female,2023-05-13,,,Yes,3,0,3,Asia,India,Telangana,Hyderabad,Mia Wong,mia.wong@deloitte.com,Enabling Areas,Marketing - Client Experience,CC-ENA-939,52,1974-01-02,,,Contractor,Active,4,4,3,4,No,No,3, TRUE ,FALSE,FALSE,FALSE,45-54,3-5 yrs,Consultant,0,Low
EMP1392,David Smith,david.smith2@deloitte.com,Male,2023-11-05,,,Yes,3,0,3,Oceania,Australia,Victoria,Melbourne,Laura Patel,laura.patel@deloitte.com,Audit & Assurance,External Audit - Consumer Audit,CC-AUD-137,24,2002-01-28,,,Full Time,Active,3,2,5,3,No,No,3, TRUE ,FALSE,FALSE,FALSE,<25,3-5 yrs,Consultant,2,Low
EMP1393,Jacob Wright,jacob.wright@deloitte.com,Male,2013-01-02,2024-07-11,2016-04-20,Yes,12,5,8,Oceania,Australia,Queensland,Brisbane,Lily Sharma,lily.sharma@deloitte.com,Tax & Legal,Business Tax - Indirect Tax,CC-TAX-518,32,1993-08-22,Voluntary,Better Salary,Full Time,Inactive,2,1,2,4,Yes,Yes,12, FALSE ,TRUE,FALSE,TRUE,25-34,11+ yrs,Senior Manager,7,High
EMP1394,Grace Clark,grace.clark@deloitte.com,Female,2025-03-08,,,Yes,1,0,1,Oceania,Australia,Western Australia,Perth,Georgia Clark,georgia.clark@deloitte.com,Tax & Legal,Business Tax - Corporate Tax,CC-TAX-309,32,1994-07-30,,,Full Time,Active,4,1,2,5,No,No,1, TRUE ,FALSE,FALSE,FALSE,25-34,1-2 yrs,Analyst,3,Medium
EMP1395,Ethan Anderson,ethan.anderson@deloitte.com,Male,2001-09-17,,2014-03-11,Yes,25,3,12,Oceania,Australia,South Australia,Adelaide,Jessica Chen,jessica.chen@deloitte.com,Tax & Legal,Business Tax - Indirect Tax,CC-TAX-967,52,1973-08-23,,,Full Time,Active,2,1,3,4,No,No,25, TRUE ,FALSE,FALSE,TRUE,45-54,11+ yrs,Director/Partner,6,High
EMP1396,Zoe Baker,zoe.baker@deloitte.com,Female,2021-04-24,2026-04-04,2024-07-08,Yes,5,2,2,Oceania,Australia,Victoria,Melbourne,Charlotte Iyer,charlotte.iyer@deloitte.com,Audit & Assurance,External Audit - Financial Services Audit,CC-AUD-511,34,1992-01-10,Involuntary,Performance Issues,Full Time,Inactive,3,2,2,4,Yes,Yes,5, FALSE ,TRUE,FALSE,TRUE,25-34,3-5 yrs,Manager,3,Medium
EMP1397,Ivy Walker,ivy.walker3@deloitte.com,Female,2022-05-06,2024-01-03,,Yes,2,1,2,Oceania,Australia,Victoria,Melbourne,Emily Singh,emily.singh@deloitte.com,Consulting,Human Capital - HR Transformation,CC-CON-447,23,2002-12-24,Voluntary,Better Salary,Full Time,Inactive,3,2,1,2,Yes,Yes,2, FALSE ,TRUE,FALSE,TRUE,<25,1-2 yrs,Consultant,4,Medium
EMP1398,Mia King,mia.king2@deloitte.com,Female,2021-03-21,2025-05-11,2021-10-02,Yes,4,1,4,Asia,India,Karnataka,Bengaluru,Isla Wilson,isla.wilson@deloitte.com,Enabling Areas,People & Culture - Learning & Development,CC-ENA-692,46,1980-06-18,Voluntary,Relocation,Full Time,Inactive,1,2,1,1,Yes,Yes,4, FALSE ,TRUE,FALSE,TRUE,45-54,3-5 yrs,Consultant,8,High
EMP1399,Georgia Martinez,georgia.martinez2@deloitte.com,Female,2016-03-23,,2019-04-17,Yes,10,2,7,Oceania,Australia,Victoria,Melbourne,Henry Nguyen,henry.nguyen@deloitte.com,Tax & Legal,Business Tax - Indirect Tax,CC-TAX-438,33,1992-11-01,,,Full Time,Active,4,2,4,3,No,No,10, TRUE ,FALSE,FALSE,TRUE,25-34,6-10 yrs,Senior Manager,4,Medium
EMP1400,Zoe Chen,zoe.chen2@deloitte.com,Female,2011-12-06,,2024-04-09,Yes,15,3,2,Oceania,Australia,Victoria,Melbourne,Ava Thomas,ava.thomas@deloitte.com,Tax & Legal,Business Tax - Global Employer Services,CC-TAX-166,35,1990-08-17,,,Full Time,Active,3,3,4,4,No,No,15, TRUE ,FALSE,FALSE,TRUE,35-44,11+ yrs,Senior Manager,0,Low
EMP1401,Laura Hall,laura.hall@deloitte.com,Female,2019-09-29,,2024-11-27,Yes,7,3,2,Oceania,Australia,Victoria,Melbourne,Emily Nguyen,emily.nguyen@deloitte.com,Consulting,Technology & Transformation - Cyber,CC-CON-939,33,1992-12-24,,,Full Time,Active,4,3,3,5,No,No,7, TRUE ,FALSE,FALSE,TRUE,25-34,6-10 yrs,Manager,0,Low
EMP1402,Lucy Joshi,lucy.joshi@deloitte.com,Female,2025-02-02,,2025-12-17,Yes,1,0,1,Oceania,Australia,Victoria,Melbourne,Isla King,isla.king@deloitte.com,Audit & Assurance,External Audit - Public Sector Audit,CC-AUD-939,23,2003-06-24,,,Full Time,Active,4,4,4,4,No,No,1, TRUE ,FALSE,FALSE,FALSE,<25,1-2 yrs,Analyst,0,Low
EMP1403,Vikram Chen,vikram.chen@deloitte.com,Male,2021-06-13,,2022-06-21,Yes,5,1,4,Oceania,Australia,Western Australia,Perth,Jacob Smith,jacob.smith@deloitte.com,Consulting,Strategy & Operations - Operations Excellence,CC-CON-838,27,1999-03-21,,,Full Time,Active,3,4,2,3,No,No,5, TRUE ,FALSE,FALSE,TRUE,25-34,3-5 yrs,Manager,3,Medium
EMP1404,Lucas King,lucas.king2@deloitte.com,Male,2021-11-23,,2025-12-30,Yes,5,0,1,Oceania,Australia,New South Wales,Sydney,Sophie Kumar,sophie.kumar@deloitte.com,Tax & Legal,Legal - Commercial Advisory,CC-TAX-857,62,1963-09-07,,,Full Time,Active,3,3,5,3,No,No,5, TRUE ,FALSE,FALSE,FALSE,55+,3-5 yrs,Manager,1,Low
EMP1405,Joshua Kumar,joshua.kumar@deloitte.com,Male,2025-11-11,2025-12-14,,No,0,0,0,Oceania,Australia,Victoria,Melbourne,Georgia Anderson,georgia.anderson@deloitte.com,Audit & Assurance,Risk Advisory - Technology Risk,CC-AUD-878,44,1981-08-04,Voluntary,Flexibility,Full Time,Inactive,1,4,3,2,Yes,Yes,0, FALSE ,TRUE,TRUE,FALSE,35-44,<1 yr,Analyst,3,Medium
EMP1406,Georgia Brown,georgia.brown@deloitte.com,Female,2022-05-28,,,Yes,4,2,4,Oceania,Australia,New South Wales,Sydney,Amelia Mehta,amelia.mehta@deloitte.com,Enabling Areas,People & Culture - Talent Acquisition,CC-ENA-993,28,1997-08-14,,,Contractor,Active,3,2,4,4,No,No,4, TRUE ,FALSE,FALSE,TRUE,25-34,3-5 yrs,Consultant,4,Medium
EMP1407,Rahul Chen,rahul.chen4@deloitte.com,Male,2022-01-08,,2026-04-11,Yes,5,2,0,Oceania,Australia,Victoria,Melbourne,Ethan Anderson,ethan.anderson@deloitte.com,Enabling Areas,Marketing - Digital Marketing,CC-ENA-544,50,1976-03-26,,,Contractor,Active,1,4,3,3,No,No,5, TRUE ,FALSE,FALSE,TRUE,45-54,3-5 yrs,Manager,2,Low
EMP1408,Vikram Park,vikram.park@deloitte.com,Male,2007-07-03,,,Yes,19,2,19,Oceania,Australia,South Australia,Adelaide,Lucas Taylor,lucas.taylor@deloitte.com,Enabling Areas,Technology - Information Security,CC-ENA-643,64,1961-09-27,,,Full Time,Active,4,4,3,1,No,No,19, TRUE ,FALSE,FALSE,TRUE,55+,11+ yrs,Director/Partner,3,Medium
EMP1409,Aisha Mehta,aisha.mehta3@deloitte.com,Female,2015-08-20,,2022-04-21,Yes,11,4,4,Asia,Singapore,Singapore,Singapore,Benjamin Singh,benjamin.singh@deloitte.com,Enabling Areas,Finance - Accounts Payable,CC-ENA-984,38,1988-04-25,,,Full Time,Active,5,5,4,5,No,No,11, TRUE ,FALSE,FALSE,TRUE,35-44,11+ yrs,Senior Manager,2,Low
EMP1410,Thomas Young,thomas.young2@deloitte.com,Male,2016-09-21,,2018-08-10,Yes,10,5,8,Oceania,Australia,Queensland,Brisbane,Sienna King,sienna.king@deloitte.com,Tax & Legal,Legal - Regulatory,CC-TAX-691,55,1970-11-29,,,Full Time,Active,2,3,4,4,No,No,10, TRUE ,FALSE,FALSE,TRUE,55+,6-10 yrs,Senior Manager,4,Medium
EMP1411,Matthew Park,matthew.park2@deloitte.com,Male,2019-02-25,2026-04-07,2025-11-13,Yes,7,3,0,Oceania,Australia,South Australia,Adelaide,Thomas Iyer,thomas.iyer@deloitte.com,Enabling Areas,Technology - IT Operations,CC-ENA-341,33,1992-11-16,Voluntary,Relocation,Full Time,Inactive,2,2,2,1,Yes,Yes,7, FALSE ,TRUE,FALSE,TRUE,25-34,6-10 yrs,Manager,6,High
EMP1412,Leo Nguyen,leo.nguyen@deloitte.com,Male,2005-02-06,,2020-06-30,Yes,21,5,6,Oceania,Australia,Victoria,Melbourne,Oliver Kim,oliver.kim@deloitte.com,Audit & Assurance,External Audit - Financial Services Audit,CC-AUD-551,53,1972-10-03,,,Full Time,Active,4,4,3,5,No,No,21, TRUE ,FALSE,FALSE,TRUE,45-54,11+ yrs,Director/Partner,2,Low
EMP1413,Matthew Green,matthew.green@deloitte.com,Male,2016-10-02,,2020-11-23,Yes,10,1,6,Oceania,Australia,Victoria,Melbourne,Rahul Hall,rahul.hall@deloitte.com,Audit & Assurance,External Audit - Financial Services Audit,CC-AUD-785,64,1962-03-13,,,Full Time,Active,3,3,3,3,No,No,10, TRUE ,FALSE,FALSE,TRUE,55+,6-10 yrs,Senior Manager,2,Low
EMP1414,Alexander Anderson,alexander.anderson2@deloitte.com,Male,2023-03-30,2024-02-11,,Yes,1,1,1,Oceania,Australia,New South Wales,Sydney,Lucas Nair,lucas.nair@deloitte.com,Tax & Legal,Legal - Regulatory,CC-TAX-460,25,2001-07-20,Voluntary,Lack of Career Progression,Full Time,Inactive,5,1,3,2,Yes,Yes,1, FALSE ,TRUE,FALSE,TRUE,25-34,1-2 yrs,Analyst,3,Medium
EMP1415,Liam Chen,liam.chen@deloitte.com,Male,2014-07-22,,2021-02-28,Yes,12,4,5,Asia,India,Telangana,Hyderabad,Georgia Clark,georgia.clark@deloitte.com,Enabling Areas,Technology - Information Security,CC-ENA-297,55,1971-01-09,,,Full Time,Active,3,5,3,5,No,No,12, TRUE ,FALSE,FALSE,TRUE,55+,11+ yrs,Senior Manager,2,Low
EMP1416,Georgia Chen,georgia.chen2@deloitte.com,Female,2025-05-25,,,Yes,1,0,1,Oceania,Australia,Queensland,Brisbane,Grace Park,grace.park@deloitte.com,Tax & Legal,Legal - Employment Law,CC-TAX-315,25,2001-04-16,,,Contractor,Active,4,4,5,2,No,No,1, TRUE ,FALSE,FALSE,FALSE,25-34,1-2 yrs,Analyst,1,Low
EMP1417,Ruby Tran,ruby.tran@deloitte.com,Female,2024-03-11,,,Yes,2,0,2,Oceania,Australia,New South Wales,Sydney,Rahul Hall,rahul.hall@deloitte.com,Tax & Legal,Legal - Employment Law,CC-TAX-526,23,2002-11-05,,,Full Time,Active,5,1,3,2,No,No,2, TRUE ,FALSE,FALSE,FALSE,<25,1-2 yrs,Consultant,3,Medium
EMP1418,Ruby Wright,ruby.wright2@deloitte.com,Female,2007-08-11,,2019-02-04,Yes,19,4,7,Oceania,Australia,New South Wales,Sydney,Henry Joshi,henry.joshi@deloitte.com,Tax & Legal,Legal - Employment Law,CC-TAX-801,45,1981-06-15,,,Full Time,Active,2,4,4,4,No,No,19, TRUE ,FALSE,FALSE,TRUE,45-54,11+ yrs,Director/Partner,4,Medium
EMP1419,Hannah Chen,hannah.chen@deloitte.com,Female,2023-08-05,,2024-08-13,Yes,3,1,2,Oceania,Australia,Victoria,Melbourne,Meera Green,meera.green@deloitte.com,Audit & Assurance,Risk Advisory - Regulatory Risk,CC-AUD-209,25,2000-08-27,,,Full Time,Active,4,3,3,1,No,No,3, TRUE ,FALSE,FALSE,TRUE,25-34,3-5 yrs,Consultant,1,Low
EMP1420,Rohan Wright,rohan.wright2@deloitte.com,Male,2023-09-20,,2024-09-30,Yes,3,1,2,Oceania,Australia,New South Wales,Sydney,Charlotte Iyer,charlotte.iyer@deloitte.com,Consulting,Human Capital - HR Transformation,CC-CON-813,63,1962-09-13,,,Full Time,Active,4,3,2,4,No,No,3, TRUE ,FALSE,FALSE,TRUE,55+,3-5 yrs,Consultant,1,Low
EMP1421,Ananya Nguyen,ananya.nguyen2@deloitte.com,Female,2025-05-19,,,Yes,1,0,1,Oceania,Australia,Queensland,Brisbane,Amelia Mehta,amelia.mehta@deloitte.com,Tax & Legal,Business Tax - Global Employer Services,CC-TAX-696,56,1969-10-27,,,Full Time,Active,5,3,2,2,No,No,1, TRUE ,FALSE,FALSE,FALSE,55+,1-2 yrs,Analyst,2,Low
EMP1422,Isla Young,isla.young@deloitte.com,Female,2017-10-18,,,Yes,9,5,9,Oceania,Australia,Victoria,Melbourne,Sophie Kumar,sophie.kumar@deloitte.com,Consulting,Technology & Transformation - Enterprise Applications,CC-CON-409,53,1973-02-02,,,Contractor,Active,5,2,4,3,No,No,9, TRUE ,FALSE,FALSE,TRUE,45-54,6-10 yrs,Manager,4,Medium
EMP1423,Olivia Iyer,olivia.iyer@deloitte.com,Female,2023-01-13,,,Yes,4,1,4,Oceania,Australia,Queensland,Brisbane,Grace Park,grace.park@deloitte.com,Enabling Areas,Marketing - Client Experience,CC-ENA-434,60,1966-04-15,,,Contractor,Active,5,5,5,3,No,No,4, TRUE ,FALSE,FALSE,TRUE,55+,3-5 yrs,Consultant,2,Low
EMP1424,Emma Park,emma.park@deloitte.com,Female,2018-02-25,,2018-12-06,Yes,8,4,8,Oceania,Australia,Victoria,Melbourne,Emily Singh,emily.singh@deloitte.com,Audit & Assurance,External Audit - Consumer Audit,CC-AUD-287,28,1998-01-08,,,Full Time,Active,4,5,5,4,No,No,8, TRUE ,FALSE,FALSE,TRUE,25-34,6-10 yrs,Manager,2,Low
EMP1425,Ella Wright,ella.wright@deloitte.com,Female,2017-08-18,2020-06-07,,Yes,3,0,3,Asia,India,Telangana,Hyderabad,Oliver Hall,oliver.hall@deloitte.com,Audit & Assurance,Risk Advisory - Internal Audit,CC-AUD-919,46,1979-10-29,Voluntary,Location,Full Time,Inactive,1,2,2,2,Yes,Yes,3, FALSE ,TRUE,FALSE,FALSE,45-54,3-5 yrs,Consultant,6,High
EMP1426,Avery Iyer,avery.iyer@deloitte.com,Non-binary,2013-07-25,,,Yes,13,4,13,Oceania,Australia,Victoria,Melbourne,Adam Garcia,adam.garcia@deloitte.com,Consulting,Technology & Transformation - Data & AI,CC-CON-952,46,1980-03-28,,,Full Time,Active,3,1,4,5,No,No,13, TRUE ,FALSE,FALSE,TRUE,45-54,11+ yrs,Senior Manager,4,Medium
EMP1427,Charlotte Martinez,charlotte.martinez2@deloitte.com,Female,2012-09-21,,2019-06-02,Yes,14,3,7,Asia,Singapore,Singapore,Singapore,Lucas White,lucas.white@deloitte.com,Audit & Assurance,External Audit - Consumer Audit,CC-AUD-964,52,1973-10-14,,,Full Time,Active,4,4,4,4,No,No,14, TRUE ,FALSE,FALSE,TRUE,45-54,11+ yrs,Senior Manager,2,Low
EMP1428,Arjun Clark,arjun.clark2@deloitte.com,Male,2024-02-04,,,Yes,2,0,2,Oceania,Australia,Victoria,Melbourne,Charlotte Patel,charlotte.patel@deloitte.com,Enabling Areas,Marketing - Client Experience,CC-ENA-121,35,1991-05-12,,,Full Time,Active,4,5,5,3,No,No,2, TRUE ,FALSE,FALSE,FALSE,35-44,1-2 yrs,Consultant,0,Low
EMP1429,Henry Reddy,henry.reddy@deloitte.com,Male,2010-05-12,,2016-02-17,Yes,16,5,10,Oceania,Australia,Victoria,Melbourne,Charlotte Green,charlotte.green@deloitte.com,Tax & Legal,Business Tax - Indirect Tax,CC-TAX-824,50,1976-06-29,,,Full Time,Active,4,2,1,3,No,No,16, TRUE ,FALSE,FALSE,TRUE,45-54,11+ yrs,Senior Manager,5,Medium
EMP1430,Samuel Smith,samuel.smith2@deloitte.com,Male,2016-10-26,,,Yes,10,0,10,Oceania,Australia,New South Wales,Sydney,Laura Anderson,laura.anderson@deloitte.com,Tax & Legal,Legal - Employment Law,CC-TAX-616,52,1974-04-03,,,Full Time,Active,4,5,2,2,No,No,10, TRUE ,FALSE,FALSE,FALSE,45-54,6-10 yrs,Senior Manager,5,Medium
EMP1431,Liam Patel,liam.patel@deloitte.com,Male,2003-04-10,,2019-11-13,Yes,23,4,7,Oceania,Australia,Victoria,Melbourne,Charlotte Adams,charlotte.adams@deloitte.com,Audit & Assurance,External Audit - Public Sector Audit,CC-AUD-435,58,1968-01-31,,,Full Time,Active,4,3,2,3,No,No,23, TRUE ,FALSE,FALSE,TRUE,55+,11+ yrs,Director/Partner,3,Medium
EMP1432,Rahul Martin,rahul.martin@deloitte.com,Male,2023-04-18,,2024-06-06,Yes,3,0,2,Oceania,Australia,Queensland,Brisbane,Arjun Anderson,arjun.anderson@deloitte.com,Tax & Legal,Business Tax - Indirect Tax,CC-TAX-166,27,1998-08-14,,,Full Time,Active,4,4,5,2,No,No,3, TRUE ,FALSE,FALSE,FALSE,25-34,3-5 yrs,Consultant,1,Low
EMP1433,Emily Gupta,emily.gupta@deloitte.com,Female,2020-11-27,,,Yes,6,2,6,Oceania,Australia,Victoria,Melbourne,Isla Sharma,isla.sharma@deloitte.com,Consulting,Human Capital - People Analytics,CC-CON-911,52,1974-04-15,,,Contractor,Active,5,4,4,4,No,No,6, TRUE ,FALSE,FALSE,TRUE,45-54,6-10 yrs,Manager,2,Low
EMP1434,Georgia Adams,georgia.adams@deloitte.com,Female,2014-05-12,,2018-06-20,Yes,12,4,8,Asia,India,Telangana,Hyderabad,Leo Kim,leo.kim@deloitte.com,Consulting,Technology & Transformation - Enterprise Applications,CC-CON-720,64,1962-03-15,,,Contractor,Active,5,3,5,2,No,No,12, TRUE ,FALSE,FALSE,TRUE,55+,11+ yrs,Senior Manager,3,Medium
EMP1435,Jessica Lee,jessica.lee@deloitte.com,Female,2010-10-19,,2024-05-01,Yes,16,3,2,Oceania,Australia,Victoria,Melbourne,Hannah Martinez,hannah.martinez@deloitte.com,Consulting,Technology & Transformation - Cyber,CC-CON-527,46,1979-10-22,,,Full Time,Active,3,5,4,4,No,No,16, TRUE ,FALSE,FALSE,TRUE,45-54,11+ yrs,Senior Manager,0,Low
EMP1436,William Anderson,william.anderson@deloitte.com,Male,2013-08-29,,2024-03-11,Yes,13,4,2,Oceania,Australia,New South Wales,Sydney,Isla Tran,isla.tran@deloitte.com,Audit & Assurance,External Audit - Financial Services Audit,CC-AUD-388,53,1972-10-18,,,Full Time,Active,4,4,5,5,No,No,13, TRUE ,FALSE,FALSE,TRUE,45-54,11+ yrs,Senior Manager,0,Low
EMP1437,Emily Brown,emily.brown2@deloitte.com,Female,2020-04-12,,2023-01-26,Yes,6,3,4,Oceania,Australia,South Australia,Adelaide,Adam Garcia,adam.garcia@deloitte.com,Enabling Areas,People & Culture - Talent Acquisition,CC-ENA-112,38,1987-11-05,,,Full Time,Active,4,2,2,3,No,No,6, TRUE ,FALSE,FALSE,TRUE,35-44,6-10 yrs,Manager,5,Medium
EMP1438,Ella Mehta,ella.mehta2@deloitte.com,Female,2005-12-21,,,Yes,21,5,21,Oceania,Australia,Western Australia,Perth,Aisha Tran,aisha.tran@deloitte.com,Enabling Areas,Finance - Commercial Finance,CC-ENA-187,57,1969-01-03,,,Full Time,Active,4,4,2,4,No,No,21, TRUE ,FALSE,FALSE,TRUE,55+,11+ yrs,Director/Partner,3,Medium
EMP1439,Adam Kim,adam.kim@deloitte.com,Male,2022-04-14,,,Yes,4,1,4,Oceania,Australia,New South Wales,Sydney,Emily Nguyen,emily.nguyen@deloitte.com,Consulting,Technology & Transformation - Data & AI,CC-CON-721,58,1968-05-10,,,Full Time,Active,4,4,4,4,No,No,4, TRUE ,FALSE,FALSE,TRUE,55+,3-5 yrs,Consultant,2,Low
EMP1440,Jacob Harris,jacob.harris@deloitte.com,Male,2023-10-19,2024-11-21,,Yes,1,0,1,Oceania,Australia,Victoria,Melbourne,Lucas Taylor,lucas.taylor@deloitte.com,Enabling Areas,Finance - Accounts Payable,CC-ENA-216,23,2002-12-21,Voluntary,Lack of Career Progression,Full Time,Inactive,3,4,1,2,Yes,Yes,1, FALSE ,TRUE,FALSE,FALSE,<25,1-2 yrs,Analyst,2,Low
EMP1441,Emma White,emma.white2@deloitte.com,Female,2015-07-23,,,Yes,11,3,11,Oceania,Australia,Victoria,Melbourne,Nathan Sharma,nathan.sharma@deloitte.com,Tax & Legal,Legal - Regulatory,CC-TAX-295,43,1983-04-06,,,Full Time,Active,4,4,4,4,No,No,11, TRUE ,FALSE,FALSE,TRUE,35-44,11+ yrs,Senior Manager,2,Low
EMP1442,Ava Gupta,ava.gupta@deloitte.com,Female,2016-05-02,,2017-06-09,Yes,10,3,9,Oceania,Australia,Queensland,Brisbane,Ananya Reddy,ananya.reddy@deloitte.com,Consulting,Strategy & Operations - Operations Excellence,CC-CON-467,35,1991-04-22,,,Contractor,Active,4,3,3,3,No,No,10, TRUE ,FALSE,FALSE,TRUE,35-44,6-10 yrs,Senior Manager,2,Low
EMP1443,Olivia Wilson,olivia.wilson2@deloitte.com,Female,2018-07-14,,2024-12-01,Yes,8,1,2,Oceania,Australia,Western Australia,Perth,Hannah Martinez,hannah.martinez@deloitte.com,Consulting,Technology & Transformation - Cyber,CC-CON-139,49,1977-04-22,,,Full Time,Active,4,2,4,5,No,No,8, TRUE ,FALSE,FALSE,TRUE,45-54,6-10 yrs,Manager,2,Low
EMP1444,Lily Lopez,lily.lopez@deloitte.com,Female,2021-04-21,,,Yes,5,1,5,Oceania,Australia,Victoria,Melbourne,Ella Kim,ella.kim@deloitte.com,Consulting,Technology & Transformation - Cyber,CC-CON-418,40,1986-04-11,,,Contractor,Active,4,3,2,3,No,No,5, TRUE ,FALSE,FALSE,TRUE,35-44,3-5 yrs,Manager,3,Medium
EMP1445,William Iyer,william.iyer@deloitte.com,Male,2021-09-20,,2023-08-30,Yes,5,1,3,Oceania,Australia,New South Wales,Sydney,Emily Nguyen,emily.nguyen@deloitte.com,Consulting,Technology & Transformation - Data & AI,CC-CON-260,29,1996-12-28,,,Full Time,Active,3,4,4,4,No,No,5, TRUE ,FALSE,FALSE,TRUE,25-34,3-5 yrs,Manager,0,Low
EMP1446,Lily Brown,lily.brown@deloitte.com,Female,2006-01-14,,2018-06-02,Yes,21,4,8,Oceania,Australia,South Australia,Adelaide,Henry Joshi,henry.joshi@deloitte.com,Audit & Assurance,External Audit - Consumer Audit,CC-AUD-917,50,1975-12-04,,,Full Time,Active,5,4,2,3,No,No,21, TRUE ,FALSE,FALSE,TRUE,45-54,11+ yrs,Director/Partner,3,Medium
EMP1447,Adam Lee,adam.lee@deloitte.com,Male,2006-05-27,,2017-05-15,Yes,20,3,9,Oceania,Australia,Victoria,Melbourne,Jack King,jack.king@deloitte.com,Enabling Areas,Technology - IT Operations,CC-ENA-239,58,1968-05-20,,,Full Time,Active,3,4,5,4,No,No,20, TRUE ,FALSE,FALSE,TRUE,55+,11+ yrs,Director/Partner,2,Low
EMP1448,Jack Lee,jack.lee@deloitte.com,Male,2021-01-01,2025-08-30,,Yes,5,2,5,Asia,India,Telangana,Hyderabad,Charlotte Martin,charlotte.martin@deloitte.com,Enabling Areas,Marketing - Digital Marketing,CC-ENA-129,28,1997-10-25,Voluntary,Better Career Opportunity,Full Time,Inactive,5,4,4,2,Yes,Yes,5, FALSE ,TRUE,FALSE,TRUE,25-34,3-5 yrs,Manager,3,Medium
EMP1449,Lucas Martin,lucas.martin2@deloitte.com,Male,2021-12-07,2025-05-02,,Yes,3,3,3,Oceania,Australia,Western Australia,Perth,Amelia Mehta,amelia.mehta@deloitte.com,Audit & Assurance,External Audit - Financial Services Audit,CC-AUD-469,25,2001-01-20,Voluntary,Company Culture,Full Time,Inactive,2,1,5,2,Yes,Yes,3, FALSE ,TRUE,FALSE,TRUE,25-34,3-5 yrs,Consultant,5,Medium
EMP1450,Ryan Singh,ryan.singh3@deloitte.com,Male,2017-04-23,,2019-03-10,Yes,9,1,7,Oceania,Australia,Western Australia,Perth,Sarah Tran,sarah.tran@deloitte.com,Tax & Legal,Business Tax - Indirect Tax,CC-TAX-911,33,1993-05-14,,,Full Time,Active,4,4,5,3,No,No,9, TRUE ,FALSE,FALSE,TRUE,25-34,6-10 yrs,Manager,2,Low
EMP1451,Lily Patel,lily.patel2@deloitte.com,Female,2018-01-03,,2019-03-04,Yes,9,1,7,Asia,Singapore,Singapore,Singapore,Ananya Reddy,ananya.reddy@deloitte.com,Audit & Assurance,External Audit - Financial Services Audit,CC-AUD-455,55,1970-10-18,,,Full Time,Active,4,4,5,4,No,No,9, TRUE ,FALSE,FALSE,TRUE,55+,6-10 yrs,Manager,2,Low
EMP1452,Benjamin Sharma,benjamin.sharma2@deloitte.com,Male,2022-10-14,,,Yes,4,2,4,Oceania,Australia,Queensland,Brisbane,Sienna King,sienna.king@deloitte.com,Enabling Areas,Finance - Accounts Payable,CC-ENA-365,62,1963-10-27,,,Full Time,Active,4,4,5,3,No,No,4, TRUE ,FALSE,FALSE,TRUE,55+,3-5 yrs,Consultant,2,Low
EMP1453,Ruby Nguyen,ruby.nguyen@deloitte.com,Female,2021-08-22,,2024-04-27,Yes,5,1,2,Oceania,Australia,Victoria,Melbourne,Chloe Thompson,chloe.thompson@deloitte.com,Enabling Areas,Finance - Accounts Payable,CC-ENA-404,52,1974-04-08,,,Full Time,Active,4,2,4,3,No,No,5, TRUE ,FALSE,FALSE,TRUE,45-54,3-5 yrs,Manager,2,Low
EMP1454,Jacob Young,jacob.young2@deloitte.com,Male,2010-03-22,,2025-04-29,Yes,16,4,1,Oceania,Australia,Victoria,Melbourne,Charlotte Adams,charlotte.adams@deloitte.com,Tax & Legal,Business Tax - Indirect Tax,CC-TAX-260,52,1974-03-25,,,Full Time,Active,5,3,5,4,No,No,16, TRUE ,FALSE,FALSE,TRUE,45-54,11+ yrs,Senior Manager,0,Low
EMP1455,Noah Thomas,noah.thomas@deloitte.com,Male,2025-09-22,,,Yes,1,0,1,Oceania,Australia,Victoria,Melbourne,Oscar Lopez,oscar.lopez@deloitte.com,Tax & Legal,Business Tax - Global Employer Services,CC-TAX-588,48,1977-08-31,,,Full Time,Active,3,2,3,1,No,No,1, TRUE ,FALSE,TRUE,FALSE,45-54,1-2 yrs,Analyst,3,Medium
EMP1456,Mia Hall,mia.hall@deloitte.com,Female,2026-03-21,,,No,0,0,0,Oceania,Australia,New South Wales,Sydney,Isla King,isla.king@deloitte.com,Audit & Assurance,Risk Advisory - Technology Risk,CC-AUD-905,64,1962-07-21,,,Full Time,Active,5,4,3,3,No,No,0, TRUE ,FALSE,TRUE,FALSE,55+,<1 yr,Analyst,0,Low
EMP1457,Lucy Adams,lucy.adams@deloitte.com,Female,2015-11-23,,2022-01-26,Yes,11,2,5,Asia,India,Telangana,Hyderabad,Isla King,isla.king@deloitte.com,Audit & Assurance,Risk Advisory - Regulatory Risk,CC-AUD-209,59,1967-07-24,,,Full Time,Active,4,2,3,4,No,No,11, TRUE ,FALSE,FALSE,TRUE,55+,11+ yrs,Senior Manager,4,Medium
EMP1458,James Young,james.young@deloitte.com,Male,2017-09-05,,,Yes,9,2,9,Oceania,Australia,Victoria,Melbourne,Chloe Lee,chloe.lee@deloitte.com,Tax & Legal,Legal - Employment Law,CC-TAX-779,59,1966-11-15,,,Contractor,Active,3,2,4,3,No,No,9, TRUE ,FALSE,FALSE,TRUE,55+,6-10 yrs,Manager,4,Medium
EMP1459,Zoe Brown,zoe.brown@deloitte.com,Female,2006-09-02,,2020-09-08,Yes,20,5,6,Oceania,Australia,New South Wales,Sydney,Meera Martin,meera.martin@deloitte.com,Audit & Assurance,Risk Advisory - Internal Audit,CC-AUD-602,43,1982-08-04,,,Full Time,Active,4,3,3,3,No,No,20, TRUE ,FALSE,FALSE,TRUE,35-44,11+ yrs,Director/Partner,2,Low
EMP1460,Lucas Hall,lucas.hall@deloitte.com,Male,2008-09-05,,2014-01-06,Yes,18,3,13,Oceania,Australia,Victoria,Melbourne,Chloe Thompson,chloe.thompson@deloitte.com,Audit & Assurance,Risk Advisory - Technology Risk,CC-AUD-601,61,1965-03-22,,,Full Time,Active,4,2,3,5,No,No,18, TRUE ,FALSE,FALSE,TRUE,55+,11+ yrs,Director/Partner,4,Medium
EMP1461,Alexander Chen,alexander.chen2@deloitte.com,Male,2017-03-01,,,Yes,9,2,9,Oceania,Australia,Victoria,Melbourne,Ananya Reddy,ananya.reddy@deloitte.com,Consulting,Strategy & Operations - Customer Strategy,CC-CON-672,45,1981-05-19,,,Contractor,Active,3,4,3,4,No,No,9, TRUE ,FALSE,FALSE,TRUE,45-54,6-10 yrs,Manager,2,Low
EMP1462,Rahul Taylor,rahul.taylor2@deloitte.com,Male,2009-05-26,,,Yes,17,4,17,Asia,India,Karnataka,Bengaluru,Leo Walker,leo.walker@deloitte.com,Tax & Legal,Legal - Commercial Advisory,CC-TAX-885,51,1975-06-15,,,Contractor,Active,3,4,4,5,No,No,17, TRUE ,FALSE,FALSE,TRUE,45-54,11+ yrs,Senior Manager,2,Low
EMP1463,Oscar Brown,oscar.brown2@deloitte.com,Male,2018-06-24,2025-05-16,2020-08-29,Yes,7,3,5,Oceania,Australia,Western Australia,Perth,Isla Sharma,isla.sharma@deloitte.com,Tax & Legal,Legal - Commercial Advisory,CC-TAX-351,54,1971-10-16,Voluntary,Better Career Opportunity,Full Time,Inactive,3,3,2,2,Yes,Yes,7, FALSE ,TRUE,FALSE,TRUE,45-54,6-10 yrs,Manager,4,Medium
EMP1464,Laura Lopez,laura.lopez2@deloitte.com,Female,2015-09-26,,,Yes,11,4,11,Oceania,Australia,Victoria,Melbourne,Adam Adams,adam.adams@deloitte.com,Consulting,Strategy & Operations - Operations Excellence,CC-CON-168,54,1972-03-25,,,Full Time,Active,4,1,5,4,No,No,11, TRUE ,FALSE,FALSE,TRUE,45-54,11+ yrs,Senior Manager,4,Medium
EMP1465,Chloe Brown,chloe.brown@deloitte.com,Female,2025-12-12,,,Yes,1,0,1,Asia,Singapore,Singapore,Singapore,Lucas White,lucas.white@deloitte.com,Tax & Legal,Business Tax - Indirect Tax,CC-TAX-443,24,2002-03-16,,,Full Time,Active,2,4,5,2,No,No,1, TRUE ,FALSE,TRUE,FALSE,<25,1-2 yrs,Analyst,3,Medium
EMP1466,Aisha Lopez,aisha.lopez@deloitte.com,Female,2014-05-04,,2022-06-09,Yes,12,3,4,Oceania,Australia,South Australia,Adelaide,Charlotte Patel,charlotte.patel@deloitte.com,Tax & Legal,Legal - Commercial Advisory,CC-TAX-798,39,1987-07-13,,,Full Time,Active,5,3,3,2,No,No,12, TRUE ,FALSE,FALSE,TRUE,35-44,11+ yrs,Senior Manager,3,Medium
EMP1467,Leo Lewis,leo.lewis@deloitte.com,Male,2024-12-03,,,Yes,2,0,2,Oceania,Australia,Victoria,Melbourne,Ava Thomas,ava.thomas@deloitte.com,Enabling Areas,Marketing - Client Experience,CC-ENA-623,39,1987-06-06,,,Full Time,Active,4,5,4,4,No,No,2, TRUE ,FALSE,FALSE,FALSE,35-44,1-2 yrs,Consultant,0,Low
EMP1468,Priya Joshi,priya.joshi@deloitte.com,Female,2008-02-16,2017-01-27,,Yes,9,2,9,Oceania,Australia,New South Wales,Sydney,Mia Nair,mia.nair@deloitte.com,Audit & Assurance,Risk Advisory - Regulatory Risk,CC-AUD-725,38,1988-06-13,Voluntary,No Work-Life Balance,Contractor,Inactive,4,1,3,1,Yes,Yes,9, FALSE ,TRUE,FALSE,TRUE,35-44,6-10 yrs,Manager,5,Medium
EMP1469,Charlotte Martinez,charlotte.martinez3@deloitte.com,Female,2011-08-09,,,Yes,15,5,15,Oceania,Australia,New South Wales,Sydney,Jacob Smith,jacob.smith@deloitte.com,Enabling Areas,Technology - Enterprise Platforms,CC-ENA-905,54,1971-10-15,,,Contractor,Active,4,5,5,5,No,No,15, TRUE ,FALSE,FALSE,TRUE,45-54,11+ yrs,Senior Manager,2,Low
EMP1470,Mia Hall,mia.hall2@deloitte.com,Female,2021-01-24,,,Yes,6,1,6,Oceania,Australia,Victoria,Melbourne,Grace Park,grace.park@deloitte.com,Consulting,Technology & Transformation - Cyber,CC-CON-899,63,1962-10-21,,,Contractor,Active,3,4,5,3,No,No,6, TRUE ,FALSE,FALSE,TRUE,55+,6-10 yrs,Manager,2,Low
EMP1471,Rahul Hall,rahul.hall@deloitte.com,Male,2021-05-25,,2021-12-05,Yes,5,0,5,Oceania,Australia,New South Wales,Sydney,Hannah Hall,hannah.hall@deloitte.com,Audit & Assurance,Risk Advisory - Regulatory Risk,CC-AUD-720,30,1996-07-27,,,Full Time,Active,2,5,1,5,No,No,5, TRUE ,FALSE,FALSE,FALSE,25-34,3-5 yrs,Manager,6,High
EMP1472,Ivy King,ivy.king@deloitte.com,Female,2015-03-06,2022-07-04,2021-09-05,Yes,7,1,1,Oceania,Australia,South Australia,Adelaide,Benjamin Garcia,benjamin.garcia@deloitte.com,Consulting,Strategy & Operations - Operations Excellence,CC-CON-920,61,1965-02-24,Voluntary,Better Career Opportunity,Full Time,Inactive,1,1,3,4,Yes,Yes,7, FALSE ,TRUE,FALSE,TRUE,55+,6-10 yrs,Manager,4,Medium
EMP1473,Noah Taylor,noah.taylor2@deloitte.com,Male,2008-03-04,,,Yes,18,4,18,Oceania,Australia,Queensland,Brisbane,Charlotte Adams,charlotte.adams@deloitte.com,Enabling Areas,Finance - Commercial Finance,CC-ENA-819,38,1988-05-29,,,Full Time,Active,4,3,2,3,No,No,18, TRUE ,FALSE,FALSE,TRUE,35-44,11+ yrs,Director/Partner,3,Medium
EMP1474,Kavya Adams,kavya.adams@deloitte.com,Female,2024-06-15,,,Yes,2,0,2,Oceania,Australia,Victoria,Melbourne,Ruby Adams,ruby.adams@deloitte.com,Tax & Legal,Business Tax - Global Employer Services,CC-TAX-165,21,2005-01-14,,,Contractor,Active,3,4,4,3,No,No,2, TRUE ,FALSE,FALSE,FALSE,<25,1-2 yrs,Consultant,0,Low
EMP1475,Grace Wright,grace.wright2@deloitte.com,Female,2007-09-19,,2013-02-11,Yes,19,2,13,Oceania,Australia,Victoria,Melbourne,Lily Taylor,lily.taylor@deloitte.com,Consulting,Technology & Transformation - Enterprise Applications,CC-CON-815,64,1962-05-20,,,Full Time,Active,5,3,5,4,No,No,19, TRUE ,FALSE,FALSE,TRUE,55+,11+ yrs,Director/Partner,2,Low
EMP1476,Ruby Green,ruby.green2@deloitte.com,Female,2015-10-01,,2020-04-25,Yes,11,1,6,Oceania,Australia,New South Wales,Sydney,Ava Green,ava.green@deloitte.com,Tax & Legal,Legal - Employment Law,CC-TAX-661,53,1972-12-11,,,Full Time,Active,4,3,2,2,No,No,11, TRUE ,FALSE,FALSE,TRUE,45-54,11+ yrs,Senior Manager,4,Medium
EMP1477,Ryan Adams,ryan.adams@deloitte.com,Male,2018-02-27,,2023-09-12,Yes,8,2,3,Oceania,Australia,New South Wales,Sydney,Lucas Tran,lucas.tran@deloitte.com,Enabling Areas,Marketing - Brand & Communications,CC-ENA-675,44,1982-03-14,,,Full Time,Active,3,1,4,5,No,No,8, TRUE ,FALSE,FALSE,TRUE,35-44,6-10 yrs,Manager,2,Low
EMP1478,William Garcia,william.garcia@deloitte.com,Male,2014-10-13,,2023-06-07,Yes,12,5,3,Oceania,Australia,New South Wales,Sydney,Ruby Adams,ruby.adams@deloitte.com,Audit & Assurance,Risk Advisory - Internal Audit,CC-AUD-406,48,1978-01-07,,,Contractor,Active,4,2,1,2,No,No,12, TRUE ,FALSE,FALSE,TRUE,45-54,11+ yrs,Senior Manager,4,Medium
EMP1479,Rahul Wilson,rahul.wilson@deloitte.com,Male,2007-08-20,,,Yes,19,4,19,Oceania,Australia,South Australia,Adelaide,Oscar Lopez,oscar.lopez@deloitte.com,Tax & Legal,Legal - Employment Law,CC-TAX-307,47,1979-06-07,,,Full Time,Active,4,3,5,2,No,No,19, TRUE ,FALSE,FALSE,TRUE,45-54,11+ yrs,Director/Partner,3,Medium
EMP1480,Grace Thomas,grace.thomas3@deloitte.com,Female,2008-07-08,,2009-06-15,Yes,18,3,17,Oceania,Australia,Victoria,Melbourne,Charlotte Martin,charlotte.martin@deloitte.com,Tax & Legal,Legal - Employment Law,CC-TAX-635,55,1971-07-23,,,Contractor,Active,4,3,4,3,No,No,18, TRUE ,FALSE,FALSE,TRUE,55+,11+ yrs,Director/Partner,2,Low
EMP1481,Jack Sharma,jack.sharma@deloitte.com,Male,2021-02-12,,2024-02-28,Yes,5,0,2,Asia,India,Telangana,Hyderabad,Laura Harris,laura.harris@deloitte.com,Enabling Areas,People & Culture - People Operations,CC-ENA-347,25,2000-12-20,,,Full Time,Active,3,5,5,5,No,No,5, TRUE ,FALSE,FALSE,FALSE,25-34,3-5 yrs,Manager,1,Low
EMP1482,Sienna King,sienna.king@deloitte.com,Female,2024-05-04,,,Yes,2,0,2,Oceania,Australia,Victoria,Melbourne,Isla King,isla.king@deloitte.com,Enabling Areas,People & Culture - People Operations,CC-ENA-225,63,1962-11-13,,,Full Time,Active,4,4,5,4,No,No,2, TRUE ,FALSE,FALSE,FALSE,55+,1-2 yrs,Consultant,0,Low
EMP1483,Rohan Thompson,rohan.thompson2@deloitte.com,Male,2020-09-06,,,Yes,6,2,6,Oceania,Australia,Victoria,Melbourne,Hannah Kim,hannah.kim@deloitte.com,Tax & Legal,Business Tax - Indirect Tax,CC-TAX-704,37,1989-03-06,,,Full Time,Active,4,3,4,4,No,No,6, TRUE ,FALSE,FALSE,TRUE,35-44,6-10 yrs,Manager,2,Low
EMP1484,Noah Thomas,noah.thomas2@deloitte.com,Male,2026-06-05,,,No,0,0,0,Oceania,Australia,Western Australia,Perth,Mia Wong,mia.wong@deloitte.com,Audit & Assurance,External Audit - Financial Services Audit,CC-AUD-652,21,2004-10-07,,,Contractor,Active,5,3,2,2,No,No,0, TRUE ,FALSE,TRUE,FALSE,<25,<1 yr,Analyst,2,Low
EMP1485,Jacob Singh,jacob.singh2@deloitte.com,Male,2025-08-30,,,Yes,1,0,1,Oceania,Australia,Queensland,Brisbane,Mia Hall,mia.hall@deloitte.com,Consulting,Technology & Transformation - Enterprise Applications,CC-CON-444,61,1964-09-08,,,Full Time,Active,4,3,4,4,No,No,1, TRUE ,FALSE,TRUE,FALSE,55+,1-2 yrs,Analyst,0,Low
EMP1486,Riley Wilson,riley.wilson@deloitte.com,Non-binary,2012-11-30,,2018-10-20,Yes,14,5,8,Oceania,Australia,Victoria,Melbourne,Arjun Anderson,arjun.anderson@deloitte.com,Tax & Legal,Business Tax - Global Employer Services,CC-TAX-380,54,1971-10-19,,,Full Time,Active,5,2,5,4,No,No,14, TRUE ,FALSE,FALSE,TRUE,45-54,11+ yrs,Senior Manager,4,Medium
EMP1487,Ananya Taylor,ananya.taylor@deloitte.com,Female,2016-07-21,,2025-04-25,Yes,10,0,1,Asia,India,Telangana,Hyderabad,Rohan Gupta,rohan.gupta@deloitte.com,Enabling Areas,People & Culture - Talent Acquisition,CC-ENA-371,52,1973-12-22,,,Full Time,Active,3,3,4,2,No,No,10, TRUE ,FALSE,FALSE,FALSE,45-54,6-10 yrs,Senior Manager,2,Low
EMP1488,Liam Mehta,liam.mehta2@deloitte.com,Male,2024-12-30,,,Yes,2,0,2,Oceania,Australia,Victoria,Melbourne,Adam Adams,adam.adams@deloitte.com,Tax & Legal,Legal - Employment Law,CC-TAX-551,51,1974-09-19,,,Full Time,Active,3,3,4,3,No,No,2, TRUE ,FALSE,FALSE,FALSE,45-54,1-2 yrs,Consultant,0,Low
EMP1489,Priya Adams,priya.adams2@deloitte.com,Female,2012-12-03,2021-09-28,2014-08-08,Yes,9,1,7,Asia,India,Telangana,Hyderabad,Rohan Gupta,rohan.gupta@deloitte.com,Tax & Legal,Business Tax - Indirect Tax,CC-TAX-824,56,1969-09-24,Voluntary,Better Career Opportunity,Full Time,Inactive,1,1,1,1,Yes,Yes,9, FALSE ,TRUE,FALSE,TRUE,55+,6-10 yrs,Manager,8,High
EMP1490,Samuel King,samuel.king2@deloitte.com,Male,2019-08-03,,,Yes,7,3,7,Oceania,Australia,New South Wales,Sydney,Charlotte Green,charlotte.green@deloitte.com,Audit & Assurance,External Audit - Financial Services Audit,CC-AUD-717,57,1968-08-26,,,Full Time,Active,5,5,3,5,No,No,7, TRUE ,FALSE,FALSE,TRUE,55+,6-10 yrs,Manager,2,Low
EMP1491,Jack Walker,jack.walker@deloitte.com,Male,2010-11-15,,2026-05-06,Yes,16,1,0,Oceania,Australia,New South Wales,Sydney,Mia Wong,mia.wong@deloitte.com,Audit & Assurance,External Audit - Financial Services Audit,CC-AUD-953,49,1977-01-25,,,Full Time,Active,5,3,4,4,No,No,16, TRUE ,FALSE,FALSE,TRUE,45-54,11+ yrs,Senior Manager,0,Low
EMP1492,Noah Smith,noah.smith@deloitte.com,Male,2010-03-04,,2017-03-03,Yes,16,2,9,Oceania,Australia,Queensland,Brisbane,Lucas Tran,lucas.tran@deloitte.com,Audit & Assurance,External Audit - Public Sector Audit,CC-AUD-878,38,1987-12-07,,,Full Time,Active,5,4,4,3,No,No,16, TRUE ,FALSE,FALSE,TRUE,35-44,11+ yrs,Senior Manager,2,Low
EMP1493,Lucy Joshi,lucy.joshi2@deloitte.com,Female,2010-09-20,,2025-04-12,Yes,16,4,1,Oceania,Australia,Victoria,Melbourne,Rohan Gupta,rohan.gupta@deloitte.com,Audit & Assurance,External Audit - Public Sector Audit,CC-AUD-868,46,1980-04-13,,,Full Time,Active,3,1,2,1,No,No,16, TRUE ,FALSE,FALSE,TRUE,45-54,11+ yrs,Senior Manager,4,Medium
EMP1494,Aisha Young,aisha.young3@deloitte.com,Female,2015-05-07,,2021-03-05,Yes,11,3,5,Oceania,Australia,New South Wales,Sydney,Isla Wilson,isla.wilson@deloitte.com,Tax & Legal,Legal - Regulatory,CC-TAX-128,61,1964-10-11,,,Full Time,Active,3,3,4,3,No,No,11, TRUE ,FALSE,FALSE,TRUE,55+,11+ yrs,Senior Manager,2,Low
EMP1495,Olivia Kumar,olivia.kumar2@deloitte.com,Female,2020-01-04,,,Yes,7,0,7,Oceania,Australia,New South Wales,Sydney,Benjamin Singh,benjamin.singh@deloitte.com,Audit & Assurance,Risk Advisory - Technology Risk,CC-AUD-937,43,1983-06-29,,,Contractor,Active,5,3,4,4,No,No,7, TRUE ,FALSE,FALSE,FALSE,35-44,6-10 yrs,Manager,3,Medium
EMP1496,Matthew Kumar,matthew.kumar3@deloitte.com,Male,2017-09-29,,,Yes,9,1,9,Oceania,Australia,Western Australia,Perth,Isla Tran,isla.tran@deloitte.com,Tax & Legal,Business Tax - Corporate Tax,CC-TAX-683,43,1983-07-27,,,Contractor,Active,5,4,4,4,No,No,9, TRUE ,FALSE,FALSE,TRUE,35-44,6-10 yrs,Manager,2,Low
EMP1497,Hannah Harris,hannah.harris2@deloitte.com,Female,2019-01-23,,2026-02-22,Yes,8,2,0,Oceania,Australia,New South Wales,Sydney,Chloe Lee,chloe.lee@deloitte.com,Tax & Legal,Business Tax - Indirect Tax,CC-TAX-247,32,1993-10-05,,,Full Time,Active,5,3,2,4,No,No,8, TRUE ,FALSE,FALSE,TRUE,25-34,6-10 yrs,Manager,1,Low
EMP1498,Jessica Anderson,jessica.anderson2@deloitte.com,Female,2012-09-24,,2017-09-18,Yes,14,3,9,Oceania,Australia,Victoria,Melbourne,Rohan Gupta,rohan.gupta@deloitte.com,Tax & Legal,Business Tax - Corporate Tax,CC-TAX-833,35,1991-04-07,,,Full Time,Active,5,4,5,4,No,No,14, TRUE ,FALSE,FALSE,TRUE,35-44,11+ yrs,Senior Manager,2,Low
EMP1499,David Wright,david.wright@deloitte.com,Male,2024-08-20,,,Yes,2,1,2,Asia,Singapore,Singapore,Singapore,Adam Garcia,adam.garcia@deloitte.com,Enabling Areas,Marketing - Digital Marketing,CC-ENA-803,22,2004-03-23,,,Full Time,Active,4,2,5,3,No,No,2, TRUE ,FALSE,FALSE,TRUE,<25,1-2 yrs,Consultant,2,Low
EMP1500,Meera Iyer,meera.iyer@deloitte.com,Female,2013-11-04,,,Yes,13,3,13,Oceania,Australia,New South Wales,Sydney,Sarah Wright,sarah.wright@deloitte.com,Tax & Legal,Business Tax - Global Employer Services,CC-TAX-434,46,1980-02-10,,,Full Time,Active,3,3,4,3,No,No,13, TRUE ,FALSE,FALSE,TRUE,45-54,11+ yrs,Senior Manager,2,Low
